layer_0,0,NOP-STORE-STAGE,STORE,0,0,1,0,0,0,1,0,pc=0 NOP-STORE-STAGE,,,,,,,,,,,,,,,,,,,,,,,,,,,,,,,,,,,,,,,,,
layer_0,1,NOP-STORE-STAGE,STORE,0,0,1,0,0,0,2,0,pc=1 NOP-STORE-STAGE,,,,,,,,,,,,,,,,,,,,,,,,,,,,,,,,,,,,,,,,,
layer_0,2,LOAD UOP,COMPUTE,0,1,0,0,0,0,1,0,pc=2 LOAD UOP,,,,,,,,,0x18580000,0x0000,MEMORY READ,,,,,,,1,8,8,0,0,0,0,,,,,,,,,,,,,,,,,
layer_0,3,GEMM,COMPUTE,0,0,1,0,0,1,1,0,pc=3 GEMM,,,,,,,,,,,,,,,,,,,,,,,,,1,0,8,56,0,0,1,2,0,0,448,,,,,,
layer_0,4,LOAD UOP,COMPUTE,0,1,0,0,0,1,0,0,pc=4 LOAD UOP,,,,,,,,,0x18580008,0x0008,MEMORY READ,,,,,,,1,8,8,0,0,0,0,,,,,,,,,,,,,,,,,
layer_0,5,GEMM,COMPUTE,0,0,1,0,0,2,0,0,pc=5 GEMM,,,,,,,,,,,,,,,,,,,,,,,,,1,8,16,56,0,0,1,2,0,0,448,,,,,,
layer_0,6,LOAD INP,LOAD,0,1,0,0,0,1,0,0,pc=6 LOAD INP,,,,,,,,,0x06000000,0x0000,MEMORY READ,,,,,,,9,56,56,1,0,1,1,,,,,,,,,,,,,,,,,
layer_0,7,LOAD WGT,LOAD,0,0,0,1,1,1,0,0,pc=7 LOAD WGT,,,,,,,,,0x005fcc00,0x0000,MEMORY READ,,,,,,,2,9,36,0,0,0,0,,,,,,,,,,,,,,,,,
layer_0,8,LOAD INP,LOAD,0,1,0,0,1,0,0,0,pc=8 LOAD INP,,,,,,,,,0x06000000,0x0244,MEMORY READ,,,,,,,9,56,56,1,0,1,1,,,,,,,,,,,,,,,,,
layer_0,9,LOAD WGT,LOAD,0,0,0,1,2,0,0,0,pc=9 LOAD WGT,,,,,,,,,0x005fcc48,0x0012,MEMORY READ,,,,,,,2,9,36,0,0,0,0,,,,,,,,,,,,,,,,,
layer_0,10,LOAD UOP,COMPUTE,1,0,0,0,1,0,0,0,pc=10 LOAD UOP,,,,,,,,,0x18580010,0x0010,MEMORY READ,,,,,,,1,48,48,0,0,0,0,,,,,,,,,,,,,,,,,
layer_0,11,GEMM,COMPUTE,0,0,1,0,1,1,0,0,pc=11 GEMM,,,,,,,,,,,,,,,,,,,,,,,,,0,16,64,56,0,1,1,3,1,1,0,,,,,,
layer_0,12,LOAD UOP,COMPUTE,1,0,0,0,0,1,0,0,pc=12 LOAD UOP,,,,,,,,,0x18580040,0x0040,MEMORY READ,,,,,,,1,48,48,0,0,0,0,,,,,,,,,,,,,,,,,
layer_0,13,GEMM,COMPUTE,0,0,1,0,0,2,0,0,pc=13 GEMM,,,,,,,,,,,,,,,,,,,,,,,,,0,64,112,56,0,1,1,3,1,1,0,,,,,,
layer_0,14,LOAD INP,LOAD,0,1,0,0,0,1,0,0,pc=14 LOAD INP,,,,,,,,,0x06000c40,0x0000,MEMORY READ,,,,,,,9,56,56,1,0,1,1,,,,,,,,,,,,,,,,,
layer_0,15,LOAD WGT,LOAD,0,0,0,1,1,1,0,0,pc=15 LOAD WGT,,,,,,,,,0x005fcc09,0x0000,MEMORY READ,,,,,,,2,9,36,0,0,0,0,,,,,,,,,,,,,,,,,
layer_0,16,LOAD INP,LOAD,0,1,0,0,1,0,0,0,pc=16 LOAD INP,,,,,,,,,0x06000c40,0x0244,MEMORY READ,,,,,,,9,56,56,1,0,1,1,,,,,,,,,,,,,,,,,
layer_0,17,LOAD WGT,LOAD,0,0,0,1,2,0,0,0,pc=17 LOAD WGT,,,,,,,,,0x005fcc51,0x0012,MEMORY READ,,,,,,,2,9,36,0,0,0,0,,,,,,,,,,,,,,,,,
layer_0,18,GEMM,COMPUTE,1,0,1,0,1,1,0,0,pc=18 GEMM,,,,,,,,,,,,,,,,,,,,,,,,,0,16,64,56,0,1,1,3,1,1,0,,,,,,
layer_0,19,GEMM,COMPUTE,1,0,1,0,0,2,0,0,pc=19 GEMM,,,,,,,,,,,,,,,,,,,,,,,,,0,64,112,56,0,1,1,3,1,1,0,,,,,,
layer_0,20,LOAD INP,LOAD,0,1,0,0,0,1,0,0,pc=20 LOAD INP,,,,,,,,,0x06001880,0x0000,MEMORY READ,,,,,,,9,56,56,1,0,1,1,,,,,,,,,,,,,,,,,
layer_0,21,LOAD WGT,LOAD,0,0,0,1,1,1,0,0,pc=21 LOAD WGT,,,,,,,,,0x005fcc12,0x0000,MEMORY READ,,,,,,,2,9,36,0,0,0,0,,,,,,,,,,,,,,,,,
layer_0,22,LOAD INP,LOAD,0,1,0,0,1,0,0,0,pc=22 LOAD INP,,,,,,,,,0x06001880,0x0244,MEMORY READ,,,,,,,9,56,56,1,0,1,1,,,,,,,,,,,,,,,,,
layer_0,23,LOAD WGT,LOAD,0,0,0,1,2,0,0,0,pc=23 LOAD WGT,,,,,,,,,0x005fcc5a,0x0012,MEMORY READ,,,,,,,2,9,36,0,0,0,0,,,,,,,,,,,,,,,,,
layer_0,24,GEMM,COMPUTE,1,0,1,0,1,1,0,0,pc=24 GEMM,,,,,,,,,,,,,,,,,,,,,,,,,0,16,64,56,0,1,1,3,1,1,0,,,,,,
layer_0,25,GEMM,COMPUTE,1,0,1,0,0,2,0,0,pc=25 GEMM,,,,,,,,,,,,,,,,,,,,,,,,,0,64,112,56,0,1,1,3,1,1,0,,,,,,
layer_0,26,LOAD INP,LOAD,0,1,0,0,0,1,0,0,pc=26 LOAD INP,,,,,,,,,0x060024c0,0x0000,MEMORY READ,,,,,,,9,56,56,1,0,1,1,,,,,,,,,,,,,,,,,
layer_0,27,LOAD WGT,LOAD,0,0,0,1,1,1,0,0,pc=27 LOAD WGT,,,,,,,,,0x005fcc1b,0x0000,MEMORY READ,,,,,,,2,9,36,0,0,0,0,,,,,,,,,,,,,,,,,
layer_0,28,LOAD INP,LOAD,0,1,0,0,1,0,0,0,pc=28 LOAD INP,,,,,,,,,0x060024c0,0x0244,MEMORY READ,,,,,,,9,56,56,1,0,1,1,,,,,,,,,,,,,,,,,
layer_0,29,LOAD WGT,LOAD,0,0,0,1,2,0,0,0,pc=29 LOAD WGT,,,,,,,,,0x005fcc63,0x0012,MEMORY READ,,,,,,,2,9,36,0,0,0,0,,,,,,,,,,,,,,,,,
layer_0,30,GEMM,COMPUTE,1,0,1,0,1,1,0,0,pc=30 GEMM,,,,,,,,,,,,,,,,,,,,,,,,,0,16,64,56,0,1,1,3,1,1,0,,,,,,
layer_0,31,GEMM,COMPUTE,1,0,1,0,0,2,0,0,pc=31 GEMM,,,,,,,,,,,,,,,,,,,,,,,,,0,64,112,56,0,1,1,3,1,1,0,,,,,,
layer_0,32,NOP-MEMORY-STAGE,LOAD,0,1,0,0,0,1,0,0,pc=32 NOP-MEMORY-STAGE,,,,,,,,,,,,,,,,,,,,,,,,,,,,,,,,,,,,,,,,,
layer_0,33,LOAD ACC,COMPUTE,0,0,0,0,0,1,0,0,pc=33 LOAD ACC,,,,,,,,,0x005e2740,0x0380,MEMORY READ,,,,,,,1,2,2,0,0,0,0,,,,,,,,,,,,,,,,,
layer_0,34,LOAD UOP,COMPUTE,0,0,0,0,0,1,0,0,pc=34 LOAD UOP,,,,,,,,,0x18580070,0x0070,MEMORY READ,,,,,,,1,1,1,0,0,0,0,,,,,,,,,,,,,,,,,
layer_0,35,ALU - add,COMPUTE,0,0,0,0,0,1,0,0,pc=35 ALU - add,,,,,,,,,,,,,,,,,,,,,,,,,0,112,113,,,,,,,,,2,448,1,448,1,0
layer_0,36,LOAD UOP,COMPUTE,0,0,0,0,0,1,0,0,pc=36 LOAD UOP,,,,,,,,,0x18580071,0x0071,MEMORY READ,,,,,,,1,1,1,0,0,0,0,,,,,,,,,,,,,,,,,
layer_0,37,ALU - max imm,COMPUTE,0,0,0,0,0,1,0,0,pc=37 ALU - max imm,,,,,,,,,,,,,,,,,,,,,,,,,0,113,114,,,,,,,,,1,0,0,896,1,1
layer_0,38,LOAD UOP,COMPUTE,0,0,0,0,0,1,0,0,pc=38 LOAD UOP,,,,,,,,,0x18580072,0x0072,MEMORY READ,,,,,,,1,1,1,0,0,0,0,,,,,,,,,,,,,,,,,
layer_0,39,ALU - add imm,COMPUTE,0,0,0,0,0,1,0,0,pc=39 ALU - add imm,,,,,,,,,,,,,,,,,,,,,,,,,0,114,115,,,,,,,,,1,0,0,896,1,1
layer_0,40,LOAD UOP,COMPUTE,0,0,0,0,0,1,0,0,pc=40 LOAD UOP,,,,,,,,,0x18580073,0x0073,MEMORY READ,,,,,,,1,1,1,0,0,0,0,,,,,,,,,,,,,,,,,
layer_0,41,ALU - shr,COMPUTE,0,0,0,0,0,1,0,0,pc=41 ALU - shr,,,,,,,,,,,,,,,,,,,,,,,,,0,115,116,,,,,,,,,1,0,0,896,1,1
layer_0,42,LOAD UOP,COMPUTE,0,0,0,0,0,1,0,0,pc=42 LOAD UOP,,,,,,,,,0x18580074,0x0074,MEMORY READ,,,,,,,1,1,1,0,0,0,0,,,,,,,,,,,,,,,,,
layer_0,43,ALU - min imm,COMPUTE,0,0,0,0,0,1,0,0,pc=43 ALU - min imm,,,,,,,,,,,,,,,,,,,,,,,,,0,116,117,,,,,,,,,1,0,0,896,1,1
layer_0,44,LOAD UOP,COMPUTE,0,0,0,0,0,1,0,0,pc=44 LOAD UOP,,,,,,,,,0x18580075,0x0075,MEMORY READ,,,,,,,1,1,1,0,0,0,0,,,,,,,,,,,,,,,,,
layer_0,45,ALU - max imm,COMPUTE,0,0,0,1,0,1,0,1,pc=45 ALU - max imm,,,,,,,,,,,,,,,,,,,,,,,,,0,117,118,,,,,,,,,1,0,0,896,1,1
layer_0,46,LOAD ACC,COMPUTE,0,0,0,0,0,1,0,1,pc=46 LOAD ACC,,,,,,,,,0x005e2742,0x0702,MEMORY READ,,,,,,,1,2,2,0,0,0,0,,,,,,,,,,,,,,,,,
layer_0,47,LOAD UOP,COMPUTE,0,0,0,0,0,1,0,1,pc=47 LOAD UOP,,,,,,,,,0x18580076,0x0076,MEMORY READ,,,,,,,1,1,1,0,0,0,0,,,,,,,,,,,,,,,,,
layer_0,48,ALU - add,COMPUTE,0,0,0,0,0,1,0,1,pc=48 ALU - add,,,,,,,,,,,,,,,,,,,,,,,,,0,118,119,,,,,,,,,2,448,1,448,1,0
layer_0,49,LOAD UOP,COMPUTE,0,0,0,0,0,1,0,1,pc=49 LOAD UOP,,,,,,,,,0x18580077,0x0077,MEMORY READ,,,,,,,1,1,1,0,0,0,0,,,,,,,,,,,,,,,,,
layer_0,50,ALU - max imm,COMPUTE,0,0,0,0,0,1,0,1,pc=50 ALU - max imm,,,,,,,,,,,,,,,,,,,,,,,,,0,119,120,,,,,,,,,1,0,0,896,1,1
layer_0,51,LOAD UOP,COMPUTE,0,0,0,0,0,1,0,1,pc=51 LOAD UOP,,,,,,,,,0x18580078,0x0078,MEMORY READ,,,,,,,1,1,1,0,0,0,0,,,,,,,,,,,,,,,,,
layer_0,52,ALU - add imm,COMPUTE,0,0,0,0,0,1,0,1,pc=52 ALU - add imm,,,,,,,,,,,,,,,,,,,,,,,,,0,120,121,,,,,,,,,1,0,0,896,1,1
layer_0,53,LOAD UOP,COMPUTE,0,0,0,0,0,1,0,1,pc=53 LOAD UOP,,,,,,,,,0x18580079,0x0079,MEMORY READ,,,,,,,1,1,1,0,0,0,0,,,,,,,,,,,,,,,,,
layer_0,54,ALU - shr,COMPUTE,0,0,0,0,0,1,0,1,pc=54 ALU - shr,,,,,,,,,,,,,,,,,,,,,,,,,0,121,122,,,,,,,,,1,0,0,896,1,1
layer_0,55,LOAD UOP,COMPUTE,0,0,0,0,0,1,0,1,pc=55 LOAD UOP,,,,,,,,,0x1858007a,0x007a,MEMORY READ,,,,,,,1,1,1,0,0,0,0,,,,,,,,,,,,,,,,,
layer_0,56,ALU - min imm,COMPUTE,0,0,0,0,0,1,0,1,pc=56 ALU - min imm,,,,,,,,,,,,,,,,,,,,,,,,,0,122,123,,,,,,,,,1,0,0,896,1,1
layer_0,57,LOAD UOP,COMPUTE,0,0,0,0,0,1,0,1,pc=57 LOAD UOP,,,,,,,,,0x1858007b,0x007b,MEMORY READ,,,,,,,1,1,1,0,0,0,0,,,,,,,,,,,,,,,,,
layer_0,58,ALU - max imm,COMPUTE,0,0,0,1,0,1,0,2,pc=58 ALU - max imm,,,,,,,,,,,,,,,,,,,,,,,,,0,123,124,,,,,,,,,1,0,0,896,1,1
layer_0,59,STORE,STORE,1,0,1,0,0,1,1,1,pc=59 STORE,,,,,,,,,0x06050000,0x0000,MEMORY WRITE,,,,,,,2,448,3136,0,0,0,0,,,,,,,,,,,,,,,,,
layer_0,60,STORE,STORE,1,0,1,0,0,1,2,0,pc=60 STORE,,,,,,,,,0x06051880,0x0382,MEMORY WRITE,,,,,,,2,448,3136,0,0,0,0,,,,,,,,,,,,,,,,,
layer_0,61,GEMM,COMPUTE,0,1,1,0,0,2,1,0,pc=61 GEMM,,,,,,,,,,,,,,,,,,,,,,,,,1,0,8,56,0,0,1,2,0,0,448,,,,,,
layer_0,62,GEMM,COMPUTE,0,1,1,0,0,3,0,0,pc=62 GEMM,,,,,,,,,,,,,,,,,,,,,,,,,1,8,16,56,0,0,1,2,0,0,448,,,,,,
layer_0,63,NOP-MEMORY-STAGE,LOAD,0,1,0,0,0,2,0,0,pc=63 NOP-MEMORY-STAGE,,,,,,,,,,,,,,,,,,,,,,,,,,,,,,,,,,,,,,,,,
layer_0,64,LOAD INP,LOAD,0,1,0,0,0,1,0,0,pc=64 LOAD INP,,,,,,,,,0x06000188,0x0000,MEMORY READ,,,,,,,10,56,56,0,0,1,1,,,,,,,,,,,,,,,,,
layer_0,65,LOAD WGT,LOAD,0,0,0,1,1,1,0,0,pc=65 LOAD WGT,,,,,,,,,0x005fcc00,0x0000,MEMORY READ,,,,,,,2,9,36,0,0,0,0,,,,,,,,,,,,,,,,,
layer_0,66,LOAD INP,LOAD,0,1,0,0,1,0,0,0,pc=66 LOAD INP,,,,,,,,,0x06000188,0x0244,MEMORY READ,,,,,,,10,56,56,0,0,1,1,,,,,,,,,,,,,,,,,
layer_0,67,LOAD WGT,LOAD,0,0,0,1,2,0,0,0,pc=67 LOAD WGT,,,,,,,,,0x005fcc48,0x0012,MEMORY READ,,,,,,,2,9,36,0,0,0,0,,,,,,,,,,,,,,,,,
layer_0,68,GEMM,COMPUTE,1,0,1,0,1,1,0,0,pc=68 GEMM,,,,,,,,,,,,,,,,,,,,,,,,,0,16,64,56,0,1,1,3,1,1,0,,,,,,
layer_0,69,GEMM,COMPUTE,1,0,1,0,0,2,0,0,pc=69 GEMM,,,,,,,,,,,,,,,,,,,,,,,,,0,64,112,56,0,1,1,3,1,1,0,,,,,,
layer_0,70,LOAD INP,LOAD,0,1,0,0,0,1,0,0,pc=70 LOAD INP,,,,,,,,,0x06000dc8,0x0000,MEMORY READ,,,,,,,10,56,56,0,0,1,1,,,,,,,,,,,,,,,,,
layer_0,71,LOAD WGT,LOAD,0,0,0,1,1,1,0,0,pc=71 LOAD WGT,,,,,,,,,0x005fcc09,0x0000,MEMORY READ,,,,,,,2,9,36,0,0,0,0,,,,,,,,,,,,,,,,,
layer_0,72,LOAD INP,LOAD,0,1,0,0,1,0,0,0,pc=72 LOAD INP,,,,,,,,,0x06000dc8,0x0244,MEMORY READ,,,,,,,10,56,56,0,0,1,1,,,,,,,,,,,,,,,,,
layer_0,73,LOAD WGT,LOAD,0,0,0,1,2,0,0,0,pc=73 LOAD WGT,,,,,,,,,0x005fcc51,0x0012,MEMORY READ,,,,,,,2,9,36,0,0,0,0,,,,,,,,,,,,,,,,,
layer_0,74,GEMM,COMPUTE,1,0,1,0,1,1,0,0,pc=74 GEMM,,,,,,,,,,,,,,,,,,,,,,,,,0,16,64,56,0,1,1,3,1,1,0,,,,,,
layer_0,75,GEMM,COMPUTE,1,0,1,0,0,2,0,0,pc=75 GEMM,,,,,,,,,,,,,,,,,,,,,,,,,0,64,112,56,0,1,1,3,1,1,0,,,,,,
layer_0,76,LOAD INP,LOAD,0,1,0,0,0,1,0,0,pc=76 LOAD INP,,,,,,,,,0x06001a08,0x0000,MEMORY READ,,,,,,,10,56,56,0,0,1,1,,,,,,,,,,,,,,,,,
layer_0,77,LOAD WGT,LOAD,0,0,0,1,1,1,0,0,pc=77 LOAD WGT,,,,,,,,,0x005fcc12,0x0000,MEMORY READ,,,,,,,2,9,36,0,0,0,0,,,,,,,,,,,,,,,,,
layer_0,78,LOAD INP,LOAD,0,1,0,0,1,0,0,0,pc=78 LOAD INP,,,,,,,,,0x06001a08,0x0244,MEMORY READ,,,,,,,10,56,56,0,0,1,1,,,,,,,,,,,,,,,,,
layer_0,79,LOAD WGT,LOAD,0,0,0,1,2,0,0,0,pc=79 LOAD WGT,,,,,,,,,0x005fcc5a,0x0012,MEMORY READ,,,,,,,2,9,36,0,0,0,0,,,,,,,,,,,,,,,,,
layer_0,80,GEMM,COMPUTE,1,0,1,0,1,1,0,0,pc=80 GEMM,,,,,,,,,,,,,,,,,,,,,,,,,0,16,64,56,0,1,1,3,1,1,0,,,,,,
layer_0,81,GEMM,COMPUTE,1,0,1,0,0,2,0,0,pc=81 GEMM,,,,,,,,,,,,,,,,,,,,,,,,,0,64,112,56,0,1,1,3,1,1,0,,,,,,
layer_0,82,LOAD INP,LOAD,0,1,0,0,0,1,0,0,pc=82 LOAD INP,,,,,,,,,0x06002648,0x0000,MEMORY READ,,,,,,,10,56,56,0,0,1,1,,,,,,,,,,,,,,,,,
layer_0,83,LOAD WGT,LOAD,0,0,0,1,1,1,0,0,pc=83 LOAD WGT,,,,,,,,,0x005fcc1b,0x0000,MEMORY READ,,,,,,,2,9,36,0,0,0,0,,,,,,,,,,,,,,,,,
layer_0,84,LOAD INP,LOAD,0,1,0,0,1,0,0,0,pc=84 LOAD INP,,,,,,,,,0x06002648,0x0244,MEMORY READ,,,,,,,10,56,56,0,0,1,1,,,,,,,,,,,,,,,,,
layer_0,85,LOAD WGT,LOAD,0,0,0,1,2,0,0,0,pc=85 LOAD WGT,,,,,,,,,0x005fcc63,0x0012,MEMORY READ,,,,,,,2,9,36,0,0,0,0,,,,,,,,,,,,,,,,,
layer_0,86,GEMM,COMPUTE,1,0,1,0,1,1,0,0,pc=86 GEMM,,,,,,,,,,,,,,,,,,,,,,,,,0,16,64,56,0,1,1,3,1,1,0,,,,,,
layer_0,87,GEMM,COMPUTE,1,0,1,0,0,2,0,0,pc=87 GEMM,,,,,,,,,,,,,,,,,,,,,,,,,0,64,112,56,0,1,1,3,1,1,0,,,,,,
layer_0,88,NOP-MEMORY-STAGE,LOAD,0,1,0,0,0,1,0,0,pc=88 NOP-MEMORY-STAGE,,,,,,,,,,,,,,,,,,,,,,,,,,,,,,,,,,,,,,,,,
layer_0,89,LOAD ACC,COMPUTE,0,0,0,0,0,1,0,0,pc=89 LOAD ACC,,,,,,,,,0x005e2740,0x0380,MEMORY READ,,,,,,,1,2,2,0,0,0,0,,,,,,,,,,,,,,,,,
layer_0,90,ALU - add,COMPUTE,0,0,0,0,0,1,0,0,pc=90 ALU - add,,,,,,,,,,,,,,,,,,,,,,,,,0,112,113,,,,,,,,,2,448,1,448,1,0
layer_0,91,ALU - max imm,COMPUTE,0,0,0,0,0,1,0,0,pc=91 ALU - max imm,,,,,,,,,,,,,,,,,,,,,,,,,0,113,114,,,,,,,,,1,0,0,896,1,1
layer_0,92,ALU - add imm,COMPUTE,0,0,0,0,0,1,0,0,pc=92 ALU - add imm,,,,,,,,,,,,,,,,,,,,,,,,,0,114,115,,,,,,,,,1,0,0,896,1,1
layer_0,93,ALU - shr,COMPUTE,0,0,0,0,0,1,0,0,pc=93 ALU - shr,,,,,,,,,,,,,,,,,,,,,,,,,0,115,116,,,,,,,,,1,0,0,896,1,1
layer_0,94,ALU - min imm,COMPUTE,0,0,0,0,0,1,0,0,pc=94 ALU - min imm,,,,,,,,,,,,,,,,,,,,,,,,,0,116,117,,,,,,,,,1,0,0,896,1,1
layer_0,95,ALU - max imm,COMPUTE,0,0,0,1,0,1,0,1,pc=95 ALU - max imm,,,,,,,,,,,,,,,,,,,,,,,,,0,117,118,,,,,,,,,1,0,0,896,1,1
layer_0,96,LOAD ACC,COMPUTE,0,0,0,0,0,1,0,1,pc=96 LOAD ACC,,,,,,,,,0x005e2742,0x0702,MEMORY READ,,,,,,,1,2,2,0,0,0,0,,,,,,,,,,,,,,,,,
layer_0,97,ALU - add,COMPUTE,0,0,0,0,0,1,0,1,pc=97 ALU - add,,,,,,,,,,,,,,,,,,,,,,,,,0,118,119,,,,,,,,,2,448,1,448,1,0
layer_0,98,ALU - max imm,COMPUTE,0,0,0,0,0,1,0,1,pc=98 ALU - max imm,,,,,,,,,,,,,,,,,,,,,,,,,0,119,120,,,,,,,,,1,0,0,896,1,1
layer_0,99,ALU - add imm,COMPUTE,0,0,0,0,0,1,0,1,pc=99 ALU - add imm,,,,,,,,,,,,,,,,,,,,,,,,,0,120,121,,,,,,,,,1,0,0,896,1,1
layer_0,100,ALU - shr,COMPUTE,0,0,0,0,0,1,0,1,pc=100 ALU - shr,,,,,,,,,,,,,,,,,,,,,,,,,0,121,122,,,,,,,,,1,0,0,896,1,1
layer_0,101,ALU - min imm,COMPUTE,0,0,0,0,0,1,0,1,pc=101 ALU - min imm,,,,,,,,,,,,,,,,,,,,,,,,,0,122,123,,,,,,,,,1,0,0,896,1,1
layer_0,102,ALU - max imm,COMPUTE,0,0,0,1,0,1,0,2,pc=102 ALU - max imm,,,,,,,,,,,,,,,,,,,,,,,,,0,123,124,,,,,,,,,1,0,0,896,1,1
layer_0,103,STORE,STORE,1,0,1,0,0,1,1,1,pc=103 STORE,,,,,,,,,0x060501c0,0x0000,MEMORY WRITE,,,,,,,2,448,3136,0,0,0,0,,,,,,,,,,,,,,,,,
layer_0,104,STORE,STORE,1,0,1,0,0,1,2,0,pc=104 STORE,,,,,,,,,0x06051a40,0x0382,MEMORY WRITE,,,,,,,2,448,3136,0,0,0,0,,,,,,,,,,,,,,,,,
layer_0,105,GEMM,COMPUTE,0,1,1,0,0,2,1,0,pc=105 GEMM,,,,,,,,,,,,,,,,,,,,,,,,,1,0,8,56,0,0,1,2,0,0,448,,,,,,
layer_0,106,GEMM,COMPUTE,0,1,1,0,0,3,0,0,pc=106 GEMM,,,,,,,,,,,,,,,,,,,,,,,,,1,8,16,56,0,0,1,2,0,0,448,,,,,,
layer_0,107,NOP-MEMORY-STAGE,LOAD,0,1,0,0,0,2,0,0,pc=107 NOP-MEMORY-STAGE,,,,,,,,,,,,,,,,,,,,,,,,,,,,,,,,,,,,,,,,,
layer_0,108,LOAD INP,LOAD,0,1,0,0,0,1,0,0,pc=108 LOAD INP,,,,,,,,,0x06000348,0x0000,MEMORY READ,,,,,,,10,56,56,0,0,1,1,,,,,,,,,,,,,,,,,
layer_0,109,LOAD WGT,LOAD,0,0,0,1,1,1,0,0,pc=109 LOAD WGT,,,,,,,,,0x005fcc00,0x0000,MEMORY READ,,,,,,,2,9,36,0,0,0,0,,,,,,,,,,,,,,,,,
layer_0,110,LOAD INP,LOAD,0,1,0,0,1,0,0,0,pc=110 LOAD INP,,,,,,,,,0x06000348,0x0244,MEMORY READ,,,,,,,10,56,56,0,0,1,1,,,,,,,,,,,,,,,,,
layer_0,111,LOAD WGT,LOAD,0,0,0,1,2,0,0,0,pc=111 LOAD WGT,,,,,,,,,0x005fcc48,0x0012,MEMORY READ,,,,,,,2,9,36,0,0,0,0,,,,,,,,,,,,,,,,,
layer_0,112,GEMM,COMPUTE,1,0,1,0,1,1,0,0,pc=112 GEMM,,,,,,,,,,,,,,,,,,,,,,,,,0,16,64,56,0,1,1,3,1,1,0,,,,,,
layer_0,113,GEMM,COMPUTE,1,0,1,0,0,2,0,0,pc=113 GEMM,,,,,,,,,,,,,,,,,,,,,,,,,0,64,112,56,0,1,1,3,1,1,0,,,,,,
layer_0,114,LOAD INP,LOAD,0,1,0,0,0,1,0,0,pc=114 LOAD INP,,,,,,,,,0x06000f88,0x0000,MEMORY READ,,,,,,,10,56,56,0,0,1,1,,,,,,,,,,,,,,,,,
layer_0,115,LOAD WGT,LOAD,0,0,0,1,1,1,0,0,pc=115 LOAD WGT,,,,,,,,,0x005fcc09,0x0000,MEMORY READ,,,,,,,2,9,36,0,0,0,0,,,,,,,,,,,,,,,,,
layer_0,116,LOAD INP,LOAD,0,1,0,0,1,0,0,0,pc=116 LOAD INP,,,,,,,,,0x06000f88,0x0244,MEMORY READ,,,,,,,10,56,56,0,0,1,1,,,,,,,,,,,,,,,,,
layer_0,117,LOAD WGT,LOAD,0,0,0,1,2,0,0,0,pc=117 LOAD WGT,,,,,,,,,0x005fcc51,0x0012,MEMORY READ,,,,,,,2,9,36,0,0,0,0,,,,,,,,,,,,,,,,,
layer_0,118,GEMM,COMPUTE,1,0,1,0,1,1,0,0,pc=118 GEMM,,,,,,,,,,,,,,,,,,,,,,,,,0,16,64,56,0,1,1,3,1,1,0,,,,,,
layer_0,119,GEMM,COMPUTE,1,0,1,0,0,2,0,0,pc=119 GEMM,,,,,,,,,,,,,,,,,,,,,,,,,0,64,112,56,0,1,1,3,1,1,0,,,,,,
layer_0,120,LOAD INP,LOAD,0,1,0,0,0,1,0,0,pc=120 LOAD INP,,,,,,,,,0x06001bc8,0x0000,MEMORY READ,,,,,,,10,56,56,0,0,1,1,,,,,,,,,,,,,,,,,
layer_0,121,LOAD WGT,LOAD,0,0,0,1,1,1,0,0,pc=121 LOAD WGT,,,,,,,,,0x005fcc12,0x0000,MEMORY READ,,,,,,,2,9,36,0,0,0,0,,,,,,,,,,,,,,,,,
layer_0,122,LOAD INP,LOAD,0,1,0,0,1,0,0,0,pc=122 LOAD INP,,,,,,,,,0x06001bc8,0x0244,MEMORY READ,,,,,,,10,56,56,0,0,1,1,,,,,,,,,,,,,,,,,
layer_0,123,LOAD WGT,LOAD,0,0,0,1,2,0,0,0,pc=123 LOAD WGT,,,,,,,,,0x005fcc5a,0x0012,MEMORY READ,,,,,,,2,9,36,0,0,0,0,,,,,,,,,,,,,,,,,
layer_0,124,GEMM,COMPUTE,1,0,1,0,1,1,0,0,pc=124 GEMM,,,,,,,,,,,,,,,,,,,,,,,,,0,16,64,56,0,1,1,3,1,1,0,,,,,,
layer_0,125,GEMM,COMPUTE,1,0,1,0,0,2,0,0,pc=125 GEMM,,,,,,,,,,,,,,,,,,,,,,,,,0,64,112,56,0,1,1,3,1,1,0,,,,,,
layer_0,126,LOAD INP,LOAD,0,1,0,0,0,1,0,0,pc=126 LOAD INP,,,,,,,,,0x06002808,0x0000,MEMORY READ,,,,,,,10,56,56,0,0,1,1,,,,,,,,,,,,,,,,,
layer_0,127,LOAD WGT,LOAD,0,0,0,1,1,1,0,0,pc=127 LOAD WGT,,,,,,,,,0x005fcc1b,0x0000,MEMORY READ,,,,,,,2,9,36,0,0,0,0,,,,,,,,,,,,,,,,,
layer_0,128,LOAD INP,LOAD,0,1,0,0,1,0,0,0,pc=128 LOAD INP,,,,,,,,,0x06002808,0x0244,MEMORY READ,,,,,,,10,56,56,0,0,1,1,,,,,,,,,,,,,,,,,
layer_0,129,LOAD WGT,LOAD,0,0,0,1,2,0,0,0,pc=129 LOAD WGT,,,,,,,,,0x005fcc63,0x0012,MEMORY READ,,,,,,,2,9,36,0,0,0,0,,,,,,,,,,,,,,,,,
layer_0,130,GEMM,COMPUTE,1,0,1,0,1,1,0,0,pc=130 GEMM,,,,,,,,,,,,,,,,,,,,,,,,,0,16,64,56,0,1,1,3,1,1,0,,,,,,
layer_0,131,GEMM,COMPUTE,1,0,1,0,0,2,0,0,pc=131 GEMM,,,,,,,,,,,,,,,,,,,,,,,,,0,64,112,56,0,1,1,3,1,1,0,,,,,,
layer_0,132,NOP-MEMORY-STAGE,LOAD,0,1,0,0,0,1,0,0,pc=132 NOP-MEMORY-STAGE,,,,,,,,,,,,,,,,,,,,,,,,,,,,,,,,,,,,,,,,,
layer_0,133,LOAD ACC,COMPUTE,0,0,0,0,0,1,0,0,pc=133 LOAD ACC,,,,,,,,,0x005e2740,0x0380,MEMORY READ,,,,,,,1,2,2,0,0,0,0,,,,,,,,,,,,,,,,,
layer_0,134,ALU - add,COMPUTE,0,0,0,0,0,1,0,0,pc=134 ALU - add,,,,,,,,,,,,,,,,,,,,,,,,,0,112,113,,,,,,,,,2,448,1,448,1,0
layer_0,135,ALU - max imm,COMPUTE,0,0,0,0,0,1,0,0,pc=135 ALU - max imm,,,,,,,,,,,,,,,,,,,,,,,,,0,113,114,,,,,,,,,1,0,0,896,1,1
layer_0,136,ALU - add imm,COMPUTE,0,0,0,0,0,1,0,0,pc=136 ALU - add imm,,,,,,,,,,,,,,,,,,,,,,,,,0,114,115,,,,,,,,,1,0,0,896,1,1
layer_0,137,ALU - shr,COMPUTE,0,0,0,0,0,1,0,0,pc=137 ALU - shr,,,,,,,,,,,,,,,,,,,,,,,,,0,115,116,,,,,,,,,1,0,0,896,1,1
layer_0,138,ALU - min imm,COMPUTE,0,0,0,0,0,1,0,0,pc=138 ALU - min imm,,,,,,,,,,,,,,,,,,,,,,,,,0,116,117,,,,,,,,,1,0,0,896,1,1
layer_0,139,ALU - max imm,COMPUTE,0,0,0,1,0,1,0,1,pc=139 ALU - max imm,,,,,,,,,,,,,,,,,,,,,,,,,0,117,118,,,,,,,,,1,0,0,896,1,1
layer_0,140,LOAD ACC,COMPUTE,0,0,0,0,0,1,0,1,pc=140 LOAD ACC,,,,,,,,,0x005e2742,0x0702,MEMORY READ,,,,,,,1,2,2,0,0,0,0,,,,,,,,,,,,,,,,,
layer_0,141,ALU - add,COMPUTE,0,0,0,0,0,1,0,1,pc=141 ALU - add,,,,,,,,,,,,,,,,,,,,,,,,,0,118,119,,,,,,,,,2,448,1,448,1,0
layer_0,142,ALU - max imm,COMPUTE,0,0,0,0,0,1,0,1,pc=142 ALU - max imm,,,,,,,,,,,,,,,,,,,,,,,,,0,119,120,,,,,,,,,1,0,0,896,1,1
layer_0,143,ALU - add imm,COMPUTE,0,0,0,0,0,1,0,1,pc=143 ALU - add imm,,,,,,,,,,,,,,,,,,,,,,,,,0,120,121,,,,,,,,,1,0,0,896,1,1
layer_0,144,ALU - shr,COMPUTE,0,0,0,0,0,1,0,1,pc=144 ALU - shr,,,,,,,,,,,,,,,,,,,,,,,,,0,121,122,,,,,,,,,1,0,0,896,1,1
layer_0,145,ALU - min imm,COMPUTE,0,0,0,0,0,1,0,1,pc=145 ALU - min imm,,,,,,,,,,,,,,,,,,,,,,,,,0,122,123,,,,,,,,,1,0,0,896,1,1
layer_0,146,ALU - max imm,COMPUTE,0,0,0,1,0,1,0,2,pc=146 ALU - max imm,,,,,,,,,,,,,,,,,,,,,,,,,0,123,124,,,,,,,,,1,0,0,896,1,1
layer_0,147,STORE,STORE,1,0,1,0,0,1,1,1,pc=147 STORE,,,,,,,,,0x06050380,0x0000,MEMORY WRITE,,,,,,,2,448,3136,0,0,0,0,,,,,,,,,,,,,,,,,
layer_0,148,STORE,STORE,1,0,1,0,0,1,2,0,pc=148 STORE,,,,,,,,,0x06051c00,0x0382,MEMORY WRITE,,,,,,,2,448,3136,0,0,0,0,,,,,,,,,,,,,,,,,
layer_0,149,GEMM,COMPUTE,0,1,1,0,0,2,1,0,pc=149 GEMM,,,,,,,,,,,,,,,,,,,,,,,,,1,0,8,56,0,0,1,2,0,0,448,,,,,,
layer_0,150,GEMM,COMPUTE,0,1,1,0,0,3,0,0,pc=150 GEMM,,,,,,,,,,,,,,,,,,,,,,,,,1,8,16,56,0,0,1,2,0,0,448,,,,,,
layer_0,151,NOP-MEMORY-STAGE,LOAD,0,1,0,0,0,2,0,0,pc=151 NOP-MEMORY-STAGE,,,,,,,,,,,,,,,,,,,,,,,,,,,,,,,,,,,,,,,,,
layer_0,152,LOAD INP,LOAD,0,1,0,0,0,1,0,0,pc=152 LOAD INP,,,,,,,,,0x06000508,0x0000,MEMORY READ,,,,,,,10,56,56,0,0,1,1,,,,,,,,,,,,,,,,,
layer_0,153,LOAD WGT,LOAD,0,0,0,1,1,1,0,0,pc=153 LOAD WGT,,,,,,,,,0x005fcc00,0x0000,MEMORY READ,,,,,,,2,9,36,0,0,0,0,,,,,,,,,,,,,,,,,
layer_0,154,LOAD INP,LOAD,0,1,0,0,1,0,0,0,pc=154 LOAD INP,,,,,,,,,0x06000508,0x0244,MEMORY READ,,,,,,,10,56,56,0,0,1,1,,,,,,,,,,,,,,,,,
layer_0,155,LOAD WGT,LOAD,0,0,0,1,2,0,0,0,pc=155 LOAD WGT,,,,,,,,,0x005fcc48,0x0012,MEMORY READ,,,,,,,2,9,36,0,0,0,0,,,,,,,,,,,,,,,,,
layer_0,156,GEMM,COMPUTE,1,0,1,0,1,1,0,0,pc=156 GEMM,,,,,,,,,,,,,,,,,,,,,,,,,0,16,64,56,0,1,1,3,1,1,0,,,,,,
layer_0,157,GEMM,COMPUTE,1,0,1,0,0,2,0,0,pc=157 GEMM,,,,,,,,,,,,,,,,,,,,,,,,,0,64,112,56,0,1,1,3,1,1,0,,,,,,
layer_0,158,LOAD INP,LOAD,0,1,0,0,0,1,0,0,pc=158 LOAD INP,,,,,,,,,0x06001148,0x0000,MEMORY READ,,,,,,,10,56,56,0,0,1,1,,,,,,,,,,,,,,,,,
layer_0,159,LOAD WGT,LOAD,0,0,0,1,1,1,0,0,pc=159 LOAD WGT,,,,,,,,,0x005fcc09,0x0000,MEMORY READ,,,,,,,2,9,36,0,0,0,0,,,,,,,,,,,,,,,,,
layer_0,160,LOAD INP,LOAD,0,1,0,0,1,0,0,0,pc=160 LOAD INP,,,,,,,,,0x06001148,0x0244,MEMORY READ,,,,,,,10,56,56,0,0,1,1,,,,,,,,,,,,,,,,,
layer_0,161,LOAD WGT,LOAD,0,0,0,1,2,0,0,0,pc=161 LOAD WGT,,,,,,,,,0x005fcc51,0x0012,MEMORY READ,,,,,,,2,9,36,0,0,0,0,,,,,,,,,,,,,,,,,
layer_0,162,GEMM,COMPUTE,1,0,1,0,1,1,0,0,pc=162 GEMM,,,,,,,,,,,,,,,,,,,,,,,,,0,16,64,56,0,1,1,3,1,1,0,,,,,,
layer_0,163,GEMM,COMPUTE,1,0,1,0,0,2,0,0,pc=163 GEMM,,,,,,,,,,,,,,,,,,,,,,,,,0,64,112,56,0,1,1,3,1,1,0,,,,,,
layer_0,164,LOAD INP,LOAD,0,1,0,0,0,1,0,0,pc=164 LOAD INP,,,,,,,,,0x06001d88,0x0000,MEMORY READ,,,,,,,10,56,56,0,0,1,1,,,,,,,,,,,,,,,,,
layer_0,165,LOAD WGT,LOAD,0,0,0,1,1,1,0,0,pc=165 LOAD WGT,,,,,,,,,0x005fcc12,0x0000,MEMORY READ,,,,,,,2,9,36,0,0,0,0,,,,,,,,,,,,,,,,,
layer_0,166,LOAD INP,LOAD,0,1,0,0,1,0,0,0,pc=166 LOAD INP,,,,,,,,,0x06001d88,0x0244,MEMORY READ,,,,,,,10,56,56,0,0,1,1,,,,,,,,,,,,,,,,,
layer_0,167,LOAD WGT,LOAD,0,0,0,1,2,0,0,0,pc=167 LOAD WGT,,,,,,,,,0x005fcc5a,0x0012,MEMORY READ,,,,,,,2,9,36,0,0,0,0,,,,,,,,,,,,,,,,,
layer_0,168,GEMM,COMPUTE,1,0,1,0,1,1,0,0,pc=168 GEMM,,,,,,,,,,,,,,,,,,,,,,,,,0,16,64,56,0,1,1,3,1,1,0,,,,,,
layer_0,169,GEMM,COMPUTE,1,0,1,0,0,2,0,0,pc=169 GEMM,,,,,,,,,,,,,,,,,,,,,,,,,0,64,112,56,0,1,1,3,1,1,0,,,,,,
layer_0,170,LOAD INP,LOAD,0,1,0,0,0,1,0,0,pc=170 LOAD INP,,,,,,,,,0x060029c8,0x0000,MEMORY READ,,,,,,,10,56,56,0,0,1,1,,,,,,,,,,,,,,,,,
layer_0,171,LOAD WGT,LOAD,0,0,0,1,1,1,0,0,pc=171 LOAD WGT,,,,,,,,,0x005fcc1b,0x0000,MEMORY READ,,,,,,,2,9,36,0,0,0,0,,,,,,,,,,,,,,,,,
layer_0,172,LOAD INP,LOAD,0,1,0,0,1,0,0,0,pc=172 LOAD INP,,,,,,,,,0x060029c8,0x0244,MEMORY READ,,,,,,,10,56,56,0,0,1,1,,,,,,,,,,,,,,,,,
layer_0,173,LOAD WGT,LOAD,0,0,0,1,2,0,0,0,pc=173 LOAD WGT,,,,,,,,,0x005fcc63,0x0012,MEMORY READ,,,,,,,2,9,36,0,0,0,0,,,,,,,,,,,,,,,,,
layer_0,174,GEMM,COMPUTE,1,0,1,0,1,1,0,0,pc=174 GEMM,,,,,,,,,,,,,,,,,,,,,,,,,0,16,64,56,0,1,1,3,1,1,0,,,,,,
layer_0,175,GEMM,COMPUTE,1,0,1,0,0,2,0,0,pc=175 GEMM,,,,,,,,,,,,,,,,,,,,,,,,,0,64,112,56,0,1,1,3,1,1,0,,,,,,
layer_0,176,NOP-MEMORY-STAGE,LOAD,0,1,0,0,0,1,0,0,pc=176 NOP-MEMORY-STAGE,,,,,,,,,,,,,,,,,,,,,,,,,,,,,,,,,,,,,,,,,
layer_0,177,LOAD ACC,COMPUTE,0,0,0,0,0,1,0,0,pc=177 LOAD ACC,,,,,,,,,0x005e2740,0x0380,MEMORY READ,,,,,,,1,2,2,0,0,0,0,,,,,,,,,,,,,,,,,
layer_0,178,ALU - add,COMPUTE,0,0,0,0,0,1,0,0,pc=178 ALU - add,,,,,,,,,,,,,,,,,,,,,,,,,0,112,113,,,,,,,,,2,448,1,448,1,0
layer_0,179,ALU - max imm,COMPUTE,0,0,0,0,0,1,0,0,pc=179 ALU - max imm,,,,,,,,,,,,,,,,,,,,,,,,,0,113,114,,,,,,,,,1,0,0,896,1,1
layer_0,180,ALU - add imm,COMPUTE,0,0,0,0,0,1,0,0,pc=180 ALU - add imm,,,,,,,,,,,,,,,,,,,,,,,,,0,114,115,,,,,,,,,1,0,0,896,1,1
layer_0,181,ALU - shr,COMPUTE,0,0,0,0,0,1,0,0,pc=181 ALU - shr,,,,,,,,,,,,,,,,,,,,,,,,,0,115,116,,,,,,,,,1,0,0,896,1,1
layer_0,182,ALU - min imm,COMPUTE,0,0,0,0,0,1,0,0,pc=182 ALU - min imm,,,,,,,,,,,,,,,,,,,,,,,,,0,116,117,,,,,,,,,1,0,0,896,1,1
layer_0,183,ALU - max imm,COMPUTE,0,0,0,1,0,1,0,1,pc=183 ALU - max imm,,,,,,,,,,,,,,,,,,,,,,,,,0,117,118,,,,,,,,,1,0,0,896,1,1
layer_0,184,LOAD ACC,COMPUTE,0,0,0,0,0,1,0,1,pc=184 LOAD ACC,,,,,,,,,0x005e2742,0x0702,MEMORY READ,,,,,,,1,2,2,0,0,0,0,,,,,,,,,,,,,,,,,
layer_0,185,ALU - add,COMPUTE,0,0,0,0,0,1,0,1,pc=185 ALU - add,,,,,,,,,,,,,,,,,,,,,,,,,0,118,119,,,,,,,,,2,448,1,448,1,0
layer_0,186,ALU - max imm,COMPUTE,0,0,0,0,0,1,0,1,pc=186 ALU - max imm,,,,,,,,,,,,,,,,,,,,,,,,,0,119,120,,,,,,,,,1,0,0,896,1,1
layer_0,187,ALU - add imm,COMPUTE,0,0,0,0,0,1,0,1,pc=187 ALU - add imm,,,,,,,,,,,,,,,,,,,,,,,,,0,120,121,,,,,,,,,1,0,0,896,1,1
layer_0,188,ALU - shr,COMPUTE,0,0,0,0,0,1,0,1,pc=188 ALU - shr,,,,,,,,,,,,,,,,,,,,,,,,,0,121,122,,,,,,,,,1,0,0,896,1,1
layer_0,189,ALU - min imm,COMPUTE,0,0,0,0,0,1,0,1,pc=189 ALU - min imm,,,,,,,,,,,,,,,,,,,,,,,,,0,122,123,,,,,,,,,1,0,0,896,1,1
layer_0,190,ALU - max imm,COMPUTE,0,0,0,1,0,1,0,2,pc=190 ALU - max imm,,,,,,,,,,,,,,,,,,,,,,,,,0,123,124,,,,,,,,,1,0,0,896,1,1
layer_0,191,STORE,STORE,1,0,1,0,0,1,1,1,pc=191 STORE,,,,,,,,,0x06050540,0x0000,MEMORY WRITE,,,,,,,2,448,3136,0,0,0,0,,,,,,,,,,,,,,,,,
layer_0,192,STORE,STORE,1,0,1,0,0,1,2,0,pc=192 STORE,,,,,,,,,0x06051dc0,0x0382,MEMORY WRITE,,,,,,,2,448,3136,0,0,0,0,,,,,,,,,,,,,,,,,
layer_0,193,GEMM,COMPUTE,0,1,1,0,0,2,1,0,pc=193 GEMM,,,,,,,,,,,,,,,,,,,,,,,,,1,0,8,56,0,0,1,2,0,0,448,,,,,,
layer_0,194,GEMM,COMPUTE,0,1,1,0,0,3,0,0,pc=194 GEMM,,,,,,,,,,,,,,,,,,,,,,,,,1,8,16,56,0,0,1,2,0,0,448,,,,,,
layer_0,195,NOP-MEMORY-STAGE,LOAD,0,1,0,0,0,2,0,0,pc=195 NOP-MEMORY-STAGE,,,,,,,,,,,,,,,,,,,,,,,,,,,,,,,,,,,,,,,,,
layer_0,196,LOAD INP,LOAD,0,1,0,0,0,1,0,0,pc=196 LOAD INP,,,,,,,,,0x060006c8,0x0000,MEMORY READ,,,,,,,10,56,56,0,0,1,1,,,,,,,,,,,,,,,,,
layer_0,197,LOAD WGT,LOAD,0,0,0,1,1,1,0,0,pc=197 LOAD WGT,,,,,,,,,0x005fcc00,0x0000,MEMORY READ,,,,,,,2,9,36,0,0,0,0,,,,,,,,,,,,,,,,,
layer_0,198,LOAD INP,LOAD,0,1,0,0,1,0,0,0,pc=198 LOAD INP,,,,,,,,,0x060006c8,0x0244,MEMORY READ,,,,,,,10,56,56,0,0,1,1,,,,,,,,,,,,,,,,,
layer_0,199,LOAD WGT,LOAD,0,0,0,1,2,0,0,0,pc=199 LOAD WGT,,,,,,,,,0x005fcc48,0x0012,MEMORY READ,,,,,,,2,9,36,0,0,0,0,,,,,,,,,,,,,,,,,
layer_0,200,GEMM,COMPUTE,1,0,1,0,1,1,0,0,pc=200 GEMM,,,,,,,,,,,,,,,,,,,,,,,,,0,16,64,56,0,1,1,3,1,1,0,,,,,,
layer_0,201,GEMM,COMPUTE,1,0,1,0,0,2,0,0,pc=201 GEMM,,,,,,,,,,,,,,,,,,,,,,,,,0,64,112,56,0,1,1,3,1,1,0,,,,,,
layer_0,202,LOAD INP,LOAD,0,1,0,0,0,1,0,0,pc=202 LOAD INP,,,,,,,,,0x06001308,0x0000,MEMORY READ,,,,,,,10,56,56,0,0,1,1,,,,,,,,,,,,,,,,,
layer_0,203,LOAD WGT,LOAD,0,0,0,1,1,1,0,0,pc=203 LOAD WGT,,,,,,,,,0x005fcc09,0x0000,MEMORY READ,,,,,,,2,9,36,0,0,0,0,,,,,,,,,,,,,,,,,
layer_0,204,LOAD INP,LOAD,0,1,0,0,1,0,0,0,pc=204 LOAD INP,,,,,,,,,0x06001308,0x0244,MEMORY READ,,,,,,,10,56,56,0,0,1,1,,,,,,,,,,,,,,,,,
layer_0,205,LOAD WGT,LOAD,0,0,0,1,2,0,0,0,pc=205 LOAD WGT,,,,,,,,,0x005fcc51,0x0012,MEMORY READ,,,,,,,2,9,36,0,0,0,0,,,,,,,,,,,,,,,,,
layer_0,206,GEMM,COMPUTE,1,0,1,0,1,1,0,0,pc=206 GEMM,,,,,,,,,,,,,,,,,,,,,,,,,0,16,64,56,0,1,1,3,1,1,0,,,,,,
layer_0,207,GEMM,COMPUTE,1,0,1,0,0,2,0,0,pc=207 GEMM,,,,,,,,,,,,,,,,,,,,,,,,,0,64,112,56,0,1,1,3,1,1,0,,,,,,
layer_0,208,LOAD INP,LOAD,0,1,0,0,0,1,0,0,pc=208 LOAD INP,,,,,,,,,0x06001f48,0x0000,MEMORY READ,,,,,,,10,56,56,0,0,1,1,,,,,,,,,,,,,,,,,
layer_0,209,LOAD WGT,LOAD,0,0,0,1,1,1,0,0,pc=209 LOAD WGT,,,,,,,,,0x005fcc12,0x0000,MEMORY READ,,,,,,,2,9,36,0,0,0,0,,,,,,,,,,,,,,,,,
layer_0,210,LOAD INP,LOAD,0,1,0,0,1,0,0,0,pc=210 LOAD INP,,,,,,,,,0x06001f48,0x0244,MEMORY READ,,,,,,,10,56,56,0,0,1,1,,,,,,,,,,,,,,,,,
layer_0,211,LOAD WGT,LOAD,0,0,0,1,2,0,0,0,pc=211 LOAD WGT,,,,,,,,,0x005fcc5a,0x0012,MEMORY READ,,,,,,,2,9,36,0,0,0,0,,,,,,,,,,,,,,,,,
layer_0,212,GEMM,COMPUTE,1,0,1,0,1,1,0,0,pc=212 GEMM,,,,,,,,,,,,,,,,,,,,,,,,,0,16,64,56,0,1,1,3,1,1,0,,,,,,
layer_0,213,GEMM,COMPUTE,1,0,1,0,0,2,0,0,pc=213 GEMM,,,,,,,,,,,,,,,,,,,,,,,,,0,64,112,56,0,1,1,3,1,1,0,,,,,,
layer_0,214,LOAD INP,LOAD,0,1,0,0,0,1,0,0,pc=214 LOAD INP,,,,,,,,,0x06002b88,0x0000,MEMORY READ,,,,,,,10,56,56,0,0,1,1,,,,,,,,,,,,,,,,,
layer_0,215,LOAD WGT,LOAD,0,0,0,1,1,1,0,0,pc=215 LOAD WGT,,,,,,,,,0x005fcc1b,0x0000,MEMORY READ,,,,,,,2,9,36,0,0,0,0,,,,,,,,,,,,,,,,,
layer_0,216,LOAD INP,LOAD,0,1,0,0,1,0,0,0,pc=216 LOAD INP,,,,,,,,,0x06002b88,0x0244,MEMORY READ,,,,,,,10,56,56,0,0,1,1,,,,,,,,,,,,,,,,,
layer_0,217,LOAD WGT,LOAD,0,0,0,1,2,0,0,0,pc=217 LOAD WGT,,,,,,,,,0x005fcc63,0x0012,MEMORY READ,,,,,,,2,9,36,0,0,0,0,,,,,,,,,,,,,,,,,
layer_0,218,GEMM,COMPUTE,1,0,1,0,1,1,0,0,pc=218 GEMM,,,,,,,,,,,,,,,,,,,,,,,,,0,16,64,56,0,1,1,3,1,1,0,,,,,,
layer_0,219,GEMM,COMPUTE,1,0,1,0,0,2,0,0,pc=219 GEMM,,,,,,,,,,,,,,,,,,,,,,,,,0,64,112,56,0,1,1,3,1,1,0,,,,,,
layer_0,220,NOP-MEMORY-STAGE,LOAD,0,1,0,0,0,1,0,0,pc=220 NOP-MEMORY-STAGE,,,,,,,,,,,,,,,,,,,,,,,,,,,,,,,,,,,,,,,,,
layer_0,221,LOAD ACC,COMPUTE,0,0,0,0,0,1,0,0,pc=221 LOAD ACC,,,,,,,,,0x005e2740,0x0380,MEMORY READ,,,,,,,1,2,2,0,0,0,0,,,,,,,,,,,,,,,,,
layer_0,222,ALU - add,COMPUTE,0,0,0,0,0,1,0,0,pc=222 ALU - add,,,,,,,,,,,,,,,,,,,,,,,,,0,112,113,,,,,,,,,2,448,1,448,1,0
layer_0,223,ALU - max imm,COMPUTE,0,0,0,0,0,1,0,0,pc=223 ALU - max imm,,,,,,,,,,,,,,,,,,,,,,,,,0,113,114,,,,,,,,,1,0,0,896,1,1
layer_0,224,ALU - add imm,COMPUTE,0,0,0,0,0,1,0,0,pc=224 ALU - add imm,,,,,,,,,,,,,,,,,,,,,,,,,0,114,115,,,,,,,,,1,0,0,896,1,1
layer_0,225,ALU - shr,COMPUTE,0,0,0,0,0,1,0,0,pc=225 ALU - shr,,,,,,,,,,,,,,,,,,,,,,,,,0,115,116,,,,,,,,,1,0,0,896,1,1
layer_0,226,ALU - min imm,COMPUTE,0,0,0,0,0,1,0,0,pc=226 ALU - min imm,,,,,,,,,,,,,,,,,,,,,,,,,0,116,117,,,,,,,,,1,0,0,896,1,1
layer_0,227,ALU - max imm,COMPUTE,0,0,0,1,0,1,0,1,pc=227 ALU - max imm,,,,,,,,,,,,,,,,,,,,,,,,,0,117,118,,,,,,,,,1,0,0,896,1,1
layer_0,228,LOAD ACC,COMPUTE,0,0,0,0,0,1,0,1,pc=228 LOAD ACC,,,,,,,,,0x005e2742,0x0702,MEMORY READ,,,,,,,1,2,2,0,0,0,0,,,,,,,,,,,,,,,,,
layer_0,229,ALU - add,COMPUTE,0,0,0,0,0,1,0,1,pc=229 ALU - add,,,,,,,,,,,,,,,,,,,,,,,,,0,118,119,,,,,,,,,2,448,1,448,1,0
layer_0,230,ALU - max imm,COMPUTE,0,0,0,0,0,1,0,1,pc=230 ALU - max imm,,,,,,,,,,,,,,,,,,,,,,,,,0,119,120,,,,,,,,,1,0,0,896,1,1
layer_0,231,ALU - add imm,COMPUTE,0,0,0,0,0,1,0,1,pc=231 ALU - add imm,,,,,,,,,,,,,,,,,,,,,,,,,0,120,121,,,,,,,,,1,0,0,896,1,1
layer_0,232,ALU - shr,COMPUTE,0,0,0,0,0,1,0,1,pc=232 ALU - shr,,,,,,,,,,,,,,,,,,,,,,,,,0,121,122,,,,,,,,,1,0,0,896,1,1
layer_0,233,ALU - min imm,COMPUTE,0,0,0,0,0,1,0,1,pc=233 ALU - min imm,,,,,,,,,,,,,,,,,,,,,,,,,0,122,123,,,,,,,,,1,0,0,896,1,1
layer_0,234,ALU - max imm,COMPUTE,0,0,0,1,0,1,0,2,pc=234 ALU - max imm,,,,,,,,,,,,,,,,,,,,,,,,,0,123,124,,,,,,,,,1,0,0,896,1,1
layer_0,235,STORE,STORE,1,0,1,0,0,1,1,1,pc=235 STORE,,,,,,,,,0x06050700,0x0000,MEMORY WRITE,,,,,,,2,448,3136,0,0,0,0,,,,,,,,,,,,,,,,,
layer_0,236,STORE,STORE,1,0,1,0,0,1,2,0,pc=236 STORE,,,,,,,,,0x06051f80,0x0382,MEMORY WRITE,,,,,,,2,448,3136,0,0,0,0,,,,,,,,,,,,,,,,,
layer_0,237,GEMM,COMPUTE,0,1,1,0,0,2,1,0,pc=237 GEMM,,,,,,,,,,,,,,,,,,,,,,,,,1,0,8,56,0,0,1,2,0,0,448,,,,,,
layer_0,238,GEMM,COMPUTE,0,1,1,0,0,3,0,0,pc=238 GEMM,,,,,,,,,,,,,,,,,,,,,,,,,1,8,16,56,0,0,1,2,0,0,448,,,,,,
layer_0,239,NOP-MEMORY-STAGE,LOAD,0,1,0,0,0,2,0,0,pc=239 NOP-MEMORY-STAGE,,,,,,,,,,,,,,,,,,,,,,,,,,,,,,,,,,,,,,,,,
layer_0,240,LOAD INP,LOAD,0,1,0,0,0,1,0,0,pc=240 LOAD INP,,,,,,,,,0x06000888,0x0000,MEMORY READ,,,,,,,10,56,56,0,0,1,1,,,,,,,,,,,,,,,,,
layer_0,241,LOAD WGT,LOAD,0,0,0,1,1,1,0,0,pc=241 LOAD WGT,,,,,,,,,0x005fcc00,0x0000,MEMORY READ,,,,,,,2,9,36,0,0,0,0,,,,,,,,,,,,,,,,,
layer_0,242,LOAD INP,LOAD,0,1,0,0,1,0,0,0,pc=242 LOAD INP,,,,,,,,,0x06000888,0x0244,MEMORY READ,,,,,,,10,56,56,0,0,1,1,,,,,,,,,,,,,,,,,
layer_0,243,LOAD WGT,LOAD,0,0,0,1,2,0,0,0,pc=243 LOAD WGT,,,,,,,,,0x005fcc48,0x0012,MEMORY READ,,,,,,,2,9,36,0,0,0,0,,,,,,,,,,,,,,,,,
layer_0,244,GEMM,COMPUTE,1,0,1,0,1,1,0,0,pc=244 GEMM,,,,,,,,,,,,,,,,,,,,,,,,,0,16,64,56,0,1,1,3,1,1,0,,,,,,
layer_0,245,GEMM,COMPUTE,1,0,1,0,0,2,0,0,pc=245 GEMM,,,,,,,,,,,,,,,,,,,,,,,,,0,64,112,56,0,1,1,3,1,1,0,,,,,,
layer_0,246,LOAD INP,LOAD,0,1,0,0,0,1,0,0,pc=246 LOAD INP,,,,,,,,,0x060014c8,0x0000,MEMORY READ,,,,,,,10,56,56,0,0,1,1,,,,,,,,,,,,,,,,,
layer_0,247,LOAD WGT,LOAD,0,0,0,1,1,1,0,0,pc=247 LOAD WGT,,,,,,,,,0x005fcc09,0x0000,MEMORY READ,,,,,,,2,9,36,0,0,0,0,,,,,,,,,,,,,,,,,
layer_0,248,LOAD INP,LOAD,0,1,0,0,1,0,0,0,pc=248 LOAD INP,,,,,,,,,0x060014c8,0x0244,MEMORY READ,,,,,,,10,56,56,0,0,1,1,,,,,,,,,,,,,,,,,
layer_0,249,LOAD WGT,LOAD,0,0,0,1,2,0,0,0,pc=249 LOAD WGT,,,,,,,,,0x005fcc51,0x0012,MEMORY READ,,,,,,,2,9,36,0,0,0,0,,,,,,,,,,,,,,,,,
layer_0,250,GEMM,COMPUTE,1,0,1,0,1,1,0,0,pc=250 GEMM,,,,,,,,,,,,,,,,,,,,,,,,,0,16,64,56,0,1,1,3,1,1,0,,,,,,
layer_0,251,GEMM,COMPUTE,1,0,1,0,0,2,0,0,pc=251 GEMM,,,,,,,,,,,,,,,,,,,,,,,,,0,64,112,56,0,1,1,3,1,1,0,,,,,,
layer_0,252,LOAD INP,LOAD,0,1,0,0,0,1,0,0,pc=252 LOAD INP,,,,,,,,,0x06002108,0x0000,MEMORY READ,,,,,,,10,56,56,0,0,1,1,,,,,,,,,,,,,,,,,
layer_0,253,LOAD WGT,LOAD,0,0,0,1,1,1,0,0,pc=253 LOAD WGT,,,,,,,,,0x005fcc12,0x0000,MEMORY READ,,,,,,,2,9,36,0,0,0,0,,,,,,,,,,,,,,,,,
layer_0,254,LOAD INP,LOAD,0,1,0,0,1,0,0,0,pc=254 LOAD INP,,,,,,,,,0x06002108,0x0244,MEMORY READ,,,,,,,10,56,56,0,0,1,1,,,,,,,,,,,,,,,,,
layer_0,255,LOAD WGT,LOAD,0,0,0,1,2,0,0,0,pc=255 LOAD WGT,,,,,,,,,0x005fcc5a,0x0012,MEMORY READ,,,,,,,2,9,36,0,0,0,0,,,,,,,,,,,,,,,,,
layer_0,256,GEMM,COMPUTE,1,0,1,0,1,1,0,0,pc=256 GEMM,,,,,,,,,,,,,,,,,,,,,,,,,0,16,64,56,0,1,1,3,1,1,0,,,,,,
layer_0,257,GEMM,COMPUTE,1,0,1,0,0,2,0,0,pc=257 GEMM,,,,,,,,,,,,,,,,,,,,,,,,,0,64,112,56,0,1,1,3,1,1,0,,,,,,
layer_0,258,LOAD INP,LOAD,0,1,0,0,0,1,0,0,pc=258 LOAD INP,,,,,,,,,0x06002d48,0x0000,MEMORY READ,,,,,,,10,56,56,0,0,1,1,,,,,,,,,,,,,,,,,
layer_0,259,LOAD WGT,LOAD,0,0,0,1,1,1,0,0,pc=259 LOAD WGT,,,,,,,,,0x005fcc1b,0x0000,MEMORY READ,,,,,,,2,9,36,0,0,0,0,,,,,,,,,,,,,,,,,
layer_0,260,LOAD INP,LOAD,0,1,0,0,1,0,0,0,pc=260 LOAD INP,,,,,,,,,0x06002d48,0x0244,MEMORY READ,,,,,,,10,56,56,0,0,1,1,,,,,,,,,,,,,,,,,
layer_0,261,LOAD WGT,LOAD,0,0,0,1,2,0,0,0,pc=261 LOAD WGT,,,,,,,,,0x005fcc63,0x0012,MEMORY READ,,,,,,,2,9,36,0,0,0,0,,,,,,,,,,,,,,,,,
layer_0,262,GEMM,COMPUTE,1,0,1,0,1,1,0,0,pc=262 GEMM,,,,,,,,,,,,,,,,,,,,,,,,,0,16,64,56,0,1,1,3,1,1,0,,,,,,
layer_0,263,GEMM,COMPUTE,1,0,1,0,0,2,0,0,pc=263 GEMM,,,,,,,,,,,,,,,,,,,,,,,,,0,64,112,56,0,1,1,3,1,1,0,,,,,,
layer_0,264,NOP-MEMORY-STAGE,LOAD,0,1,0,0,0,1,0,0,pc=264 NOP-MEMORY-STAGE,,,,,,,,,,,,,,,,,,,,,,,,,,,,,,,,,,,,,,,,,
layer_0,265,LOAD ACC,COMPUTE,0,0,0,0,0,1,0,0,pc=265 LOAD ACC,,,,,,,,,0x005e2740,0x0380,MEMORY READ,,,,,,,1,2,2,0,0,0,0,,,,,,,,,,,,,,,,,
layer_0,266,ALU - add,COMPUTE,0,0,0,0,0,1,0,0,pc=266 ALU - add,,,,,,,,,,,,,,,,,,,,,,,,,0,112,113,,,,,,,,,2,448,1,448,1,0
layer_0,267,ALU - max imm,COMPUTE,0,0,0,0,0,1,0,0,pc=267 ALU - max imm,,,,,,,,,,,,,,,,,,,,,,,,,0,113,114,,,,,,,,,1,0,0,896,1,1
layer_0,268,ALU - add imm,COMPUTE,0,0,0,0,0,1,0,0,pc=268 ALU - add imm,,,,,,,,,,,,,,,,,,,,,,,,,0,114,115,,,,,,,,,1,0,0,896,1,1
layer_0,269,ALU - shr,COMPUTE,0,0,0,0,0,1,0,0,pc=269 ALU - shr,,,,,,,,,,,,,,,,,,,,,,,,,0,115,116,,,,,,,,,1,0,0,896,1,1
layer_0,270,ALU - min imm,COMPUTE,0,0,0,0,0,1,0,0,pc=270 ALU - min imm,,,,,,,,,,,,,,,,,,,,,,,,,0,116,117,,,,,,,,,1,0,0,896,1,1
layer_0,271,ALU - max imm,COMPUTE,0,0,0,1,0,1,0,1,pc=271 ALU - max imm,,,,,,,,,,,,,,,,,,,,,,,,,0,117,118,,,,,,,,,1,0,0,896,1,1
layer_0,272,LOAD ACC,COMPUTE,0,0,0,0,0,1,0,1,pc=272 LOAD ACC,,,,,,,,,0x005e2742,0x0702,MEMORY READ,,,,,,,1,2,2,0,0,0,0,,,,,,,,,,,,,,,,,
layer_0,273,ALU - add,COMPUTE,0,0,0,0,0,1,0,1,pc=273 ALU - add,,,,,,,,,,,,,,,,,,,,,,,,,0,118,119,,,,,,,,,2,448,1,448,1,0
layer_0,274,ALU - max imm,COMPUTE,0,0,0,0,0,1,0,1,pc=274 ALU - max imm,,,,,,,,,,,,,,,,,,,,,,,,,0,119,120,,,,,,,,,1,0,0,896,1,1
layer_0,275,ALU - add imm,COMPUTE,0,0,0,0,0,1,0,1,pc=275 ALU - add imm,,,,,,,,,,,,,,,,,,,,,,,,,0,120,121,,,,,,,,,1,0,0,896,1,1
layer_0,276,ALU - shr,COMPUTE,0,0,0,0,0,1,0,1,pc=276 ALU - shr,,,,,,,,,,,,,,,,,,,,,,,,,0,121,122,,,,,,,,,1,0,0,896,1,1
layer_0,277,ALU - min imm,COMPUTE,0,0,0,0,0,1,0,1,pc=277 ALU - min imm,,,,,,,,,,,,,,,,,,,,,,,,,0,122,123,,,,,,,,,1,0,0,896,1,1
layer_0,278,ALU - max imm,COMPUTE,0,0,0,1,0,1,0,2,pc=278 ALU - max imm,,,,,,,,,,,,,,,,,,,,,,,,,0,123,124,,,,,,,,,1,0,0,896,1,1
layer_0,279,STORE,STORE,1,0,1,0,0,1,1,1,pc=279 STORE,,,,,,,,,0x060508c0,0x0000,MEMORY WRITE,,,,,,,2,448,3136,0,0,0,0,,,,,,,,,,,,,,,,,
layer_0,280,STORE,STORE,1,0,1,0,0,1,2,0,pc=280 STORE,,,,,,,,,0x06052140,0x0382,MEMORY WRITE,,,,,,,2,448,3136,0,0,0,0,,,,,,,,,,,,,,,,,
layer_0,281,GEMM,COMPUTE,0,1,1,0,0,2,1,0,pc=281 GEMM,,,,,,,,,,,,,,,,,,,,,,,,,1,0,8,56,0,0,1,2,0,0,448,,,,,,
layer_0,282,GEMM,COMPUTE,0,1,1,0,0,3,0,0,pc=282 GEMM,,,,,,,,,,,,,,,,,,,,,,,,,1,8,16,56,0,0,1,2,0,0,448,,,,,,
layer_0,283,NOP-MEMORY-STAGE,LOAD,0,1,0,0,0,2,0,0,pc=283 NOP-MEMORY-STAGE,,,,,,,,,,,,,,,,,,,,,,,,,,,,,,,,,,,,,,,,,
layer_0,284,LOAD INP,LOAD,0,1,0,0,0,1,0,0,pc=284 LOAD INP,,,,,,,,,0x06000a48,0x0000,MEMORY READ,,,,,,,9,56,56,0,1,1,1,,,,,,,,,,,,,,,,,
layer_0,285,LOAD WGT,LOAD,0,0,0,1,1,1,0,0,pc=285 LOAD WGT,,,,,,,,,0x005fcc00,0x0000,MEMORY READ,,,,,,,2,9,36,0,0,0,0,,,,,,,,,,,,,,,,,
layer_0,286,LOAD INP,LOAD,0,1,0,0,1,0,0,0,pc=286 LOAD INP,,,,,,,,,0x06000a48,0x0244,MEMORY READ,,,,,,,9,56,56,0,1,1,1,,,,,,,,,,,,,,,,,
layer_0,287,LOAD WGT,LOAD,0,0,0,1,2,0,0,0,pc=287 LOAD WGT,,,,,,,,,0x005fcc48,0x0012,MEMORY READ,,,,,,,2,9,36,0,0,0,0,,,,,,,,,,,,,,,,,
layer_0,288,GEMM,COMPUTE,1,0,1,0,1,1,0,0,pc=288 GEMM,,,,,,,,,,,,,,,,,,,,,,,,,0,16,64,56,0,1,1,3,1,1,0,,,,,,
layer_0,289,GEMM,COMPUTE,1,0,1,0,0,2,0,0,pc=289 GEMM,,,,,,,,,,,,,,,,,,,,,,,,,0,64,112,56,0,1,1,3,1,1,0,,,,,,
layer_0,290,LOAD INP,LOAD,0,1,0,0,0,1,0,0,pc=290 LOAD INP,,,,,,,,,0x06001688,0x0000,MEMORY READ,,,,,,,9,56,56,0,1,1,1,,,,,,,,,,,,,,,,,
layer_0,291,LOAD WGT,LOAD,0,0,0,1,1,1,0,0,pc=291 LOAD WGT,,,,,,,,,0x005fcc09,0x0000,MEMORY READ,,,,,,,2,9,36,0,0,0,0,,,,,,,,,,,,,,,,,
layer_0,292,LOAD INP,LOAD,0,1,0,0,1,0,0,0,pc=292 LOAD INP,,,,,,,,,0x06001688,0x0244,MEMORY READ,,,,,,,9,56,56,0,1,1,1,,,,,,,,,,,,,,,,,
layer_0,293,LOAD WGT,LOAD,0,0,0,1,2,0,0,0,pc=293 LOAD WGT,,,,,,,,,0x005fcc51,0x0012,MEMORY READ,,,,,,,2,9,36,0,0,0,0,,,,,,,,,,,,,,,,,
layer_0,294,GEMM,COMPUTE,1,0,1,0,1,1,0,0,pc=294 GEMM,,,,,,,,,,,,,,,,,,,,,,,,,0,16,64,56,0,1,1,3,1,1,0,,,,,,
layer_0,295,GEMM,COMPUTE,1,0,1,0,0,2,0,0,pc=295 GEMM,,,,,,,,,,,,,,,,,,,,,,,,,0,64,112,56,0,1,1,3,1,1,0,,,,,,
layer_0,296,LOAD INP,LOAD,0,1,0,0,0,1,0,0,pc=296 LOAD INP,,,,,,,,,0x060022c8,0x0000,MEMORY READ,,,,,,,9,56,56,0,1,1,1,,,,,,,,,,,,,,,,,
layer_0,297,LOAD WGT,LOAD,0,0,0,1,1,1,0,0,pc=297 LOAD WGT,,,,,,,,,0x005fcc12,0x0000,MEMORY READ,,,,,,,2,9,36,0,0,0,0,,,,,,,,,,,,,,,,,
layer_0,298,LOAD INP,LOAD,0,1,0,0,1,0,0,0,pc=298 LOAD INP,,,,,,,,,0x060022c8,0x0244,MEMORY READ,,,,,,,9,56,56,0,1,1,1,,,,,,,,,,,,,,,,,
layer_0,299,LOAD WGT,LOAD,0,0,0,1,2,0,0,0,pc=299 LOAD WGT,,,,,,,,,0x005fcc5a,0x0012,MEMORY READ,,,,,,,2,9,36,0,0,0,0,,,,,,,,,,,,,,,,,
layer_0,300,GEMM,COMPUTE,1,0,1,0,1,1,0,0,pc=300 GEMM,,,,,,,,,,,,,,,,,,,,,,,,,0,16,64,56,0,1,1,3,1,1,0,,,,,,
layer_0,301,GEMM,COMPUTE,1,0,1,0,0,2,0,0,pc=301 GEMM,,,,,,,,,,,,,,,,,,,,,,,,,0,64,112,56,0,1,1,3,1,1,0,,,,,,
layer_0,302,LOAD INP,LOAD,0,1,0,0,0,1,0,0,pc=302 LOAD INP,,,,,,,,,0x06002f08,0x0000,MEMORY READ,,,,,,,9,56,56,0,1,1,1,,,,,,,,,,,,,,,,,
layer_0,303,LOAD WGT,LOAD,0,0,0,1,1,1,0,0,pc=303 LOAD WGT,,,,,,,,,0x005fcc1b,0x0000,MEMORY READ,,,,,,,2,9,36,0,0,0,0,,,,,,,,,,,,,,,,,
layer_0,304,LOAD INP,LOAD,0,1,0,0,1,0,0,0,pc=304 LOAD INP,,,,,,,,,0x06002f08,0x0244,MEMORY READ,,,,,,,9,56,56,0,1,1,1,,,,,,,,,,,,,,,,,
layer_0,305,LOAD WGT,LOAD,0,0,0,1,2,0,0,0,pc=305 LOAD WGT,,,,,,,,,0x005fcc63,0x0012,MEMORY READ,,,,,,,2,9,36,0,0,0,0,,,,,,,,,,,,,,,,,
layer_0,306,GEMM,COMPUTE,1,0,1,0,1,1,0,0,pc=306 GEMM,,,,,,,,,,,,,,,,,,,,,,,,,0,16,64,56,0,1,1,3,1,1,0,,,,,,
layer_0,307,GEMM,COMPUTE,1,0,1,0,0,2,0,0,pc=307 GEMM,,,,,,,,,,,,,,,,,,,,,,,,,0,64,112,56,0,1,1,3,1,1,0,,,,,,
layer_0,308,NOP-MEMORY-STAGE,LOAD,0,1,0,0,0,1,0,0,pc=308 NOP-MEMORY-STAGE,,,,,,,,,,,,,,,,,,,,,,,,,,,,,,,,,,,,,,,,,
layer_0,309,LOAD ACC,COMPUTE,0,0,0,0,0,1,0,0,pc=309 LOAD ACC,,,,,,,,,0x005e2740,0x0380,MEMORY READ,,,,,,,1,2,2,0,0,0,0,,,,,,,,,,,,,,,,,
layer_0,310,ALU - add,COMPUTE,0,0,0,0,0,1,0,0,pc=310 ALU - add,,,,,,,,,,,,,,,,,,,,,,,,,0,112,113,,,,,,,,,2,448,1,448,1,0
layer_0,311,ALU - max imm,COMPUTE,0,0,0,0,0,1,0,0,pc=311 ALU - max imm,,,,,,,,,,,,,,,,,,,,,,,,,0,113,114,,,,,,,,,1,0,0,896,1,1
layer_0,312,ALU - add imm,COMPUTE,0,0,0,0,0,1,0,0,pc=312 ALU - add imm,,,,,,,,,,,,,,,,,,,,,,,,,0,114,115,,,,,,,,,1,0,0,896,1,1
layer_0,313,ALU - shr,COMPUTE,0,0,0,0,0,1,0,0,pc=313 ALU - shr,,,,,,,,,,,,,,,,,,,,,,,,,0,115,116,,,,,,,,,1,0,0,896,1,1
layer_0,314,ALU - min imm,COMPUTE,0,0,0,0,0,1,0,0,pc=314 ALU - min imm,,,,,,,,,,,,,,,,,,,,,,,,,0,116,117,,,,,,,,,1,0,0,896,1,1
layer_0,315,ALU - max imm,COMPUTE,0,0,0,1,0,1,0,1,pc=315 ALU - max imm,,,,,,,,,,,,,,,,,,,,,,,,,0,117,118,,,,,,,,,1,0,0,896,1,1
layer_0,316,LOAD ACC,COMPUTE,0,0,0,0,0,1,0,1,pc=316 LOAD ACC,,,,,,,,,0x005e2742,0x0702,MEMORY READ,,,,,,,1,2,2,0,0,0,0,,,,,,,,,,,,,,,,,
layer_0,317,ALU - add,COMPUTE,0,0,0,0,0,1,0,1,pc=317 ALU - add,,,,,,,,,,,,,,,,,,,,,,,,,0,118,119,,,,,,,,,2,448,1,448,1,0
layer_0,318,ALU - max imm,COMPUTE,0,0,0,0,0,1,0,1,pc=318 ALU - max imm,,,,,,,,,,,,,,,,,,,,,,,,,0,119,120,,,,,,,,,1,0,0,896,1,1
layer_0,319,ALU - add imm,COMPUTE,0,0,0,0,0,1,0,1,pc=319 ALU - add imm,,,,,,,,,,,,,,,,,,,,,,,,,0,120,121,,,,,,,,,1,0,0,896,1,1
layer_0,320,ALU - shr,COMPUTE,0,0,0,0,0,1,0,1,pc=320 ALU - shr,,,,,,,,,,,,,,,,,,,,,,,,,0,121,122,,,,,,,,,1,0,0,896,1,1
layer_0,321,ALU - min imm,COMPUTE,0,0,0,0,0,1,0,1,pc=321 ALU - min imm,,,,,,,,,,,,,,,,,,,,,,,,,0,122,123,,,,,,,,,1,0,0,896,1,1
layer_0,322,ALU - max imm,COMPUTE,0,0,0,1,0,1,0,2,pc=322 ALU - max imm,,,,,,,,,,,,,,,,,,,,,,,,,0,123,124,,,,,,,,,1,0,0,896,1,1
layer_0,323,STORE,STORE,1,0,1,0,0,1,1,1,pc=323 STORE,,,,,,,,,0x06050a80,0x0000,MEMORY WRITE,,,,,,,2,448,3136,0,0,0,0,,,,,,,,,,,,,,,,,
layer_0,324,STORE,STORE,1,0,1,0,0,1,2,0,pc=324 STORE,,,,,,,,,0x06052300,0x0382,MEMORY WRITE,,,,,,,2,448,3136,0,0,0,0,,,,,,,,,,,,,,,,,
layer_0,325,NOP-COMPUTE-STAGE,COMPUTE,0,1,0,0,0,1,1,0,pc=325 NOP-COMPUTE-STAGE,,,,,,,,,,,,,,,,,,,,,,,,,,,,,,,,,,,,,,,,,
layer_0,326,NOP-STORE-STAGE,STORE,0,0,1,0,0,1,2,0,pc=326 NOP-STORE-STAGE,,,,,,,,,,,,,,,,,,,,,,,,,,,,,,,,,,,,,,,,,
layer_0,327,NOP-MEMORY-STAGE,LOAD,0,1,0,0,0,0,2,0,pc=327 NOP-MEMORY-STAGE,,,,,,,,,,,,,,,,,,,,,,,,,,,,,,,,,,,,,,,,,
layer_0,328,NOP-MEMORY-STAGE,LOAD,0,0,0,1,1,0,2,0,pc=328 NOP-MEMORY-STAGE,,,,,,,,,,,,,,,,,,,,,,,,,,,,,,,,,,,,,,,,,
layer_0,329,NOP-COMPUTE-STAGE,COMPUTE,0,1,0,0,1,0,1,0,pc=329 NOP-COMPUTE-STAGE,,,,,,,,,,,,,,,,,,,,,,,,,,,,,,,,,,,,,,,,,
layer_0,330,NOP-COMPUTE-STAGE,COMPUTE,1,1,0,0,0,0,0,0,pc=330 NOP-COMPUTE-STAGE,,,,,,,,,,,,,,,,,,,,,,,,,,,,,,,,,,,,,,,,,
layer_0,331,FINISH,COMPUTE,,,,,0,0,0,0,pc=331 FINISH,,,,,,,,,,,,,,,,,,,,,,,,,,,,,,,,,,,,,,,,,
layer_1,0,NOP-STORE-STAGE,STORE,0,0,1,0,0,0,1,0,pc=0 NOP-STORE-STAGE,,,,,,,,,,,,,,,,,,,,,,,,,,,,,,,,,,,,,,,,,
layer_1,1,NOP-STORE-STAGE,STORE,0,0,1,0,0,0,2,0,pc=1 NOP-STORE-STAGE,,,,,,,,,,,,,,,,,,,,,,,,,,,,,,,,,,,,,,,,,
layer_1,2,LOAD UOP,COMPUTE,0,1,0,0,0,0,1,0,pc=2 LOAD UOP,,,,,,,,,0x18580000,0x0000,MEMORY READ,,,,,,,1,8,8,0,0,0,0,,,,,,,,,,,,,,,,,
layer_1,3,GEMM,COMPUTE,0,0,1,0,0,1,1,0,pc=3 GEMM,,,,,,,,,,,,,,,,,,,,,,,,,1,0,8,56,0,0,1,2,0,0,448,,,,,,
layer_1,4,LOAD UOP,COMPUTE,0,1,0,0,0,1,0,0,pc=4 LOAD UOP,,,,,,,,,0x18580008,0x0008,MEMORY READ,,,,,,,1,8,8,0,0,0,0,,,,,,,,,,,,,,,,,
layer_1,5,GEMM,COMPUTE,0,0,1,0,0,2,0,0,pc=5 GEMM,,,,,,,,,,,,,,,,,,,,,,,,,1,8,16,56,0,0,1,2,0,0,448,,,,,,
layer_1,6,LOAD INP,LOAD,0,1,0,0,0,1,0,0,pc=6 LOAD INP,,,,,,,,,0x06050000,0x0000,MEMORY READ,,,,,,,9,56,56,1,0,1,1,,,,,,,,,,,,,,,,,
layer_1,7,LOAD WGT,LOAD,0,0,0,1,1,1,0,0,pc=7 LOAD WGT,,,,,,,,,0x005fcd00,0x0000,MEMORY READ,,,,,,,2,9,36,0,0,0,0,,,,,,,,,,,,,,,,,
layer_1,8,LOAD INP,LOAD,0,1,0,0,1,0,0,0,pc=8 LOAD INP,,,,,,,,,0x06050000,0x0244,MEMORY READ,,,,,,,9,56,56,1,0,1,1,,,,,,,,,,,,,,,,,
layer_1,9,LOAD WGT,LOAD,0,0,0,1,2,0,0,0,pc=9 LOAD WGT,,,,,,,,,0x005fcd48,0x0012,MEMORY READ,,,,,,,2,9,36,0,0,0,0,,,,,,,,,,,,,,,,,
layer_1,10,LOAD UOP,COMPUTE,1,0,0,0,1,0,0,0,pc=10 LOAD UOP,,,,,,,,,0x18580010,0x0010,MEMORY READ,,,,,,,1,48,48,0,0,0,0,,,,,,,,,,,,,,,,,
layer_1,11,GEMM,COMPUTE,0,0,1,0,1,1,0,0,pc=11 GEMM,,,,,,,,,,,,,,,,,,,,,,,,,0,16,64,56,0,1,1,3,1,1,0,,,,,,
layer_1,12,LOAD UOP,COMPUTE,1,0,0,0,0,1,0,0,pc=12 LOAD UOP,,,,,,,,,0x18580040,0x0040,MEMORY READ,,,,,,,1,48,48,0,0,0,0,,,,,,,,,,,,,,,,,
layer_1,13,GEMM,COMPUTE,0,0,1,0,0,2,0,0,pc=13 GEMM,,,,,,,,,,,,,,,,,,,,,,,,,0,64,112,56,0,1,1,3,1,1,0,,,,,,
layer_1,14,LOAD INP,LOAD,0,1,0,0,0,1,0,0,pc=14 LOAD INP,,,,,,,,,0x06050c40,0x0000,MEMORY READ,,,,,,,9,56,56,1,0,1,1,,,,,,,,,,,,,,,,,
layer_1,15,LOAD WGT,LOAD,0,0,0,1,1,1,0,0,pc=15 LOAD WGT,,,,,,,,,0x005fcd09,0x0000,MEMORY READ,,,,,,,2,9,36,0,0,0,0,,,,,,,,,,,,,,,,,
layer_1,16,LOAD INP,LOAD,0,1,0,0,1,0,0,0,pc=16 LOAD INP,,,,,,,,,0x06050c40,0x0244,MEMORY READ,,,,,,,9,56,56,1,0,1,1,,,,,,,,,,,,,,,,,
layer_1,17,LOAD WGT,LOAD,0,0,0,1,2,0,0,0,pc=17 LOAD WGT,,,,,,,,,0x005fcd51,0x0012,MEMORY READ,,,,,,,2,9,36,0,0,0,0,,,,,,,,,,,,,,,,,
layer_1,18,GEMM,COMPUTE,1,0,1,0,1,1,0,0,pc=18 GEMM,,,,,,,,,,,,,,,,,,,,,,,,,0,16,64,56,0,1,1,3,1,1,0,,,,,,
layer_1,19,GEMM,COMPUTE,1,0,1,0,0,2,0,0,pc=19 GEMM,,,,,,,,,,,,,,,,,,,,,,,,,0,64,112,56,0,1,1,3,1,1,0,,,,,,
layer_1,20,LOAD INP,LOAD,0,1,0,0,0,1,0,0,pc=20 LOAD INP,,,,,,,,,0x06051880,0x0000,MEMORY READ,,,,,,,9,56,56,1,0,1,1,,,,,,,,,,,,,,,,,
layer_1,21,LOAD WGT,LOAD,0,0,0,1,1,1,0,0,pc=21 LOAD WGT,,,,,,,,,0x005fcd12,0x0000,MEMORY READ,,,,,,,2,9,36,0,0,0,0,,,,,,,,,,,,,,,,,
layer_1,22,LOAD INP,LOAD,0,1,0,0,1,0,0,0,pc=22 LOAD INP,,,,,,,,,0x06051880,0x0244,MEMORY READ,,,,,,,9,56,56,1,0,1,1,,,,,,,,,,,,,,,,,
layer_1,23,LOAD WGT,LOAD,0,0,0,1,2,0,0,0,pc=23 LOAD WGT,,,,,,,,,0x005fcd5a,0x0012,MEMORY READ,,,,,,,2,9,36,0,0,0,0,,,,,,,,,,,,,,,,,
layer_1,24,GEMM,COMPUTE,1,0,1,0,1,1,0,0,pc=24 GEMM,,,,,,,,,,,,,,,,,,,,,,,,,0,16,64,56,0,1,1,3,1,1,0,,,,,,
layer_1,25,GEMM,COMPUTE,1,0,1,0,0,2,0,0,pc=25 GEMM,,,,,,,,,,,,,,,,,,,,,,,,,0,64,112,56,0,1,1,3,1,1,0,,,,,,
layer_1,26,LOAD INP,LOAD,0,1,0,0,0,1,0,0,pc=26 LOAD INP,,,,,,,,,0x060524c0,0x0000,MEMORY READ,,,,,,,9,56,56,1,0,1,1,,,,,,,,,,,,,,,,,
layer_1,27,LOAD WGT,LOAD,0,0,0,1,1,1,0,0,pc=27 LOAD WGT,,,,,,,,,0x005fcd1b,0x0000,MEMORY READ,,,,,,,2,9,36,0,0,0,0,,,,,,,,,,,,,,,,,
layer_1,28,LOAD INP,LOAD,0,1,0,0,1,0,0,0,pc=28 LOAD INP,,,,,,,,,0x060524c0,0x0244,MEMORY READ,,,,,,,9,56,56,1,0,1,1,,,,,,,,,,,,,,,,,
layer_1,29,LOAD WGT,LOAD,0,0,0,1,2,0,0,0,pc=29 LOAD WGT,,,,,,,,,0x005fcd63,0x0012,MEMORY READ,,,,,,,2,9,36,0,0,0,0,,,,,,,,,,,,,,,,,
layer_1,30,GEMM,COMPUTE,1,0,1,0,1,1,0,0,pc=30 GEMM,,,,,,,,,,,,,,,,,,,,,,,,,0,16,64,56,0,1,1,3,1,1,0,,,,,,
layer_1,31,GEMM,COMPUTE,1,0,1,0,0,2,0,0,pc=31 GEMM,,,,,,,,,,,,,,,,,,,,,,,,,0,64,112,56,0,1,1,3,1,1,0,,,,,,
layer_1,32,NOP-MEMORY-STAGE,LOAD,0,1,0,0,0,1,0,0,pc=32 NOP-MEMORY-STAGE,,,,,,,,,,,,,,,,,,,,,,,,,,,,,,,,,,,,,,,,,
layer_1,33,LOAD ACC,COMPUTE,0,0,0,0,0,1,0,0,pc=33 LOAD ACC,,,,,,,,,0x005e09c0,0x0380,MEMORY READ,,,,,,,1,2,2,0,0,0,0,,,,,,,,,,,,,,,,,
layer_1,34,LOAD UOP,COMPUTE,0,0,0,0,0,1,0,0,pc=34 LOAD UOP,,,,,,,,,0x18580070,0x0070,MEMORY READ,,,,,,,1,1,1,0,0,0,0,,,,,,,,,,,,,,,,,
layer_1,35,ALU - add,COMPUTE,0,0,0,0,0,1,0,0,pc=35 ALU - add,,,,,,,,,,,,,,,,,,,,,,,,,0,112,113,,,,,,,,,2,448,1,448,1,0
layer_1,36,LOAD UOP,COMPUTE,0,0,0,0,0,1,0,0,pc=36 LOAD UOP,,,,,,,,,0x18580071,0x0071,MEMORY READ,,,,,,,1,1,1,0,0,0,0,,,,,,,,,,,,,,,,,
layer_1,37,ALU - add imm,COMPUTE,0,0,0,0,0,1,0,0,pc=37 ALU - add imm,,,,,,,,,,,,,,,,,,,,,,,,,0,113,114,,,,,,,,,1,0,0,896,1,1
layer_1,38,LOAD UOP,COMPUTE,0,0,0,0,0,1,0,0,pc=38 LOAD UOP,,,,,,,,,0x18580072,0x0072,MEMORY READ,,,,,,,1,1,1,0,0,0,0,,,,,,,,,,,,,,,,,
layer_1,39,ALU - shr,COMPUTE,0,0,0,0,0,1,0,0,pc=39 ALU - shr,,,,,,,,,,,,,,,,,,,,,,,,,0,114,115,,,,,,,,,1,0,0,896,1,1
layer_1,40,LOAD UOP,COMPUTE,0,0,0,0,0,1,0,0,pc=40 LOAD UOP,,,,,,,,,0x18580073,0x0073,MEMORY READ,,,,,,,1,1,1,0,0,0,0,,,,,,,,,,,,,,,,,
layer_1,41,ALU - min imm,COMPUTE,0,0,0,0,0,1,0,0,pc=41 ALU - min imm,,,,,,,,,,,,,,,,,,,,,,,,,0,115,116,,,,,,,,,1,0,0,896,1,1
layer_1,42,LOAD UOP,COMPUTE,0,0,0,0,0,1,0,0,pc=42 LOAD UOP,,,,,,,,,0x18580074,0x0074,MEMORY READ,,,,,,,1,1,1,0,0,0,0,,,,,,,,,,,,,,,,,
layer_1,43,ALU - max imm,COMPUTE,0,0,0,1,0,1,0,1,pc=43 ALU - max imm,,,,,,,,,,,,,,,,,,,,,,,,,0,116,117,,,,,,,,,1,0,0,896,1,1
layer_1,44,LOAD ACC,COMPUTE,0,0,0,0,0,1,0,1,pc=44 LOAD ACC,,,,,,,,,0x005e09c2,0x0702,MEMORY READ,,,,,,,1,2,2,0,0,0,0,,,,,,,,,,,,,,,,,
layer_1,45,LOAD UOP,COMPUTE,0,0,0,0,0,1,0,1,pc=45 LOAD UOP,,,,,,,,,0x18580075,0x0075,MEMORY READ,,,,,,,1,1,1,0,0,0,0,,,,,,,,,,,,,,,,,
layer_1,46,ALU - add,COMPUTE,0,0,0,0,0,1,0,1,pc=46 ALU - add,,,,,,,,,,,,,,,,,,,,,,,,,0,117,118,,,,,,,,,2,448,1,448,1,0
layer_1,47,LOAD UOP,COMPUTE,0,0,0,0,0,1,0,1,pc=47 LOAD UOP,,,,,,,,,0x18580076,0x0076,MEMORY READ,,,,,,,1,1,1,0,0,0,0,,,,,,,,,,,,,,,,,
layer_1,48,ALU - add imm,COMPUTE,0,0,0,0,0,1,0,1,pc=48 ALU - add imm,,,,,,,,,,,,,,,,,,,,,,,,,0,118,119,,,,,,,,,1,0,0,896,1,1
layer_1,49,LOAD UOP,COMPUTE,0,0,0,0,0,1,0,1,pc=49 LOAD UOP,,,,,,,,,0x18580077,0x0077,MEMORY READ,,,,,,,1,1,1,0,0,0,0,,,,,,,,,,,,,,,,,
layer_1,50,ALU - shr,COMPUTE,0,0,0,0,0,1,0,1,pc=50 ALU - shr,,,,,,,,,,,,,,,,,,,,,,,,,0,119,120,,,,,,,,,1,0,0,896,1,1
layer_1,51,LOAD UOP,COMPUTE,0,0,0,0,0,1,0,1,pc=51 LOAD UOP,,,,,,,,,0x18580078,0x0078,MEMORY READ,,,,,,,1,1,1,0,0,0,0,,,,,,,,,,,,,,,,,
layer_1,52,ALU - min imm,COMPUTE,0,0,0,0,0,1,0,1,pc=52 ALU - min imm,,,,,,,,,,,,,,,,,,,,,,,,,0,120,121,,,,,,,,,1,0,0,896,1,1
layer_1,53,LOAD UOP,COMPUTE,0,0,0,0,0,1,0,1,pc=53 LOAD UOP,,,,,,,,,0x18580079,0x0079,MEMORY READ,,,,,,,1,1,1,0,0,0,0,,,,,,,,,,,,,,,,,
layer_1,54,ALU - max imm,COMPUTE,0,0,0,1,0,1,0,2,pc=54 ALU - max imm,,,,,,,,,,,,,,,,,,,,,,,,,0,121,122,,,,,,,,,1,0,0,896,1,1
layer_1,55,STORE,STORE,1,0,1,0,0,1,1,1,pc=55 STORE,,,,,,,,,0x06000000,0x0000,MEMORY WRITE,,,,,,,2,448,3136,0,0,0,0,,,,,,,,,,,,,,,,,
layer_1,56,STORE,STORE,1,0,1,0,0,1,2,0,pc=56 STORE,,,,,,,,,0x06001880,0x0382,MEMORY WRITE,,,,,,,2,448,3136,0,0,0,0,,,,,,,,,,,,,,,,,
layer_1,57,GEMM,COMPUTE,0,1,1,0,0,2,1,0,pc=57 GEMM,,,,,,,,,,,,,,,,,,,,,,,,,1,0,8,56,0,0,1,2,0,0,448,,,,,,
layer_1,58,GEMM,COMPUTE,0,1,1,0,0,3,0,0,pc=58 GEMM,,,,,,,,,,,,,,,,,,,,,,,,,1,8,16,56,0,0,1,2,0,0,448,,,,,,
layer_1,59,NOP-MEMORY-STAGE,LOAD,0,1,0,0,0,2,0,0,pc=59 NOP-MEMORY-STAGE,,,,,,,,,,,,,,,,,,,,,,,,,,,,,,,,,,,,,,,,,
layer_1,60,LOAD INP,LOAD,0,1,0,0,0,1,0,0,pc=60 LOAD INP,,,,,,,,,0x06050188,0x0000,MEMORY READ,,,,,,,10,56,56,0,0,1,1,,,,,,,,,,,,,,,,,
layer_1,61,LOAD WGT,LOAD,0,0,0,1,1,1,0,0,pc=61 LOAD WGT,,,,,,,,,0x005fcd00,0x0000,MEMORY READ,,,,,,,2,9,36,0,0,0,0,,,,,,,,,,,,,,,,,
layer_1,62,LOAD INP,LOAD,0,1,0,0,1,0,0,0,pc=62 LOAD INP,,,,,,,,,0x06050188,0x0244,MEMORY READ,,,,,,,10,56,56,0,0,1,1,,,,,,,,,,,,,,,,,
layer_1,63,LOAD WGT,LOAD,0,0,0,1,2,0,0,0,pc=63 LOAD WGT,,,,,,,,,0x005fcd48,0x0012,MEMORY READ,,,,,,,2,9,36,0,0,0,0,,,,,,,,,,,,,,,,,
layer_1,64,GEMM,COMPUTE,1,0,1,0,1,1,0,0,pc=64 GEMM,,,,,,,,,,,,,,,,,,,,,,,,,0,16,64,56,0,1,1,3,1,1,0,,,,,,
layer_1,65,GEMM,COMPUTE,1,0,1,0,0,2,0,0,pc=65 GEMM,,,,,,,,,,,,,,,,,,,,,,,,,0,64,112,56,0,1,1,3,1,1,0,,,,,,
layer_1,66,LOAD INP,LOAD,0,1,0,0,0,1,0,0,pc=66 LOAD INP,,,,,,,,,0x06050dc8,0x0000,MEMORY READ,,,,,,,10,56,56,0,0,1,1,,,,,,,,,,,,,,,,,
layer_1,67,LOAD WGT,LOAD,0,0,0,1,1,1,0,0,pc=67 LOAD WGT,,,,,,,,,0x005fcd09,0x0000,MEMORY READ,,,,,,,2,9,36,0,0,0,0,,,,,,,,,,,,,,,,,
layer_1,68,LOAD INP,LOAD,0,1,0,0,1,0,0,0,pc=68 LOAD INP,,,,,,,,,0x06050dc8,0x0244,MEMORY READ,,,,,,,10,56,56,0,0,1,1,,,,,,,,,,,,,,,,,
layer_1,69,LOAD WGT,LOAD,0,0,0,1,2,0,0,0,pc=69 LOAD WGT,,,,,,,,,0x005fcd51,0x0012,MEMORY READ,,,,,,,2,9,36,0,0,0,0,,,,,,,,,,,,,,,,,
layer_1,70,GEMM,COMPUTE,1,0,1,0,1,1,0,0,pc=70 GEMM,,,,,,,,,,,,,,,,,,,,,,,,,0,16,64,56,0,1,1,3,1,1,0,,,,,,
layer_1,71,GEMM,COMPUTE,1,0,1,0,0,2,0,0,pc=71 GEMM,,,,,,,,,,,,,,,,,,,,,,,,,0,64,112,56,0,1,1,3,1,1,0,,,,,,
layer_1,72,LOAD INP,LOAD,0,1,0,0,0,1,0,0,pc=72 LOAD INP,,,,,,,,,0x06051a08,0x0000,MEMORY READ,,,,,,,10,56,56,0,0,1,1,,,,,,,,,,,,,,,,,
layer_1,73,LOAD WGT,LOAD,0,0,0,1,1,1,0,0,pc=73 LOAD WGT,,,,,,,,,0x005fcd12,0x0000,MEMORY READ,,,,,,,2,9,36,0,0,0,0,,,,,,,,,,,,,,,,,
layer_1,74,LOAD INP,LOAD,0,1,0,0,1,0,0,0,pc=74 LOAD INP,,,,,,,,,0x06051a08,0x0244,MEMORY READ,,,,,,,10,56,56,0,0,1,1,,,,,,,,,,,,,,,,,
layer_1,75,LOAD WGT,LOAD,0,0,0,1,2,0,0,0,pc=75 LOAD WGT,,,,,,,,,0x005fcd5a,0x0012,MEMORY READ,,,,,,,2,9,36,0,0,0,0,,,,,,,,,,,,,,,,,
layer_1,76,GEMM,COMPUTE,1,0,1,0,1,1,0,0,pc=76 GEMM,,,,,,,,,,,,,,,,,,,,,,,,,0,16,64,56,0,1,1,3,1,1,0,,,,,,
layer_1,77,GEMM,COMPUTE,1,0,1,0,0,2,0,0,pc=77 GEMM,,,,,,,,,,,,,,,,,,,,,,,,,0,64,112,56,0,1,1,3,1,1,0,,,,,,
layer_1,78,LOAD INP,LOAD,0,1,0,0,0,1,0,0,pc=78 LOAD INP,,,,,,,,,0x06052648,0x0000,MEMORY READ,,,,,,,10,56,56,0,0,1,1,,,,,,,,,,,,,,,,,
layer_1,79,LOAD WGT,LOAD,0,0,0,1,1,1,0,0,pc=79 LOAD WGT,,,,,,,,,0x005fcd1b,0x0000,MEMORY READ,,,,,,,2,9,36,0,0,0,0,,,,,,,,,,,,,,,,,
layer_1,80,LOAD INP,LOAD,0,1,0,0,1,0,0,0,pc=80 LOAD INP,,,,,,,,,0x06052648,0x0244,MEMORY READ,,,,,,,10,56,56,0,0,1,1,,,,,,,,,,,,,,,,,
layer_1,81,LOAD WGT,LOAD,0,0,0,1,2,0,0,0,pc=81 LOAD WGT,,,,,,,,,0x005fcd63,0x0012,MEMORY READ,,,,,,,2,9,36,0,0,0,0,,,,,,,,,,,,,,,,,
layer_1,82,GEMM,COMPUTE,1,0,1,0,1,1,0,0,pc=82 GEMM,,,,,,,,,,,,,,,,,,,,,,,,,0,16,64,56,0,1,1,3,1,1,0,,,,,,
layer_1,83,GEMM,COMPUTE,1,0,1,0,0,2,0,0,pc=83 GEMM,,,,,,,,,,,,,,,,,,,,,,,,,0,64,112,56,0,1,1,3,1,1,0,,,,,,
layer_1,84,NOP-MEMORY-STAGE,LOAD,0,1,0,0,0,1,0,0,pc=84 NOP-MEMORY-STAGE,,,,,,,,,,,,,,,,,,,,,,,,,,,,,,,,,,,,,,,,,
layer_1,85,LOAD ACC,COMPUTE,0,0,0,0,0,1,0,0,pc=85 LOAD ACC,,,,,,,,,0x005e09c0,0x0380,MEMORY READ,,,,,,,1,2,2,0,0,0,0,,,,,,,,,,,,,,,,,
layer_1,86,ALU - add,COMPUTE,0,0,0,0,0,1,0,0,pc=86 ALU - add,,,,,,,,,,,,,,,,,,,,,,,,,0,112,113,,,,,,,,,2,448,1,448,1,0
layer_1,87,ALU - add imm,COMPUTE,0,0,0,0,0,1,0,0,pc=87 ALU - add imm,,,,,,,,,,,,,,,,,,,,,,,,,0,113,114,,,,,,,,,1,0,0,896,1,1
layer_1,88,ALU - shr,COMPUTE,0,0,0,0,0,1,0,0,pc=88 ALU - shr,,,,,,,,,,,,,,,,,,,,,,,,,0,114,115,,,,,,,,,1,0,0,896,1,1
layer_1,89,ALU - min imm,COMPUTE,0,0,0,0,0,1,0,0,pc=89 ALU - min imm,,,,,,,,,,,,,,,,,,,,,,,,,0,115,116,,,,,,,,,1,0,0,896,1,1
layer_1,90,ALU - max imm,COMPUTE,0,0,0,1,0,1,0,1,pc=90 ALU - max imm,,,,,,,,,,,,,,,,,,,,,,,,,0,116,117,,,,,,,,,1,0,0,896,1,1
layer_1,91,LOAD ACC,COMPUTE,0,0,0,0,0,1,0,1,pc=91 LOAD ACC,,,,,,,,,0x005e09c2,0x0702,MEMORY READ,,,,,,,1,2,2,0,0,0,0,,,,,,,,,,,,,,,,,
layer_1,92,ALU - add,COMPUTE,0,0,0,0,0,1,0,1,pc=92 ALU - add,,,,,,,,,,,,,,,,,,,,,,,,,0,117,118,,,,,,,,,2,448,1,448,1,0
layer_1,93,ALU - add imm,COMPUTE,0,0,0,0,0,1,0,1,pc=93 ALU - add imm,,,,,,,,,,,,,,,,,,,,,,,,,0,118,119,,,,,,,,,1,0,0,896,1,1
layer_1,94,ALU - shr,COMPUTE,0,0,0,0,0,1,0,1,pc=94 ALU - shr,,,,,,,,,,,,,,,,,,,,,,,,,0,119,120,,,,,,,,,1,0,0,896,1,1
layer_1,95,ALU - min imm,COMPUTE,0,0,0,0,0,1,0,1,pc=95 ALU - min imm,,,,,,,,,,,,,,,,,,,,,,,,,0,120,121,,,,,,,,,1,0,0,896,1,1
layer_1,96,ALU - max imm,COMPUTE,0,0,0,1,0,1,0,2,pc=96 ALU - max imm,,,,,,,,,,,,,,,,,,,,,,,,,0,121,122,,,,,,,,,1,0,0,896,1,1
layer_1,97,STORE,STORE,1,0,1,0,0,1,1,1,pc=97 STORE,,,,,,,,,0x060001c0,0x0000,MEMORY WRITE,,,,,,,2,448,3136,0,0,0,0,,,,,,,,,,,,,,,,,
layer_1,98,STORE,STORE,1,0,1,0,0,1,2,0,pc=98 STORE,,,,,,,,,0x06001a40,0x0382,MEMORY WRITE,,,,,,,2,448,3136,0,0,0,0,,,,,,,,,,,,,,,,,
layer_1,99,GEMM,COMPUTE,0,1,1,0,0,2,1,0,pc=99 GEMM,,,,,,,,,,,,,,,,,,,,,,,,,1,0,8,56,0,0,1,2,0,0,448,,,,,,
layer_1,100,GEMM,COMPUTE,0,1,1,0,0,3,0,0,pc=100 GEMM,,,,,,,,,,,,,,,,,,,,,,,,,1,8,16,56,0,0,1,2,0,0,448,,,,,,
layer_1,101,NOP-MEMORY-STAGE,LOAD,0,1,0,0,0,2,0,0,pc=101 NOP-MEMORY-STAGE,,,,,,,,,,,,,,,,,,,,,,,,,,,,,,,,,,,,,,,,,
layer_1,102,LOAD INP,LOAD,0,1,0,0,0,1,0,0,pc=102 LOAD INP,,,,,,,,,0x06050348,0x0000,MEMORY READ,,,,,,,10,56,56,0,0,1,1,,,,,,,,,,,,,,,,,
layer_1,103,LOAD WGT,LOAD,0,0,0,1,1,1,0,0,pc=103 LOAD WGT,,,,,,,,,0x005fcd00,0x0000,MEMORY READ,,,,,,,2,9,36,0,0,0,0,,,,,,,,,,,,,,,,,
layer_1,104,LOAD INP,LOAD,0,1,0,0,1,0,0,0,pc=104 LOAD INP,,,,,,,,,0x06050348,0x0244,MEMORY READ,,,,,,,10,56,56,0,0,1,1,,,,,,,,,,,,,,,,,
layer_1,105,LOAD WGT,LOAD,0,0,0,1,2,0,0,0,pc=105 LOAD WGT,,,,,,,,,0x005fcd48,0x0012,MEMORY READ,,,,,,,2,9,36,0,0,0,0,,,,,,,,,,,,,,,,,
layer_1,106,GEMM,COMPUTE,1,0,1,0,1,1,0,0,pc=106 GEMM,,,,,,,,,,,,,,,,,,,,,,,,,0,16,64,56,0,1,1,3,1,1,0,,,,,,
layer_1,107,GEMM,COMPUTE,1,0,1,0,0,2,0,0,pc=107 GEMM,,,,,,,,,,,,,,,,,,,,,,,,,0,64,112,56,0,1,1,3,1,1,0,,,,,,
layer_1,108,LOAD INP,LOAD,0,1,0,0,0,1,0,0,pc=108 LOAD INP,,,,,,,,,0x06050f88,0x0000,MEMORY READ,,,,,,,10,56,56,0,0,1,1,,,,,,,,,,,,,,,,,
layer_1,109,LOAD WGT,LOAD,0,0,0,1,1,1,0,0,pc=109 LOAD WGT,,,,,,,,,0x005fcd09,0x0000,MEMORY READ,,,,,,,2,9,36,0,0,0,0,,,,,,,,,,,,,,,,,
layer_1,110,LOAD INP,LOAD,0,1,0,0,1,0,0,0,pc=110 LOAD INP,,,,,,,,,0x06050f88,0x0244,MEMORY READ,,,,,,,10,56,56,0,0,1,1,,,,,,,,,,,,,,,,,
layer_1,111,LOAD WGT,LOAD,0,0,0,1,2,0,0,0,pc=111 LOAD WGT,,,,,,,,,0x005fcd51,0x0012,MEMORY READ,,,,,,,2,9,36,0,0,0,0,,,,,,,,,,,,,,,,,
layer_1,112,GEMM,COMPUTE,1,0,1,0,1,1,0,0,pc=112 GEMM,,,,,,,,,,,,,,,,,,,,,,,,,0,16,64,56,0,1,1,3,1,1,0,,,,,,
layer_1,113,GEMM,COMPUTE,1,0,1,0,0,2,0,0,pc=113 GEMM,,,,,,,,,,,,,,,,,,,,,,,,,0,64,112,56,0,1,1,3,1,1,0,,,,,,
layer_1,114,LOAD INP,LOAD,0,1,0,0,0,1,0,0,pc=114 LOAD INP,,,,,,,,,0x06051bc8,0x0000,MEMORY READ,,,,,,,10,56,56,0,0,1,1,,,,,,,,,,,,,,,,,
layer_1,115,LOAD WGT,LOAD,0,0,0,1,1,1,0,0,pc=115 LOAD WGT,,,,,,,,,0x005fcd12,0x0000,MEMORY READ,,,,,,,2,9,36,0,0,0,0,,,,,,,,,,,,,,,,,
layer_1,116,LOAD INP,LOAD,0,1,0,0,1,0,0,0,pc=116 LOAD INP,,,,,,,,,0x06051bc8,0x0244,MEMORY READ,,,,,,,10,56,56,0,0,1,1,,,,,,,,,,,,,,,,,
layer_1,117,LOAD WGT,LOAD,0,0,0,1,2,0,0,0,pc=117 LOAD WGT,,,,,,,,,0x005fcd5a,0x0012,MEMORY READ,,,,,,,2,9,36,0,0,0,0,,,,,,,,,,,,,,,,,
layer_1,118,GEMM,COMPUTE,1,0,1,0,1,1,0,0,pc=118 GEMM,,,,,,,,,,,,,,,,,,,,,,,,,0,16,64,56,0,1,1,3,1,1,0,,,,,,
layer_1,119,GEMM,COMPUTE,1,0,1,0,0,2,0,0,pc=119 GEMM,,,,,,,,,,,,,,,,,,,,,,,,,0,64,112,56,0,1,1,3,1,1,0,,,,,,
layer_1,120,LOAD INP,LOAD,0,1,0,0,0,1,0,0,pc=120 LOAD INP,,,,,,,,,0x06052808,0x0000,MEMORY READ,,,,,,,10,56,56,0,0,1,1,,,,,,,,,,,,,,,,,
layer_1,121,LOAD WGT,LOAD,0,0,0,1,1,1,0,0,pc=121 LOAD WGT,,,,,,,,,0x005fcd1b,0x0000,MEMORY READ,,,,,,,2,9,36,0,0,0,0,,,,,,,,,,,,,,,,,
layer_1,122,LOAD INP,LOAD,0,1,0,0,1,0,0,0,pc=122 LOAD INP,,,,,,,,,0x06052808,0x0244,MEMORY READ,,,,,,,10,56,56,0,0,1,1,,,,,,,,,,,,,,,,,
layer_1,123,LOAD WGT,LOAD,0,0,0,1,2,0,0,0,pc=123 LOAD WGT,,,,,,,,,0x005fcd63,0x0012,MEMORY READ,,,,,,,2,9,36,0,0,0,0,,,,,,,,,,,,,,,,,
layer_1,124,GEMM,COMPUTE,1,0,1,0,1,1,0,0,pc=124 GEMM,,,,,,,,,,,,,,,,,,,,,,,,,0,16,64,56,0,1,1,3,1,1,0,,,,,,
layer_1,125,GEMM,COMPUTE,1,0,1,0,0,2,0,0,pc=125 GEMM,,,,,,,,,,,,,,,,,,,,,,,,,0,64,112,56,0,1,1,3,1,1,0,,,,,,
layer_1,126,NOP-MEMORY-STAGE,LOAD,0,1,0,0,0,1,0,0,pc=126 NOP-MEMORY-STAGE,,,,,,,,,,,,,,,,,,,,,,,,,,,,,,,,,,,,,,,,,
layer_1,127,LOAD ACC,COMPUTE,0,0,0,0,0,1,0,0,pc=127 LOAD ACC,,,,,,,,,0x005e09c0,0x0380,MEMORY READ,,,,,,,1,2,2,0,0,0,0,,,,,,,,,,,,,,,,,
layer_1,128,ALU - add,COMPUTE,0,0,0,0,0,1,0,0,pc=128 ALU - add,,,,,,,,,,,,,,,,,,,,,,,,,0,112,113,,,,,,,,,2,448,1,448,1,0
layer_1,129,ALU - add imm,COMPUTE,0,0,0,0,0,1,0,0,pc=129 ALU - add imm,,,,,,,,,,,,,,,,,,,,,,,,,0,113,114,,,,,,,,,1,0,0,896,1,1
layer_1,130,ALU - shr,COMPUTE,0,0,0,0,0,1,0,0,pc=130 ALU - shr,,,,,,,,,,,,,,,,,,,,,,,,,0,114,115,,,,,,,,,1,0,0,896,1,1
layer_1,131,ALU - min imm,COMPUTE,0,0,0,0,0,1,0,0,pc=131 ALU - min imm,,,,,,,,,,,,,,,,,,,,,,,,,0,115,116,,,,,,,,,1,0,0,896,1,1
layer_1,132,ALU - max imm,COMPUTE,0,0,0,1,0,1,0,1,pc=132 ALU - max imm,,,,,,,,,,,,,,,,,,,,,,,,,0,116,117,,,,,,,,,1,0,0,896,1,1
layer_1,133,LOAD ACC,COMPUTE,0,0,0,0,0,1,0,1,pc=133 LOAD ACC,,,,,,,,,0x005e09c2,0x0702,MEMORY READ,,,,,,,1,2,2,0,0,0,0,,,,,,,,,,,,,,,,,
layer_1,134,ALU - add,COMPUTE,0,0,0,0,0,1,0,1,pc=134 ALU - add,,,,,,,,,,,,,,,,,,,,,,,,,0,117,118,,,,,,,,,2,448,1,448,1,0
layer_1,135,ALU - add imm,COMPUTE,0,0,0,0,0,1,0,1,pc=135 ALU - add imm,,,,,,,,,,,,,,,,,,,,,,,,,0,118,119,,,,,,,,,1,0,0,896,1,1
layer_1,136,ALU - shr,COMPUTE,0,0,0,0,0,1,0,1,pc=136 ALU - shr,,,,,,,,,,,,,,,,,,,,,,,,,0,119,120,,,,,,,,,1,0,0,896,1,1
layer_1,137,ALU - min imm,COMPUTE,0,0,0,0,0,1,0,1,pc=137 ALU - min imm,,,,,,,,,,,,,,,,,,,,,,,,,0,120,121,,,,,,,,,1,0,0,896,1,1
layer_1,138,ALU - max imm,COMPUTE,0,0,0,1,0,1,0,2,pc=138 ALU - max imm,,,,,,,,,,,,,,,,,,,,,,,,,0,121,122,,,,,,,,,1,0,0,896,1,1
layer_1,139,STORE,STORE,1,0,1,0,0,1,1,1,pc=139 STORE,,,,,,,,,0x06000380,0x0000,MEMORY WRITE,,,,,,,2,448,3136,0,0,0,0,,,,,,,,,,,,,,,,,
layer_1,140,STORE,STORE,1,0,1,0,0,1,2,0,pc=140 STORE,,,,,,,,,0x06001c00,0x0382,MEMORY WRITE,,,,,,,2,448,3136,0,0,0,0,,,,,,,,,,,,,,,,,
layer_1,141,GEMM,COMPUTE,0,1,1,0,0,2,1,0,pc=141 GEMM,,,,,,,,,,,,,,,,,,,,,,,,,1,0,8,56,0,0,1,2,0,0,448,,,,,,
layer_1,142,GEMM,COMPUTE,0,1,1,0,0,3,0,0,pc=142 GEMM,,,,,,,,,,,,,,,,,,,,,,,,,1,8,16,56,0,0,1,2,0,0,448,,,,,,
layer_1,143,NOP-MEMORY-STAGE,LOAD,0,1,0,0,0,2,0,0,pc=143 NOP-MEMORY-STAGE,,,,,,,,,,,,,,,,,,,,,,,,,,,,,,,,,,,,,,,,,
layer_1,144,LOAD INP,LOAD,0,1,0,0,0,1,0,0,pc=144 LOAD INP,,,,,,,,,0x06050508,0x0000,MEMORY READ,,,,,,,10,56,56,0,0,1,1,,,,,,,,,,,,,,,,,
layer_1,145,LOAD WGT,LOAD,0,0,0,1,1,1,0,0,pc=145 LOAD WGT,,,,,,,,,0x005fcd00,0x0000,MEMORY READ,,,,,,,2,9,36,0,0,0,0,,,,,,,,,,,,,,,,,
layer_1,146,LOAD INP,LOAD,0,1,0,0,1,0,0,0,pc=146 LOAD INP,,,,,,,,,0x06050508,0x0244,MEMORY READ,,,,,,,10,56,56,0,0,1,1,,,,,,,,,,,,,,,,,
layer_1,147,LOAD WGT,LOAD,0,0,0,1,2,0,0,0,pc=147 LOAD WGT,,,,,,,,,0x005fcd48,0x0012,MEMORY READ,,,,,,,2,9,36,0,0,0,0,,,,,,,,,,,,,,,,,
layer_1,148,GEMM,COMPUTE,1,0,1,0,1,1,0,0,pc=148 GEMM,,,,,,,,,,,,,,,,,,,,,,,,,0,16,64,56,0,1,1,3,1,1,0,,,,,,
layer_1,149,GEMM,COMPUTE,1,0,1,0,0,2,0,0,pc=149 GEMM,,,,,,,,,,,,,,,,,,,,,,,,,0,64,112,56,0,1,1,3,1,1,0,,,,,,
layer_1,150,LOAD INP,LOAD,0,1,0,0,0,1,0,0,pc=150 LOAD INP,,,,,,,,,0x06051148,0x0000,MEMORY READ,,,,,,,10,56,56,0,0,1,1,,,,,,,,,,,,,,,,,
layer_1,151,LOAD WGT,LOAD,0,0,0,1,1,1,0,0,pc=151 LOAD WGT,,,,,,,,,0x005fcd09,0x0000,MEMORY READ,,,,,,,2,9,36,0,0,0,0,,,,,,,,,,,,,,,,,
layer_1,152,LOAD INP,LOAD,0,1,0,0,1,0,0,0,pc=152 LOAD INP,,,,,,,,,0x06051148,0x0244,MEMORY READ,,,,,,,10,56,56,0,0,1,1,,,,,,,,,,,,,,,,,
layer_1,153,LOAD WGT,LOAD,0,0,0,1,2,0,0,0,pc=153 LOAD WGT,,,,,,,,,0x005fcd51,0x0012,MEMORY READ,,,,,,,2,9,36,0,0,0,0,,,,,,,,,,,,,,,,,
layer_1,154,GEMM,COMPUTE,1,0,1,0,1,1,0,0,pc=154 GEMM,,,,,,,,,,,,,,,,,,,,,,,,,0,16,64,56,0,1,1,3,1,1,0,,,,,,
layer_1,155,GEMM,COMPUTE,1,0,1,0,0,2,0,0,pc=155 GEMM,,,,,,,,,,,,,,,,,,,,,,,,,0,64,112,56,0,1,1,3,1,1,0,,,,,,
layer_1,156,LOAD INP,LOAD,0,1,0,0,0,1,0,0,pc=156 LOAD INP,,,,,,,,,0x06051d88,0x0000,MEMORY READ,,,,,,,10,56,56,0,0,1,1,,,,,,,,,,,,,,,,,
layer_1,157,LOAD WGT,LOAD,0,0,0,1,1,1,0,0,pc=157 LOAD WGT,,,,,,,,,0x005fcd12,0x0000,MEMORY READ,,,,,,,2,9,36,0,0,0,0,,,,,,,,,,,,,,,,,
layer_1,158,LOAD INP,LOAD,0,1,0,0,1,0,0,0,pc=158 LOAD INP,,,,,,,,,0x06051d88,0x0244,MEMORY READ,,,,,,,10,56,56,0,0,1,1,,,,,,,,,,,,,,,,,
layer_1,159,LOAD WGT,LOAD,0,0,0,1,2,0,0,0,pc=159 LOAD WGT,,,,,,,,,0x005fcd5a,0x0012,MEMORY READ,,,,,,,2,9,36,0,0,0,0,,,,,,,,,,,,,,,,,
layer_1,160,GEMM,COMPUTE,1,0,1,0,1,1,0,0,pc=160 GEMM,,,,,,,,,,,,,,,,,,,,,,,,,0,16,64,56,0,1,1,3,1,1,0,,,,,,
layer_1,161,GEMM,COMPUTE,1,0,1,0,0,2,0,0,pc=161 GEMM,,,,,,,,,,,,,,,,,,,,,,,,,0,64,112,56,0,1,1,3,1,1,0,,,,,,
layer_1,162,LOAD INP,LOAD,0,1,0,0,0,1,0,0,pc=162 LOAD INP,,,,,,,,,0x060529c8,0x0000,MEMORY READ,,,,,,,10,56,56,0,0,1,1,,,,,,,,,,,,,,,,,
layer_1,163,LOAD WGT,LOAD,0,0,0,1,1,1,0,0,pc=163 LOAD WGT,,,,,,,,,0x005fcd1b,0x0000,MEMORY READ,,,,,,,2,9,36,0,0,0,0,,,,,,,,,,,,,,,,,
layer_1,164,LOAD INP,LOAD,0,1,0,0,1,0,0,0,pc=164 LOAD INP,,,,,,,,,0x060529c8,0x0244,MEMORY READ,,,,,,,10,56,56,0,0,1,1,,,,,,,,,,,,,,,,,
layer_1,165,LOAD WGT,LOAD,0,0,0,1,2,0,0,0,pc=165 LOAD WGT,,,,,,,,,0x005fcd63,0x0012,MEMORY READ,,,,,,,2,9,36,0,0,0,0,,,,,,,,,,,,,,,,,
layer_1,166,GEMM,COMPUTE,1,0,1,0,1,1,0,0,pc=166 GEMM,,,,,,,,,,,,,,,,,,,,,,,,,0,16,64,56,0,1,1,3,1,1,0,,,,,,
layer_1,167,GEMM,COMPUTE,1,0,1,0,0,2,0,0,pc=167 GEMM,,,,,,,,,,,,,,,,,,,,,,,,,0,64,112,56,0,1,1,3,1,1,0,,,,,,
layer_1,168,NOP-MEMORY-STAGE,LOAD,0,1,0,0,0,1,0,0,pc=168 NOP-MEMORY-STAGE,,,,,,,,,,,,,,,,,,,,,,,,,,,,,,,,,,,,,,,,,
layer_1,169,LOAD ACC,COMPUTE,0,0,0,0,0,1,0,0,pc=169 LOAD ACC,,,,,,,,,0x005e09c0,0x0380,MEMORY READ,,,,,,,1,2,2,0,0,0,0,,,,,,,,,,,,,,,,,
layer_1,170,ALU - add,COMPUTE,0,0,0,0,0,1,0,0,pc=170 ALU - add,,,,,,,,,,,,,,,,,,,,,,,,,0,112,113,,,,,,,,,2,448,1,448,1,0
layer_1,171,ALU - add imm,COMPUTE,0,0,0,0,0,1,0,0,pc=171 ALU - add imm,,,,,,,,,,,,,,,,,,,,,,,,,0,113,114,,,,,,,,,1,0,0,896,1,1
layer_1,172,ALU - shr,COMPUTE,0,0,0,0,0,1,0,0,pc=172 ALU - shr,,,,,,,,,,,,,,,,,,,,,,,,,0,114,115,,,,,,,,,1,0,0,896,1,1
layer_1,173,ALU - min imm,COMPUTE,0,0,0,0,0,1,0,0,pc=173 ALU - min imm,,,,,,,,,,,,,,,,,,,,,,,,,0,115,116,,,,,,,,,1,0,0,896,1,1
layer_1,174,ALU - max imm,COMPUTE,0,0,0,1,0,1,0,1,pc=174 ALU - max imm,,,,,,,,,,,,,,,,,,,,,,,,,0,116,117,,,,,,,,,1,0,0,896,1,1
layer_1,175,LOAD ACC,COMPUTE,0,0,0,0,0,1,0,1,pc=175 LOAD ACC,,,,,,,,,0x005e09c2,0x0702,MEMORY READ,,,,,,,1,2,2,0,0,0,0,,,,,,,,,,,,,,,,,
layer_1,176,ALU - add,COMPUTE,0,0,0,0,0,1,0,1,pc=176 ALU - add,,,,,,,,,,,,,,,,,,,,,,,,,0,117,118,,,,,,,,,2,448,1,448,1,0
layer_1,177,ALU - add imm,COMPUTE,0,0,0,0,0,1,0,1,pc=177 ALU - add imm,,,,,,,,,,,,,,,,,,,,,,,,,0,118,119,,,,,,,,,1,0,0,896,1,1
layer_1,178,ALU - shr,COMPUTE,0,0,0,0,0,1,0,1,pc=178 ALU - shr,,,,,,,,,,,,,,,,,,,,,,,,,0,119,120,,,,,,,,,1,0,0,896,1,1
layer_1,179,ALU - min imm,COMPUTE,0,0,0,0,0,1,0,1,pc=179 ALU - min imm,,,,,,,,,,,,,,,,,,,,,,,,,0,120,121,,,,,,,,,1,0,0,896,1,1
layer_1,180,ALU - max imm,COMPUTE,0,0,0,1,0,1,0,2,pc=180 ALU - max imm,,,,,,,,,,,,,,,,,,,,,,,,,0,121,122,,,,,,,,,1,0,0,896,1,1
layer_1,181,STORE,STORE,1,0,1,0,0,1,1,1,pc=181 STORE,,,,,,,,,0x06000540,0x0000,MEMORY WRITE,,,,,,,2,448,3136,0,0,0,0,,,,,,,,,,,,,,,,,
layer_1,182,STORE,STORE,1,0,1,0,0,1,2,0,pc=182 STORE,,,,,,,,,0x06001dc0,0x0382,MEMORY WRITE,,,,,,,2,448,3136,0,0,0,0,,,,,,,,,,,,,,,,,
layer_1,183,GEMM,COMPUTE,0,1,1,0,0,2,1,0,pc=183 GEMM,,,,,,,,,,,,,,,,,,,,,,,,,1,0,8,56,0,0,1,2,0,0,448,,,,,,
layer_1,184,GEMM,COMPUTE,0,1,1,0,0,3,0,0,pc=184 GEMM,,,,,,,,,,,,,,,,,,,,,,,,,1,8,16,56,0,0,1,2,0,0,448,,,,,,
layer_1,185,NOP-MEMORY-STAGE,LOAD,0,1,0,0,0,2,0,0,pc=185 NOP-MEMORY-STAGE,,,,,,,,,,,,,,,,,,,,,,,,,,,,,,,,,,,,,,,,,
layer_1,186,LOAD INP,LOAD,0,1,0,0,0,1,0,0,pc=186 LOAD INP,,,,,,,,,0x060506c8,0x0000,MEMORY READ,,,,,,,10,56,56,0,0,1,1,,,,,,,,,,,,,,,,,
layer_1,187,LOAD WGT,LOAD,0,0,0,1,1,1,0,0,pc=187 LOAD WGT,,,,,,,,,0x005fcd00,0x0000,MEMORY READ,,,,,,,2,9,36,0,0,0,0,,,,,,,,,,,,,,,,,
layer_1,188,LOAD INP,LOAD,0,1,0,0,1,0,0,0,pc=188 LOAD INP,,,,,,,,,0x060506c8,0x0244,MEMORY READ,,,,,,,10,56,56,0,0,1,1,,,,,,,,,,,,,,,,,
layer_1,189,LOAD WGT,LOAD,0,0,0,1,2,0,0,0,pc=189 LOAD WGT,,,,,,,,,0x005fcd48,0x0012,MEMORY READ,,,,,,,2,9,36,0,0,0,0,,,,,,,,,,,,,,,,,
layer_1,190,GEMM,COMPUTE,1,0,1,0,1,1,0,0,pc=190 GEMM,,,,,,,,,,,,,,,,,,,,,,,,,0,16,64,56,0,1,1,3,1,1,0,,,,,,
layer_1,191,GEMM,COMPUTE,1,0,1,0,0,2,0,0,pc=191 GEMM,,,,,,,,,,,,,,,,,,,,,,,,,0,64,112,56,0,1,1,3,1,1,0,,,,,,
layer_1,192,LOAD INP,LOAD,0,1,0,0,0,1,0,0,pc=192 LOAD INP,,,,,,,,,0x06051308,0x0000,MEMORY READ,,,,,,,10,56,56,0,0,1,1,,,,,,,,,,,,,,,,,
layer_1,193,LOAD WGT,LOAD,0,0,0,1,1,1,0,0,pc=193 LOAD WGT,,,,,,,,,0x005fcd09,0x0000,MEMORY READ,,,,,,,2,9,36,0,0,0,0,,,,,,,,,,,,,,,,,
layer_1,194,LOAD INP,LOAD,0,1,0,0,1,0,0,0,pc=194 LOAD INP,,,,,,,,,0x06051308,0x0244,MEMORY READ,,,,,,,10,56,56,0,0,1,1,,,,,,,,,,,,,,,,,
layer_1,195,LOAD WGT,LOAD,0,0,0,1,2,0,0,0,pc=195 LOAD WGT,,,,,,,,,0x005fcd51,0x0012,MEMORY READ,,,,,,,2,9,36,0,0,0,0,,,,,,,,,,,,,,,,,
layer_1,196,GEMM,COMPUTE,1,0,1,0,1,1,0,0,pc=196 GEMM,,,,,,,,,,,,,,,,,,,,,,,,,0,16,64,56,0,1,1,3,1,1,0,,,,,,
layer_1,197,GEMM,COMPUTE,1,0,1,0,0,2,0,0,pc=197 GEMM,,,,,,,,,,,,,,,,,,,,,,,,,0,64,112,56,0,1,1,3,1,1,0,,,,,,
layer_1,198,LOAD INP,LOAD,0,1,0,0,0,1,0,0,pc=198 LOAD INP,,,,,,,,,0x06051f48,0x0000,MEMORY READ,,,,,,,10,56,56,0,0,1,1,,,,,,,,,,,,,,,,,
layer_1,199,LOAD WGT,LOAD,0,0,0,1,1,1,0,0,pc=199 LOAD WGT,,,,,,,,,0x005fcd12,0x0000,MEMORY READ,,,,,,,2,9,36,0,0,0,0,,,,,,,,,,,,,,,,,
layer_1,200,LOAD INP,LOAD,0,1,0,0,1,0,0,0,pc=200 LOAD INP,,,,,,,,,0x06051f48,0x0244,MEMORY READ,,,,,,,10,56,56,0,0,1,1,,,,,,,,,,,,,,,,,
layer_1,201,LOAD WGT,LOAD,0,0,0,1,2,0,0,0,pc=201 LOAD WGT,,,,,,,,,0x005fcd5a,0x0012,MEMORY READ,,,,,,,2,9,36,0,0,0,0,,,,,,,,,,,,,,,,,
layer_1,202,GEMM,COMPUTE,1,0,1,0,1,1,0,0,pc=202 GEMM,,,,,,,,,,,,,,,,,,,,,,,,,0,16,64,56,0,1,1,3,1,1,0,,,,,,
layer_1,203,GEMM,COMPUTE,1,0,1,0,0,2,0,0,pc=203 GEMM,,,,,,,,,,,,,,,,,,,,,,,,,0,64,112,56,0,1,1,3,1,1,0,,,,,,
layer_1,204,LOAD INP,LOAD,0,1,0,0,0,1,0,0,pc=204 LOAD INP,,,,,,,,,0x06052b88,0x0000,MEMORY READ,,,,,,,10,56,56,0,0,1,1,,,,,,,,,,,,,,,,,
layer_1,205,LOAD WGT,LOAD,0,0,0,1,1,1,0,0,pc=205 LOAD WGT,,,,,,,,,0x005fcd1b,0x0000,MEMORY READ,,,,,,,2,9,36,0,0,0,0,,,,,,,,,,,,,,,,,
layer_1,206,LOAD INP,LOAD,0,1,0,0,1,0,0,0,pc=206 LOAD INP,,,,,,,,,0x06052b88,0x0244,MEMORY READ,,,,,,,10,56,56,0,0,1,1,,,,,,,,,,,,,,,,,
layer_1,207,LOAD WGT,LOAD,0,0,0,1,2,0,0,0,pc=207 LOAD WGT,,,,,,,,,0x005fcd63,0x0012,MEMORY READ,,,,,,,2,9,36,0,0,0,0,,,,,,,,,,,,,,,,,
layer_1,208,GEMM,COMPUTE,1,0,1,0,1,1,0,0,pc=208 GEMM,,,,,,,,,,,,,,,,,,,,,,,,,0,16,64,56,0,1,1,3,1,1,0,,,,,,
layer_1,209,GEMM,COMPUTE,1,0,1,0,0,2,0,0,pc=209 GEMM,,,,,,,,,,,,,,,,,,,,,,,,,0,64,112,56,0,1,1,3,1,1,0,,,,,,
layer_1,210,NOP-MEMORY-STAGE,LOAD,0,1,0,0,0,1,0,0,pc=210 NOP-MEMORY-STAGE,,,,,,,,,,,,,,,,,,,,,,,,,,,,,,,,,,,,,,,,,
layer_1,211,LOAD ACC,COMPUTE,0,0,0,0,0,1,0,0,pc=211 LOAD ACC,,,,,,,,,0x005e09c0,0x0380,MEMORY READ,,,,,,,1,2,2,0,0,0,0,,,,,,,,,,,,,,,,,
layer_1,212,ALU - add,COMPUTE,0,0,0,0,0,1,0,0,pc=212 ALU - add,,,,,,,,,,,,,,,,,,,,,,,,,0,112,113,,,,,,,,,2,448,1,448,1,0
layer_1,213,ALU - add imm,COMPUTE,0,0,0,0,0,1,0,0,pc=213 ALU - add imm,,,,,,,,,,,,,,,,,,,,,,,,,0,113,114,,,,,,,,,1,0,0,896,1,1
layer_1,214,ALU - shr,COMPUTE,0,0,0,0,0,1,0,0,pc=214 ALU - shr,,,,,,,,,,,,,,,,,,,,,,,,,0,114,115,,,,,,,,,1,0,0,896,1,1
layer_1,215,ALU - min imm,COMPUTE,0,0,0,0,0,1,0,0,pc=215 ALU - min imm,,,,,,,,,,,,,,,,,,,,,,,,,0,115,116,,,,,,,,,1,0,0,896,1,1
layer_1,216,ALU - max imm,COMPUTE,0,0,0,1,0,1,0,1,pc=216 ALU - max imm,,,,,,,,,,,,,,,,,,,,,,,,,0,116,117,,,,,,,,,1,0,0,896,1,1
layer_1,217,LOAD ACC,COMPUTE,0,0,0,0,0,1,0,1,pc=217 LOAD ACC,,,,,,,,,0x005e09c2,0x0702,MEMORY READ,,,,,,,1,2,2,0,0,0,0,,,,,,,,,,,,,,,,,
layer_1,218,ALU - add,COMPUTE,0,0,0,0,0,1,0,1,pc=218 ALU - add,,,,,,,,,,,,,,,,,,,,,,,,,0,117,118,,,,,,,,,2,448,1,448,1,0
layer_1,219,ALU - add imm,COMPUTE,0,0,0,0,0,1,0,1,pc=219 ALU - add imm,,,,,,,,,,,,,,,,,,,,,,,,,0,118,119,,,,,,,,,1,0,0,896,1,1
layer_1,220,ALU - shr,COMPUTE,0,0,0,0,0,1,0,1,pc=220 ALU - shr,,,,,,,,,,,,,,,,,,,,,,,,,0,119,120,,,,,,,,,1,0,0,896,1,1
layer_1,221,ALU - min imm,COMPUTE,0,0,0,0,0,1,0,1,pc=221 ALU - min imm,,,,,,,,,,,,,,,,,,,,,,,,,0,120,121,,,,,,,,,1,0,0,896,1,1
layer_1,222,ALU - max imm,COMPUTE,0,0,0,1,0,1,0,2,pc=222 ALU - max imm,,,,,,,,,,,,,,,,,,,,,,,,,0,121,122,,,,,,,,,1,0,0,896,1,1
layer_1,223,STORE,STORE,1,0,1,0,0,1,1,1,pc=223 STORE,,,,,,,,,0x06000700,0x0000,MEMORY WRITE,,,,,,,2,448,3136,0,0,0,0,,,,,,,,,,,,,,,,,
layer_1,224,STORE,STORE,1,0,1,0,0,1,2,0,pc=224 STORE,,,,,,,,,0x06001f80,0x0382,MEMORY WRITE,,,,,,,2,448,3136,0,0,0,0,,,,,,,,,,,,,,,,,
layer_1,225,GEMM,COMPUTE,0,1,1,0,0,2,1,0,pc=225 GEMM,,,,,,,,,,,,,,,,,,,,,,,,,1,0,8,56,0,0,1,2,0,0,448,,,,,,
layer_1,226,GEMM,COMPUTE,0,1,1,0,0,3,0,0,pc=226 GEMM,,,,,,,,,,,,,,,,,,,,,,,,,1,8,16,56,0,0,1,2,0,0,448,,,,,,
layer_1,227,NOP-MEMORY-STAGE,LOAD,0,1,0,0,0,2,0,0,pc=227 NOP-MEMORY-STAGE,,,,,,,,,,,,,,,,,,,,,,,,,,,,,,,,,,,,,,,,,
layer_1,228,LOAD INP,LOAD,0,1,0,0,0,1,0,0,pc=228 LOAD INP,,,,,,,,,0x06050888,0x0000,MEMORY READ,,,,,,,10,56,56,0,0,1,1,,,,,,,,,,,,,,,,,
layer_1,229,LOAD WGT,LOAD,0,0,0,1,1,1,0,0,pc=229 LOAD WGT,,,,,,,,,0x005fcd00,0x0000,MEMORY READ,,,,,,,2,9,36,0,0,0,0,,,,,,,,,,,,,,,,,
layer_1,230,LOAD INP,LOAD,0,1,0,0,1,0,0,0,pc=230 LOAD INP,,,,,,,,,0x06050888,0x0244,MEMORY READ,,,,,,,10,56,56,0,0,1,1,,,,,,,,,,,,,,,,,
layer_1,231,LOAD WGT,LOAD,0,0,0,1,2,0,0,0,pc=231 LOAD WGT,,,,,,,,,0x005fcd48,0x0012,MEMORY READ,,,,,,,2,9,36,0,0,0,0,,,,,,,,,,,,,,,,,
layer_1,232,GEMM,COMPUTE,1,0,1,0,1,1,0,0,pc=232 GEMM,,,,,,,,,,,,,,,,,,,,,,,,,0,16,64,56,0,1,1,3,1,1,0,,,,,,
layer_1,233,GEMM,COMPUTE,1,0,1,0,0,2,0,0,pc=233 GEMM,,,,,,,,,,,,,,,,,,,,,,,,,0,64,112,56,0,1,1,3,1,1,0,,,,,,
layer_1,234,LOAD INP,LOAD,0,1,0,0,0,1,0,0,pc=234 LOAD INP,,,,,,,,,0x060514c8,0x0000,MEMORY READ,,,,,,,10,56,56,0,0,1,1,,,,,,,,,,,,,,,,,
layer_1,235,LOAD WGT,LOAD,0,0,0,1,1,1,0,0,pc=235 LOAD WGT,,,,,,,,,0x005fcd09,0x0000,MEMORY READ,,,,,,,2,9,36,0,0,0,0,,,,,,,,,,,,,,,,,
layer_1,236,LOAD INP,LOAD,0,1,0,0,1,0,0,0,pc=236 LOAD INP,,,,,,,,,0x060514c8,0x0244,MEMORY READ,,,,,,,10,56,56,0,0,1,1,,,,,,,,,,,,,,,,,
layer_1,237,LOAD WGT,LOAD,0,0,0,1,2,0,0,0,pc=237 LOAD WGT,,,,,,,,,0x005fcd51,0x0012,MEMORY READ,,,,,,,2,9,36,0,0,0,0,,,,,,,,,,,,,,,,,
layer_1,238,GEMM,COMPUTE,1,0,1,0,1,1,0,0,pc=238 GEMM,,,,,,,,,,,,,,,,,,,,,,,,,0,16,64,56,0,1,1,3,1,1,0,,,,,,
layer_1,239,GEMM,COMPUTE,1,0,1,0,0,2,0,0,pc=239 GEMM,,,,,,,,,,,,,,,,,,,,,,,,,0,64,112,56,0,1,1,3,1,1,0,,,,,,
layer_1,240,LOAD INP,LOAD,0,1,0,0,0,1,0,0,pc=240 LOAD INP,,,,,,,,,0x06052108,0x0000,MEMORY READ,,,,,,,10,56,56,0,0,1,1,,,,,,,,,,,,,,,,,
layer_1,241,LOAD WGT,LOAD,0,0,0,1,1,1,0,0,pc=241 LOAD WGT,,,,,,,,,0x005fcd12,0x0000,MEMORY READ,,,,,,,2,9,36,0,0,0,0,,,,,,,,,,,,,,,,,
layer_1,242,LOAD INP,LOAD,0,1,0,0,1,0,0,0,pc=242 LOAD INP,,,,,,,,,0x06052108,0x0244,MEMORY READ,,,,,,,10,56,56,0,0,1,1,,,,,,,,,,,,,,,,,
layer_1,243,LOAD WGT,LOAD,0,0,0,1,2,0,0,0,pc=243 LOAD WGT,,,,,,,,,0x005fcd5a,0x0012,MEMORY READ,,,,,,,2,9,36,0,0,0,0,,,,,,,,,,,,,,,,,
layer_1,244,GEMM,COMPUTE,1,0,1,0,1,1,0,0,pc=244 GEMM,,,,,,,,,,,,,,,,,,,,,,,,,0,16,64,56,0,1,1,3,1,1,0,,,,,,
layer_1,245,GEMM,COMPUTE,1,0,1,0,0,2,0,0,pc=245 GEMM,,,,,,,,,,,,,,,,,,,,,,,,,0,64,112,56,0,1,1,3,1,1,0,,,,,,
layer_1,246,LOAD INP,LOAD,0,1,0,0,0,1,0,0,pc=246 LOAD INP,,,,,,,,,0x06052d48,0x0000,MEMORY READ,,,,,,,10,56,56,0,0,1,1,,,,,,,,,,,,,,,,,
layer_1,247,LOAD WGT,LOAD,0,0,0,1,1,1,0,0,pc=247 LOAD WGT,,,,,,,,,0x005fcd1b,0x0000,MEMORY READ,,,,,,,2,9,36,0,0,0,0,,,,,,,,,,,,,,,,,
layer_1,248,LOAD INP,LOAD,0,1,0,0,1,0,0,0,pc=248 LOAD INP,,,,,,,,,0x06052d48,0x0244,MEMORY READ,,,,,,,10,56,56,0,0,1,1,,,,,,,,,,,,,,,,,
layer_1,249,LOAD WGT,LOAD,0,0,0,1,2,0,0,0,pc=249 LOAD WGT,,,,,,,,,0x005fcd63,0x0012,MEMORY READ,,,,,,,2,9,36,0,0,0,0,,,,,,,,,,,,,,,,,
layer_1,250,GEMM,COMPUTE,1,0,1,0,1,1,0,0,pc=250 GEMM,,,,,,,,,,,,,,,,,,,,,,,,,0,16,64,56,0,1,1,3,1,1,0,,,,,,
layer_1,251,GEMM,COMPUTE,1,0,1,0,0,2,0,0,pc=251 GEMM,,,,,,,,,,,,,,,,,,,,,,,,,0,64,112,56,0,1,1,3,1,1,0,,,,,,
layer_1,252,NOP-MEMORY-STAGE,LOAD,0,1,0,0,0,1,0,0,pc=252 NOP-MEMORY-STAGE,,,,,,,,,,,,,,,,,,,,,,,,,,,,,,,,,,,,,,,,,
layer_1,253,LOAD ACC,COMPUTE,0,0,0,0,0,1,0,0,pc=253 LOAD ACC,,,,,,,,,0x005e09c0,0x0380,MEMORY READ,,,,,,,1,2,2,0,0,0,0,,,,,,,,,,,,,,,,,
layer_1,254,ALU - add,COMPUTE,0,0,0,0,0,1,0,0,pc=254 ALU - add,,,,,,,,,,,,,,,,,,,,,,,,,0,112,113,,,,,,,,,2,448,1,448,1,0
layer_1,255,ALU - add imm,COMPUTE,0,0,0,0,0,1,0,0,pc=255 ALU - add imm,,,,,,,,,,,,,,,,,,,,,,,,,0,113,114,,,,,,,,,1,0,0,896,1,1
layer_1,256,ALU - shr,COMPUTE,0,0,0,0,0,1,0,0,pc=256 ALU - shr,,,,,,,,,,,,,,,,,,,,,,,,,0,114,115,,,,,,,,,1,0,0,896,1,1
layer_1,257,ALU - min imm,COMPUTE,0,0,0,0,0,1,0,0,pc=257 ALU - min imm,,,,,,,,,,,,,,,,,,,,,,,,,0,115,116,,,,,,,,,1,0,0,896,1,1
layer_1,258,ALU - max imm,COMPUTE,0,0,0,1,0,1,0,1,pc=258 ALU - max imm,,,,,,,,,,,,,,,,,,,,,,,,,0,116,117,,,,,,,,,1,0,0,896,1,1
layer_1,259,LOAD ACC,COMPUTE,0,0,0,0,0,1,0,1,pc=259 LOAD ACC,,,,,,,,,0x005e09c2,0x0702,MEMORY READ,,,,,,,1,2,2,0,0,0,0,,,,,,,,,,,,,,,,,
layer_1,260,ALU - add,COMPUTE,0,0,0,0,0,1,0,1,pc=260 ALU - add,,,,,,,,,,,,,,,,,,,,,,,,,0,117,118,,,,,,,,,2,448,1,448,1,0
layer_1,261,ALU - add imm,COMPUTE,0,0,0,0,0,1,0,1,pc=261 ALU - add imm,,,,,,,,,,,,,,,,,,,,,,,,,0,118,119,,,,,,,,,1,0,0,896,1,1
layer_1,262,ALU - shr,COMPUTE,0,0,0,0,0,1,0,1,pc=262 ALU - shr,,,,,,,,,,,,,,,,,,,,,,,,,0,119,120,,,,,,,,,1,0,0,896,1,1
layer_1,263,ALU - min imm,COMPUTE,0,0,0,0,0,1,0,1,pc=263 ALU - min imm,,,,,,,,,,,,,,,,,,,,,,,,,0,120,121,,,,,,,,,1,0,0,896,1,1
layer_1,264,ALU - max imm,COMPUTE,0,0,0,1,0,1,0,2,pc=264 ALU - max imm,,,,,,,,,,,,,,,,,,,,,,,,,0,121,122,,,,,,,,,1,0,0,896,1,1
layer_1,265,STORE,STORE,1,0,1,0,0,1,1,1,pc=265 STORE,,,,,,,,,0x060008c0,0x0000,MEMORY WRITE,,,,,,,2,448,3136,0,0,0,0,,,,,,,,,,,,,,,,,
layer_1,266,STORE,STORE,1,0,1,0,0,1,2,0,pc=266 STORE,,,,,,,,,0x06002140,0x0382,MEMORY WRITE,,,,,,,2,448,3136,0,0,0,0,,,,,,,,,,,,,,,,,
layer_1,267,GEMM,COMPUTE,0,1,1,0,0,2,1,0,pc=267 GEMM,,,,,,,,,,,,,,,,,,,,,,,,,1,0,8,56,0,0,1,2,0,0,448,,,,,,
layer_1,268,GEMM,COMPUTE,0,1,1,0,0,3,0,0,pc=268 GEMM,,,,,,,,,,,,,,,,,,,,,,,,,1,8,16,56,0,0,1,2,0,0,448,,,,,,
layer_1,269,NOP-MEMORY-STAGE,LOAD,0,1,0,0,0,2,0,0,pc=269 NOP-MEMORY-STAGE,,,,,,,,,,,,,,,,,,,,,,,,,,,,,,,,,,,,,,,,,
layer_1,270,LOAD INP,LOAD,0,1,0,0,0,1,0,0,pc=270 LOAD INP,,,,,,,,,0x06050a48,0x0000,MEMORY READ,,,,,,,9,56,56,0,1,1,1,,,,,,,,,,,,,,,,,
layer_1,271,LOAD WGT,LOAD,0,0,0,1,1,1,0,0,pc=271 LOAD WGT,,,,,,,,,0x005fcd00,0x0000,MEMORY READ,,,,,,,2,9,36,0,0,0,0,,,,,,,,,,,,,,,,,
layer_1,272,LOAD INP,LOAD,0,1,0,0,1,0,0,0,pc=272 LOAD INP,,,,,,,,,0x06050a48,0x0244,MEMORY READ,,,,,,,9,56,56,0,1,1,1,,,,,,,,,,,,,,,,,
layer_1,273,LOAD WGT,LOAD,0,0,0,1,2,0,0,0,pc=273 LOAD WGT,,,,,,,,,0x005fcd48,0x0012,MEMORY READ,,,,,,,2,9,36,0,0,0,0,,,,,,,,,,,,,,,,,
layer_1,274,GEMM,COMPUTE,1,0,1,0,1,1,0,0,pc=274 GEMM,,,,,,,,,,,,,,,,,,,,,,,,,0,16,64,56,0,1,1,3,1,1,0,,,,,,
layer_1,275,GEMM,COMPUTE,1,0,1,0,0,2,0,0,pc=275 GEMM,,,,,,,,,,,,,,,,,,,,,,,,,0,64,112,56,0,1,1,3,1,1,0,,,,,,
layer_1,276,LOAD INP,LOAD,0,1,0,0,0,1,0,0,pc=276 LOAD INP,,,,,,,,,0x06051688,0x0000,MEMORY READ,,,,,,,9,56,56,0,1,1,1,,,,,,,,,,,,,,,,,
layer_1,277,LOAD WGT,LOAD,0,0,0,1,1,1,0,0,pc=277 LOAD WGT,,,,,,,,,0x005fcd09,0x0000,MEMORY READ,,,,,,,2,9,36,0,0,0,0,,,,,,,,,,,,,,,,,
layer_1,278,LOAD INP,LOAD,0,1,0,0,1,0,0,0,pc=278 LOAD INP,,,,,,,,,0x06051688,0x0244,MEMORY READ,,,,,,,9,56,56,0,1,1,1,,,,,,,,,,,,,,,,,
layer_1,279,LOAD WGT,LOAD,0,0,0,1,2,0,0,0,pc=279 LOAD WGT,,,,,,,,,0x005fcd51,0x0012,MEMORY READ,,,,,,,2,9,36,0,0,0,0,,,,,,,,,,,,,,,,,
layer_1,280,GEMM,COMPUTE,1,0,1,0,1,1,0,0,pc=280 GEMM,,,,,,,,,,,,,,,,,,,,,,,,,0,16,64,56,0,1,1,3,1,1,0,,,,,,
layer_1,281,GEMM,COMPUTE,1,0,1,0,0,2,0,0,pc=281 GEMM,,,,,,,,,,,,,,,,,,,,,,,,,0,64,112,56,0,1,1,3,1,1,0,,,,,,
layer_1,282,LOAD INP,LOAD,0,1,0,0,0,1,0,0,pc=282 LOAD INP,,,,,,,,,0x060522c8,0x0000,MEMORY READ,,,,,,,9,56,56,0,1,1,1,,,,,,,,,,,,,,,,,
layer_1,283,LOAD WGT,LOAD,0,0,0,1,1,1,0,0,pc=283 LOAD WGT,,,,,,,,,0x005fcd12,0x0000,MEMORY READ,,,,,,,2,9,36,0,0,0,0,,,,,,,,,,,,,,,,,
layer_1,284,LOAD INP,LOAD,0,1,0,0,1,0,0,0,pc=284 LOAD INP,,,,,,,,,0x060522c8,0x0244,MEMORY READ,,,,,,,9,56,56,0,1,1,1,,,,,,,,,,,,,,,,,
layer_1,285,LOAD WGT,LOAD,0,0,0,1,2,0,0,0,pc=285 LOAD WGT,,,,,,,,,0x005fcd5a,0x0012,MEMORY READ,,,,,,,2,9,36,0,0,0,0,,,,,,,,,,,,,,,,,
layer_1,286,GEMM,COMPUTE,1,0,1,0,1,1,0,0,pc=286 GEMM,,,,,,,,,,,,,,,,,,,,,,,,,0,16,64,56,0,1,1,3,1,1,0,,,,,,
layer_1,287,GEMM,COMPUTE,1,0,1,0,0,2,0,0,pc=287 GEMM,,,,,,,,,,,,,,,,,,,,,,,,,0,64,112,56,0,1,1,3,1,1,0,,,,,,
layer_1,288,LOAD INP,LOAD,0,1,0,0,0,1,0,0,pc=288 LOAD INP,,,,,,,,,0x06052f08,0x0000,MEMORY READ,,,,,,,9,56,56,0,1,1,1,,,,,,,,,,,,,,,,,
layer_1,289,LOAD WGT,LOAD,0,0,0,1,1,1,0,0,pc=289 LOAD WGT,,,,,,,,,0x005fcd1b,0x0000,MEMORY READ,,,,,,,2,9,36,0,0,0,0,,,,,,,,,,,,,,,,,
layer_1,290,LOAD INP,LOAD,0,1,0,0,1,0,0,0,pc=290 LOAD INP,,,,,,,,,0x06052f08,0x0244,MEMORY READ,,,,,,,9,56,56,0,1,1,1,,,,,,,,,,,,,,,,,
layer_1,291,LOAD WGT,LOAD,0,0,0,1,2,0,0,0,pc=291 LOAD WGT,,,,,,,,,0x005fcd63,0x0012,MEMORY READ,,,,,,,2,9,36,0,0,0,0,,,,,,,,,,,,,,,,,
layer_1,292,GEMM,COMPUTE,1,0,1,0,1,1,0,0,pc=292 GEMM,,,,,,,,,,,,,,,,,,,,,,,,,0,16,64,56,0,1,1,3,1,1,0,,,,,,
layer_1,293,GEMM,COMPUTE,1,0,1,0,0,2,0,0,pc=293 GEMM,,,,,,,,,,,,,,,,,,,,,,,,,0,64,112,56,0,1,1,3,1,1,0,,,,,,
layer_1,294,NOP-MEMORY-STAGE,LOAD,0,1,0,0,0,1,0,0,pc=294 NOP-MEMORY-STAGE,,,,,,,,,,,,,,,,,,,,,,,,,,,,,,,,,,,,,,,,,
layer_1,295,LOAD ACC,COMPUTE,0,0,0,0,0,1,0,0,pc=295 LOAD ACC,,,,,,,,,0x005e09c0,0x0380,MEMORY READ,,,,,,,1,2,2,0,0,0,0,,,,,,,,,,,,,,,,,
layer_1,296,ALU - add,COMPUTE,0,0,0,0,0,1,0,0,pc=296 ALU - add,,,,,,,,,,,,,,,,,,,,,,,,,0,112,113,,,,,,,,,2,448,1,448,1,0
layer_1,297,ALU - add imm,COMPUTE,0,0,0,0,0,1,0,0,pc=297 ALU - add imm,,,,,,,,,,,,,,,,,,,,,,,,,0,113,114,,,,,,,,,1,0,0,896,1,1
layer_1,298,ALU - shr,COMPUTE,0,0,0,0,0,1,0,0,pc=298 ALU - shr,,,,,,,,,,,,,,,,,,,,,,,,,0,114,115,,,,,,,,,1,0,0,896,1,1
layer_1,299,ALU - min imm,COMPUTE,0,0,0,0,0,1,0,0,pc=299 ALU - min imm,,,,,,,,,,,,,,,,,,,,,,,,,0,115,116,,,,,,,,,1,0,0,896,1,1
layer_1,300,ALU - max imm,COMPUTE,0,0,0,1,0,1,0,1,pc=300 ALU - max imm,,,,,,,,,,,,,,,,,,,,,,,,,0,116,117,,,,,,,,,1,0,0,896,1,1
layer_1,301,LOAD ACC,COMPUTE,0,0,0,0,0,1,0,1,pc=301 LOAD ACC,,,,,,,,,0x005e09c2,0x0702,MEMORY READ,,,,,,,1,2,2,0,0,0,0,,,,,,,,,,,,,,,,,
layer_1,302,ALU - add,COMPUTE,0,0,0,0,0,1,0,1,pc=302 ALU - add,,,,,,,,,,,,,,,,,,,,,,,,,0,117,118,,,,,,,,,2,448,1,448,1,0
layer_1,303,ALU - add imm,COMPUTE,0,0,0,0,0,1,0,1,pc=303 ALU - add imm,,,,,,,,,,,,,,,,,,,,,,,,,0,118,119,,,,,,,,,1,0,0,896,1,1
layer_1,304,ALU - shr,COMPUTE,0,0,0,0,0,1,0,1,pc=304 ALU - shr,,,,,,,,,,,,,,,,,,,,,,,,,0,119,120,,,,,,,,,1,0,0,896,1,1
layer_1,305,ALU - min imm,COMPUTE,0,0,0,0,0,1,0,1,pc=305 ALU - min imm,,,,,,,,,,,,,,,,,,,,,,,,,0,120,121,,,,,,,,,1,0,0,896,1,1
layer_1,306,ALU - max imm,COMPUTE,0,0,0,1,0,1,0,2,pc=306 ALU - max imm,,,,,,,,,,,,,,,,,,,,,,,,,0,121,122,,,,,,,,,1,0,0,896,1,1
layer_1,307,STORE,STORE,1,0,1,0,0,1,1,1,pc=307 STORE,,,,,,,,,0x06000a80,0x0000,MEMORY WRITE,,,,,,,2,448,3136,0,0,0,0,,,,,,,,,,,,,,,,,
layer_1,308,STORE,STORE,1,0,1,0,0,1,2,0,pc=308 STORE,,,,,,,,,0x06002300,0x0382,MEMORY WRITE,,,,,,,2,448,3136,0,0,0,0,,,,,,,,,,,,,,,,,
layer_1,309,NOP-COMPUTE-STAGE,COMPUTE,0,1,0,0,0,1,1,0,pc=309 NOP-COMPUTE-STAGE,,,,,,,,,,,,,,,,,,,,,,,,,,,,,,,,,,,,,,,,,
layer_1,310,NOP-STORE-STAGE,STORE,0,0,1,0,0,1,2,0,pc=310 NOP-STORE-STAGE,,,,,,,,,,,,,,,,,,,,,,,,,,,,,,,,,,,,,,,,,
layer_1,311,NOP-MEMORY-STAGE,LOAD,0,1,0,0,0,0,2,0,pc=311 NOP-MEMORY-STAGE,,,,,,,,,,,,,,,,,,,,,,,,,,,,,,,,,,,,,,,,,
layer_1,312,NOP-MEMORY-STAGE,LOAD,0,0,0,1,1,0,2,0,pc=312 NOP-MEMORY-STAGE,,,,,,,,,,,,,,,,,,,,,,,,,,,,,,,,,,,,,,,,,
layer_1,313,NOP-COMPUTE-STAGE,COMPUTE,0,1,0,0,1,0,1,0,pc=313 NOP-COMPUTE-STAGE,,,,,,,,,,,,,,,,,,,,,,,,,,,,,,,,,,,,,,,,,
layer_1,314,NOP-COMPUTE-STAGE,COMPUTE,1,1,0,0,0,0,0,0,pc=314 NOP-COMPUTE-STAGE,,,,,,,,,,,,,,,,,,,,,,,,,,,,,,,,,,,,,,,,,
layer_1,315,FINISH,COMPUTE,,,,,0,0,0,0,pc=315 FINISH,,,,,,,,,,,,,,,,,,,,,,,,,,,,,,,,,,,,,,,,,
layer_2,0,NOP-STORE-STAGE,STORE,0,0,1,0,0,0,1,0,pc=0 NOP-STORE-STAGE,,,,,,,,,,,,,,,,,,,,,,,,,,,,,,,,,,,,,,,,,
layer_2,1,NOP-STORE-STAGE,STORE,0,0,1,0,0,0,2,0,pc=1 NOP-STORE-STAGE,,,,,,,,,,,,,,,,,,,,,,,,,,,,,,,,,,,,,,,,,
layer_2,2,LOAD UOP,COMPUTE,0,1,0,0,0,0,1,0,pc=2 LOAD UOP,,,,,,,,,0x18580000,0x0000,MEMORY READ,,,,,,,1,8,8,0,0,0,0,,,,,,,,,,,,,,,,,
layer_2,3,GEMM,COMPUTE,0,0,1,0,0,1,1,0,pc=3 GEMM,,,,,,,,,,,,,,,,,,,,,,,,,1,0,8,56,0,0,1,2,0,0,448,,,,,,
layer_2,4,LOAD UOP,COMPUTE,0,1,0,0,0,1,0,0,pc=4 LOAD UOP,,,,,,,,,0x18580008,0x0008,MEMORY READ,,,,,,,1,8,8,0,0,0,0,,,,,,,,,,,,,,,,,
layer_2,5,GEMM,COMPUTE,0,0,1,0,0,2,0,0,pc=5 GEMM,,,,,,,,,,,,,,,,,,,,,,,,,1,8,16,56,0,0,1,2,0,0,448,,,,,,
layer_2,6,LOAD INP,LOAD,0,1,0,0,0,1,0,0,pc=6 LOAD INP,,,,,,,,,0x06040000,0x0000,MEMORY READ,,,,,,,9,56,56,1,0,1,1,,,,,,,,,,,,,,,,,
layer_2,7,LOAD WGT,LOAD,0,0,0,1,1,1,0,0,pc=7 LOAD WGT,,,,,,,,,0x005fce00,0x0000,MEMORY READ,,,,,,,2,9,36,0,0,0,0,,,,,,,,,,,,,,,,,
layer_2,8,LOAD INP,LOAD,0,1,0,0,1,0,0,0,pc=8 LOAD INP,,,,,,,,,0x06040000,0x0244,MEMORY READ,,,,,,,9,56,56,1,0,1,1,,,,,,,,,,,,,,,,,
layer_2,9,LOAD WGT,LOAD,0,0,0,1,2,0,0,0,pc=9 LOAD WGT,,,,,,,,,0x005fce48,0x0012,MEMORY READ,,,,,,,2,9,36,0,0,0,0,,,,,,,,,,,,,,,,,
layer_2,10,LOAD UOP,COMPUTE,1,0,0,0,1,0,0,0,pc=10 LOAD UOP,,,,,,,,,0x18580010,0x0010,MEMORY READ,,,,,,,1,48,48,0,0,0,0,,,,,,,,,,,,,,,,,
layer_2,11,GEMM,COMPUTE,0,0,1,0,1,1,0,0,pc=11 GEMM,,,,,,,,,,,,,,,,,,,,,,,,,0,16,64,56,0,1,1,3,1,1,0,,,,,,
layer_2,12,LOAD UOP,COMPUTE,1,0,0,0,0,1,0,0,pc=12 LOAD UOP,,,,,,,,,0x18580040,0x0040,MEMORY READ,,,,,,,1,48,48,0,0,0,0,,,,,,,,,,,,,,,,,
layer_2,13,GEMM,COMPUTE,0,0,1,0,0,2,0,0,pc=13 GEMM,,,,,,,,,,,,,,,,,,,,,,,,,0,64,112,56,0,1,1,3,1,1,0,,,,,,
layer_2,14,LOAD INP,LOAD,0,1,0,0,0,1,0,0,pc=14 LOAD INP,,,,,,,,,0x06040c40,0x0000,MEMORY READ,,,,,,,9,56,56,1,0,1,1,,,,,,,,,,,,,,,,,
layer_2,15,LOAD WGT,LOAD,0,0,0,1,1,1,0,0,pc=15 LOAD WGT,,,,,,,,,0x005fce09,0x0000,MEMORY READ,,,,,,,2,9,36,0,0,0,0,,,,,,,,,,,,,,,,,
layer_2,16,LOAD INP,LOAD,0,1,0,0,1,0,0,0,pc=16 LOAD INP,,,,,,,,,0x06040c40,0x0244,MEMORY READ,,,,,,,9,56,56,1,0,1,1,,,,,,,,,,,,,,,,,
layer_2,17,LOAD WGT,LOAD,0,0,0,1,2,0,0,0,pc=17 LOAD WGT,,,,,,,,,0x005fce51,0x0012,MEMORY READ,,,,,,,2,9,36,0,0,0,0,,,,,,,,,,,,,,,,,
layer_2,18,GEMM,COMPUTE,1,0,1,0,1,1,0,0,pc=18 GEMM,,,,,,,,,,,,,,,,,,,,,,,,,0,16,64,56,0,1,1,3,1,1,0,,,,,,
layer_2,19,GEMM,COMPUTE,1,0,1,0,0,2,0,0,pc=19 GEMM,,,,,,,,,,,,,,,,,,,,,,,,,0,64,112,56,0,1,1,3,1,1,0,,,,,,
layer_2,20,LOAD INP,LOAD,0,1,0,0,0,1,0,0,pc=20 LOAD INP,,,,,,,,,0x06041880,0x0000,MEMORY READ,,,,,,,9,56,56,1,0,1,1,,,,,,,,,,,,,,,,,
layer_2,21,LOAD WGT,LOAD,0,0,0,1,1,1,0,0,pc=21 LOAD WGT,,,,,,,,,0x005fce12,0x0000,MEMORY READ,,,,,,,2,9,36,0,0,0,0,,,,,,,,,,,,,,,,,
layer_2,22,LOAD INP,LOAD,0,1,0,0,1,0,0,0,pc=22 LOAD INP,,,,,,,,,0x06041880,0x0244,MEMORY READ,,,,,,,9,56,56,1,0,1,1,,,,,,,,,,,,,,,,,
layer_2,23,LOAD WGT,LOAD,0,0,0,1,2,0,0,0,pc=23 LOAD WGT,,,,,,,,,0x005fce5a,0x0012,MEMORY READ,,,,,,,2,9,36,0,0,0,0,,,,,,,,,,,,,,,,,
layer_2,24,GEMM,COMPUTE,1,0,1,0,1,1,0,0,pc=24 GEMM,,,,,,,,,,,,,,,,,,,,,,,,,0,16,64,56,0,1,1,3,1,1,0,,,,,,
layer_2,25,GEMM,COMPUTE,1,0,1,0,0,2,0,0,pc=25 GEMM,,,,,,,,,,,,,,,,,,,,,,,,,0,64,112,56,0,1,1,3,1,1,0,,,,,,
layer_2,26,LOAD INP,LOAD,0,1,0,0,0,1,0,0,pc=26 LOAD INP,,,,,,,,,0x060424c0,0x0000,MEMORY READ,,,,,,,9,56,56,1,0,1,1,,,,,,,,,,,,,,,,,
layer_2,27,LOAD WGT,LOAD,0,0,0,1,1,1,0,0,pc=27 LOAD WGT,,,,,,,,,0x005fce1b,0x0000,MEMORY READ,,,,,,,2,9,36,0,0,0,0,,,,,,,,,,,,,,,,,
layer_2,28,LOAD INP,LOAD,0,1,0,0,1,0,0,0,pc=28 LOAD INP,,,,,,,,,0x060424c0,0x0244,MEMORY READ,,,,,,,9,56,56,1,0,1,1,,,,,,,,,,,,,,,,,
layer_2,29,LOAD WGT,LOAD,0,0,0,1,2,0,0,0,pc=29 LOAD WGT,,,,,,,,,0x005fce63,0x0012,MEMORY READ,,,,,,,2,9,36,0,0,0,0,,,,,,,,,,,,,,,,,
layer_2,30,GEMM,COMPUTE,1,0,1,0,1,1,0,0,pc=30 GEMM,,,,,,,,,,,,,,,,,,,,,,,,,0,16,64,56,0,1,1,3,1,1,0,,,,,,
layer_2,31,GEMM,COMPUTE,1,0,1,0,0,2,0,0,pc=31 GEMM,,,,,,,,,,,,,,,,,,,,,,,,,0,64,112,56,0,1,1,3,1,1,0,,,,,,
layer_2,32,NOP-MEMORY-STAGE,LOAD,0,1,0,0,0,1,0,0,pc=32 NOP-MEMORY-STAGE,,,,,,,,,,,,,,,,,,,,,,,,,,,,,,,,,,,,,,,,,
layer_2,33,LOAD ACC,COMPUTE,0,0,0,0,0,1,0,0,pc=33 LOAD ACC,,,,,,,,,0x005e0ac0,0x0380,MEMORY READ,,,,,,,1,2,2,0,0,0,0,,,,,,,,,,,,,,,,,
layer_2,34,LOAD UOP,COMPUTE,0,0,0,0,0,1,0,0,pc=34 LOAD UOP,,,,,,,,,0x18580070,0x0070,MEMORY READ,,,,,,,1,1,1,0,0,0,0,,,,,,,,,,,,,,,,,
layer_2,35,ALU - add,COMPUTE,0,0,0,0,0,1,0,0,pc=35 ALU - add,,,,,,,,,,,,,,,,,,,,,,,,,0,112,113,,,,,,,,,2,448,1,448,1,0
layer_2,36,LOAD UOP,COMPUTE,0,0,0,0,0,1,0,0,pc=36 LOAD UOP,,,,,,,,,0x18580071,0x0071,MEMORY READ,,,,,,,1,1,1,0,0,0,0,,,,,,,,,,,,,,,,,
layer_2,37,ALU - max imm,COMPUTE,0,0,0,0,0,1,0,0,pc=37 ALU - max imm,,,,,,,,,,,,,,,,,,,,,,,,,0,113,114,,,,,,,,,1,0,0,896,1,1
layer_2,38,LOAD UOP,COMPUTE,0,0,0,0,0,1,0,0,pc=38 LOAD UOP,,,,,,,,,0x18580072,0x0072,MEMORY READ,,,,,,,1,1,1,0,0,0,0,,,,,,,,,,,,,,,,,
layer_2,39,ALU - add imm,COMPUTE,0,0,0,0,0,1,0,0,pc=39 ALU - add imm,,,,,,,,,,,,,,,,,,,,,,,,,0,114,115,,,,,,,,,1,0,0,896,1,1
layer_2,40,LOAD UOP,COMPUTE,0,0,0,0,0,1,0,0,pc=40 LOAD UOP,,,,,,,,,0x18580073,0x0073,MEMORY READ,,,,,,,1,1,1,0,0,0,0,,,,,,,,,,,,,,,,,
layer_2,41,ALU - shr,COMPUTE,0,0,0,0,0,1,0,0,pc=41 ALU - shr,,,,,,,,,,,,,,,,,,,,,,,,,0,115,116,,,,,,,,,1,0,0,896,1,1
layer_2,42,LOAD UOP,COMPUTE,0,0,0,0,0,1,0,0,pc=42 LOAD UOP,,,,,,,,,0x18580074,0x0074,MEMORY READ,,,,,,,1,1,1,0,0,0,0,,,,,,,,,,,,,,,,,
layer_2,43,ALU - min imm,COMPUTE,0,0,0,0,0,1,0,0,pc=43 ALU - min imm,,,,,,,,,,,,,,,,,,,,,,,,,0,116,117,,,,,,,,,1,0,0,896,1,1
layer_2,44,LOAD UOP,COMPUTE,0,0,0,0,0,1,0,0,pc=44 LOAD UOP,,,,,,,,,0x18580075,0x0075,MEMORY READ,,,,,,,1,1,1,0,0,0,0,,,,,,,,,,,,,,,,,
layer_2,45,ALU - max imm,COMPUTE,0,0,0,1,0,1,0,1,pc=45 ALU - max imm,,,,,,,,,,,,,,,,,,,,,,,,,0,117,118,,,,,,,,,1,0,0,896,1,1
layer_2,46,LOAD ACC,COMPUTE,0,0,0,0,0,1,0,1,pc=46 LOAD ACC,,,,,,,,,0x005e0ac2,0x0702,MEMORY READ,,,,,,,1,2,2,0,0,0,0,,,,,,,,,,,,,,,,,
layer_2,47,LOAD UOP,COMPUTE,0,0,0,0,0,1,0,1,pc=47 LOAD UOP,,,,,,,,,0x18580076,0x0076,MEMORY READ,,,,,,,1,1,1,0,0,0,0,,,,,,,,,,,,,,,,,
layer_2,48,ALU - add,COMPUTE,0,0,0,0,0,1,0,1,pc=48 ALU - add,,,,,,,,,,,,,,,,,,,,,,,,,0,118,119,,,,,,,,,2,448,1,448,1,0
layer_2,49,LOAD UOP,COMPUTE,0,0,0,0,0,1,0,1,pc=49 LOAD UOP,,,,,,,,,0x18580077,0x0077,MEMORY READ,,,,,,,1,1,1,0,0,0,0,,,,,,,,,,,,,,,,,
layer_2,50,ALU - max imm,COMPUTE,0,0,0,0,0,1,0,1,pc=50 ALU - max imm,,,,,,,,,,,,,,,,,,,,,,,,,0,119,120,,,,,,,,,1,0,0,896,1,1
layer_2,51,LOAD UOP,COMPUTE,0,0,0,0,0,1,0,1,pc=51 LOAD UOP,,,,,,,,,0x18580078,0x0078,MEMORY READ,,,,,,,1,1,1,0,0,0,0,,,,,,,,,,,,,,,,,
layer_2,52,ALU - add imm,COMPUTE,0,0,0,0,0,1,0,1,pc=52 ALU - add imm,,,,,,,,,,,,,,,,,,,,,,,,,0,120,121,,,,,,,,,1,0,0,896,1,1
layer_2,53,LOAD UOP,COMPUTE,0,0,0,0,0,1,0,1,pc=53 LOAD UOP,,,,,,,,,0x18580079,0x0079,MEMORY READ,,,,,,,1,1,1,0,0,0,0,,,,,,,,,,,,,,,,,
layer_2,54,ALU - shr,COMPUTE,0,0,0,0,0,1,0,1,pc=54 ALU - shr,,,,,,,,,,,,,,,,,,,,,,,,,0,121,122,,,,,,,,,1,0,0,896,1,1
layer_2,55,LOAD UOP,COMPUTE,0,0,0,0,0,1,0,1,pc=55 LOAD UOP,,,,,,,,,0x1858007a,0x007a,MEMORY READ,,,,,,,1,1,1,0,0,0,0,,,,,,,,,,,,,,,,,
layer_2,56,ALU - min imm,COMPUTE,0,0,0,0,0,1,0,1,pc=56 ALU - min imm,,,,,,,,,,,,,,,,,,,,,,,,,0,122,123,,,,,,,,,1,0,0,896,1,1
layer_2,57,LOAD UOP,COMPUTE,0,0,0,0,0,1,0,1,pc=57 LOAD UOP,,,,,,,,,0x1858007b,0x007b,MEMORY READ,,,,,,,1,1,1,0,0,0,0,,,,,,,,,,,,,,,,,
layer_2,58,ALU - max imm,COMPUTE,0,0,0,1,0,1,0,2,pc=58 ALU - max imm,,,,,,,,,,,,,,,,,,,,,,,,,0,123,124,,,,,,,,,1,0,0,896,1,1
layer_2,59,STORE,STORE,1,0,1,0,0,1,1,1,pc=59 STORE,,,,,,,,,0x06050000,0x0000,MEMORY WRITE,,,,,,,2,448,3136,0,0,0,0,,,,,,,,,,,,,,,,,
layer_2,60,STORE,STORE,1,0,1,0,0,1,2,0,pc=60 STORE,,,,,,,,,0x06051880,0x0382,MEMORY WRITE,,,,,,,2,448,3136,0,0,0,0,,,,,,,,,,,,,,,,,
layer_2,61,GEMM,COMPUTE,0,1,1,0,0,2,1,0,pc=61 GEMM,,,,,,,,,,,,,,,,,,,,,,,,,1,0,8,56,0,0,1,2,0,0,448,,,,,,
layer_2,62,GEMM,COMPUTE,0,1,1,0,0,3,0,0,pc=62 GEMM,,,,,,,,,,,,,,,,,,,,,,,,,1,8,16,56,0,0,1,2,0,0,448,,,,,,
layer_2,63,NOP-MEMORY-STAGE,LOAD,0,1,0,0,0,2,0,0,pc=63 NOP-MEMORY-STAGE,,,,,,,,,,,,,,,,,,,,,,,,,,,,,,,,,,,,,,,,,
layer_2,64,LOAD INP,LOAD,0,1,0,0,0,1,0,0,pc=64 LOAD INP,,,,,,,,,0x06040188,0x0000,MEMORY READ,,,,,,,10,56,56,0,0,1,1,,,,,,,,,,,,,,,,,
layer_2,65,LOAD WGT,LOAD,0,0,0,1,1,1,0,0,pc=65 LOAD WGT,,,,,,,,,0x005fce00,0x0000,MEMORY READ,,,,,,,2,9,36,0,0,0,0,,,,,,,,,,,,,,,,,
layer_2,66,LOAD INP,LOAD,0,1,0,0,1,0,0,0,pc=66 LOAD INP,,,,,,,,,0x06040188,0x0244,MEMORY READ,,,,,,,10,56,56,0,0,1,1,,,,,,,,,,,,,,,,,
layer_2,67,LOAD WGT,LOAD,0,0,0,1,2,0,0,0,pc=67 LOAD WGT,,,,,,,,,0x005fce48,0x0012,MEMORY READ,,,,,,,2,9,36,0,0,0,0,,,,,,,,,,,,,,,,,
layer_2,68,GEMM,COMPUTE,1,0,1,0,1,1,0,0,pc=68 GEMM,,,,,,,,,,,,,,,,,,,,,,,,,0,16,64,56,0,1,1,3,1,1,0,,,,,,
layer_2,69,GEMM,COMPUTE,1,0,1,0,0,2,0,0,pc=69 GEMM,,,,,,,,,,,,,,,,,,,,,,,,,0,64,112,56,0,1,1,3,1,1,0,,,,,,
layer_2,70,LOAD INP,LOAD,0,1,0,0,0,1,0,0,pc=70 LOAD INP,,,,,,,,,0x06040dc8,0x0000,MEMORY READ,,,,,,,10,56,56,0,0,1,1,,,,,,,,,,,,,,,,,
layer_2,71,LOAD WGT,LOAD,0,0,0,1,1,1,0,0,pc=71 LOAD WGT,,,,,,,,,0x005fce09,0x0000,MEMORY READ,,,,,,,2,9,36,0,0,0,0,,,,,,,,,,,,,,,,,
layer_2,72,LOAD INP,LOAD,0,1,0,0,1,0,0,0,pc=72 LOAD INP,,,,,,,,,0x06040dc8,0x0244,MEMORY READ,,,,,,,10,56,56,0,0,1,1,,,,,,,,,,,,,,,,,
layer_2,73,LOAD WGT,LOAD,0,0,0,1,2,0,0,0,pc=73 LOAD WGT,,,,,,,,,0x005fce51,0x0012,MEMORY READ,,,,,,,2,9,36,0,0,0,0,,,,,,,,,,,,,,,,,
layer_2,74,GEMM,COMPUTE,1,0,1,0,1,1,0,0,pc=74 GEMM,,,,,,,,,,,,,,,,,,,,,,,,,0,16,64,56,0,1,1,3,1,1,0,,,,,,
layer_2,75,GEMM,COMPUTE,1,0,1,0,0,2,0,0,pc=75 GEMM,,,,,,,,,,,,,,,,,,,,,,,,,0,64,112,56,0,1,1,3,1,1,0,,,,,,
layer_2,76,LOAD INP,LOAD,0,1,0,0,0,1,0,0,pc=76 LOAD INP,,,,,,,,,0x06041a08,0x0000,MEMORY READ,,,,,,,10,56,56,0,0,1,1,,,,,,,,,,,,,,,,,
layer_2,77,LOAD WGT,LOAD,0,0,0,1,1,1,0,0,pc=77 LOAD WGT,,,,,,,,,0x005fce12,0x0000,MEMORY READ,,,,,,,2,9,36,0,0,0,0,,,,,,,,,,,,,,,,,
layer_2,78,LOAD INP,LOAD,0,1,0,0,1,0,0,0,pc=78 LOAD INP,,,,,,,,,0x06041a08,0x0244,MEMORY READ,,,,,,,10,56,56,0,0,1,1,,,,,,,,,,,,,,,,,
layer_2,79,LOAD WGT,LOAD,0,0,0,1,2,0,0,0,pc=79 LOAD WGT,,,,,,,,,0x005fce5a,0x0012,MEMORY READ,,,,,,,2,9,36,0,0,0,0,,,,,,,,,,,,,,,,,
layer_2,80,GEMM,COMPUTE,1,0,1,0,1,1,0,0,pc=80 GEMM,,,,,,,,,,,,,,,,,,,,,,,,,0,16,64,56,0,1,1,3,1,1,0,,,,,,
layer_2,81,GEMM,COMPUTE,1,0,1,0,0,2,0,0,pc=81 GEMM,,,,,,,,,,,,,,,,,,,,,,,,,0,64,112,56,0,1,1,3,1,1,0,,,,,,
layer_2,82,LOAD INP,LOAD,0,1,0,0,0,1,0,0,pc=82 LOAD INP,,,,,,,,,0x06042648,0x0000,MEMORY READ,,,,,,,10,56,56,0,0,1,1,,,,,,,,,,,,,,,,,
layer_2,83,LOAD WGT,LOAD,0,0,0,1,1,1,0,0,pc=83 LOAD WGT,,,,,,,,,0x005fce1b,0x0000,MEMORY READ,,,,,,,2,9,36,0,0,0,0,,,,,,,,,,,,,,,,,
layer_2,84,LOAD INP,LOAD,0,1,0,0,1,0,0,0,pc=84 LOAD INP,,,,,,,,,0x06042648,0x0244,MEMORY READ,,,,,,,10,56,56,0,0,1,1,,,,,,,,,,,,,,,,,
layer_2,85,LOAD WGT,LOAD,0,0,0,1,2,0,0,0,pc=85 LOAD WGT,,,,,,,,,0x005fce63,0x0012,MEMORY READ,,,,,,,2,9,36,0,0,0,0,,,,,,,,,,,,,,,,,
layer_2,86,GEMM,COMPUTE,1,0,1,0,1,1,0,0,pc=86 GEMM,,,,,,,,,,,,,,,,,,,,,,,,,0,16,64,56,0,1,1,3,1,1,0,,,,,,
layer_2,87,GEMM,COMPUTE,1,0,1,0,0,2,0,0,pc=87 GEMM,,,,,,,,,,,,,,,,,,,,,,,,,0,64,112,56,0,1,1,3,1,1,0,,,,,,
layer_2,88,NOP-MEMORY-STAGE,LOAD,0,1,0,0,0,1,0,0,pc=88 NOP-MEMORY-STAGE,,,,,,,,,,,,,,,,,,,,,,,,,,,,,,,,,,,,,,,,,
layer_2,89,LOAD ACC,COMPUTE,0,0,0,0,0,1,0,0,pc=89 LOAD ACC,,,,,,,,,0x005e0ac0,0x0380,MEMORY READ,,,,,,,1,2,2,0,0,0,0,,,,,,,,,,,,,,,,,
layer_2,90,ALU - add,COMPUTE,0,0,0,0,0,1,0,0,pc=90 ALU - add,,,,,,,,,,,,,,,,,,,,,,,,,0,112,113,,,,,,,,,2,448,1,448,1,0
layer_2,91,ALU - max imm,COMPUTE,0,0,0,0,0,1,0,0,pc=91 ALU - max imm,,,,,,,,,,,,,,,,,,,,,,,,,0,113,114,,,,,,,,,1,0,0,896,1,1
layer_2,92,ALU - add imm,COMPUTE,0,0,0,0,0,1,0,0,pc=92 ALU - add imm,,,,,,,,,,,,,,,,,,,,,,,,,0,114,115,,,,,,,,,1,0,0,896,1,1
layer_2,93,ALU - shr,COMPUTE,0,0,0,0,0,1,0,0,pc=93 ALU - shr,,,,,,,,,,,,,,,,,,,,,,,,,0,115,116,,,,,,,,,1,0,0,896,1,1
layer_2,94,ALU - min imm,COMPUTE,0,0,0,0,0,1,0,0,pc=94 ALU - min imm,,,,,,,,,,,,,,,,,,,,,,,,,0,116,117,,,,,,,,,1,0,0,896,1,1
layer_2,95,ALU - max imm,COMPUTE,0,0,0,1,0,1,0,1,pc=95 ALU - max imm,,,,,,,,,,,,,,,,,,,,,,,,,0,117,118,,,,,,,,,1,0,0,896,1,1
layer_2,96,LOAD ACC,COMPUTE,0,0,0,0,0,1,0,1,pc=96 LOAD ACC,,,,,,,,,0x005e0ac2,0x0702,MEMORY READ,,,,,,,1,2,2,0,0,0,0,,,,,,,,,,,,,,,,,
layer_2,97,ALU - add,COMPUTE,0,0,0,0,0,1,0,1,pc=97 ALU - add,,,,,,,,,,,,,,,,,,,,,,,,,0,118,119,,,,,,,,,2,448,1,448,1,0
layer_2,98,ALU - max imm,COMPUTE,0,0,0,0,0,1,0,1,pc=98 ALU - max imm,,,,,,,,,,,,,,,,,,,,,,,,,0,119,120,,,,,,,,,1,0,0,896,1,1
layer_2,99,ALU - add imm,COMPUTE,0,0,0,0,0,1,0,1,pc=99 ALU - add imm,,,,,,,,,,,,,,,,,,,,,,,,,0,120,121,,,,,,,,,1,0,0,896,1,1
layer_2,100,ALU - shr,COMPUTE,0,0,0,0,0,1,0,1,pc=100 ALU - shr,,,,,,,,,,,,,,,,,,,,,,,,,0,121,122,,,,,,,,,1,0,0,896,1,1
layer_2,101,ALU - min imm,COMPUTE,0,0,0,0,0,1,0,1,pc=101 ALU - min imm,,,,,,,,,,,,,,,,,,,,,,,,,0,122,123,,,,,,,,,1,0,0,896,1,1
layer_2,102,ALU - max imm,COMPUTE,0,0,0,1,0,1,0,2,pc=102 ALU - max imm,,,,,,,,,,,,,,,,,,,,,,,,,0,123,124,,,,,,,,,1,0,0,896,1,1
layer_2,103,STORE,STORE,1,0,1,0,0,1,1,1,pc=103 STORE,,,,,,,,,0x060501c0,0x0000,MEMORY WRITE,,,,,,,2,448,3136,0,0,0,0,,,,,,,,,,,,,,,,,
layer_2,104,STORE,STORE,1,0,1,0,0,1,2,0,pc=104 STORE,,,,,,,,,0x06051a40,0x0382,MEMORY WRITE,,,,,,,2,448,3136,0,0,0,0,,,,,,,,,,,,,,,,,
layer_2,105,GEMM,COMPUTE,0,1,1,0,0,2,1,0,pc=105 GEMM,,,,,,,,,,,,,,,,,,,,,,,,,1,0,8,56,0,0,1,2,0,0,448,,,,,,
layer_2,106,GEMM,COMPUTE,0,1,1,0,0,3,0,0,pc=106 GEMM,,,,,,,,,,,,,,,,,,,,,,,,,1,8,16,56,0,0,1,2,0,0,448,,,,,,
layer_2,107,NOP-MEMORY-STAGE,LOAD,0,1,0,0,0,2,0,0,pc=107 NOP-MEMORY-STAGE,,,,,,,,,,,,,,,,,,,,,,,,,,,,,,,,,,,,,,,,,
layer_2,108,LOAD INP,LOAD,0,1,0,0,0,1,0,0,pc=108 LOAD INP,,,,,,,,,0x06040348,0x0000,MEMORY READ,,,,,,,10,56,56,0,0,1,1,,,,,,,,,,,,,,,,,
layer_2,109,LOAD WGT,LOAD,0,0,0,1,1,1,0,0,pc=109 LOAD WGT,,,,,,,,,0x005fce00,0x0000,MEMORY READ,,,,,,,2,9,36,0,0,0,0,,,,,,,,,,,,,,,,,
layer_2,110,LOAD INP,LOAD,0,1,0,0,1,0,0,0,pc=110 LOAD INP,,,,,,,,,0x06040348,0x0244,MEMORY READ,,,,,,,10,56,56,0,0,1,1,,,,,,,,,,,,,,,,,
layer_2,111,LOAD WGT,LOAD,0,0,0,1,2,0,0,0,pc=111 LOAD WGT,,,,,,,,,0x005fce48,0x0012,MEMORY READ,,,,,,,2,9,36,0,0,0,0,,,,,,,,,,,,,,,,,
layer_2,112,GEMM,COMPUTE,1,0,1,0,1,1,0,0,pc=112 GEMM,,,,,,,,,,,,,,,,,,,,,,,,,0,16,64,56,0,1,1,3,1,1,0,,,,,,
layer_2,113,GEMM,COMPUTE,1,0,1,0,0,2,0,0,pc=113 GEMM,,,,,,,,,,,,,,,,,,,,,,,,,0,64,112,56,0,1,1,3,1,1,0,,,,,,
layer_2,114,LOAD INP,LOAD,0,1,0,0,0,1,0,0,pc=114 LOAD INP,,,,,,,,,0x06040f88,0x0000,MEMORY READ,,,,,,,10,56,56,0,0,1,1,,,,,,,,,,,,,,,,,
layer_2,115,LOAD WGT,LOAD,0,0,0,1,1,1,0,0,pc=115 LOAD WGT,,,,,,,,,0x005fce09,0x0000,MEMORY READ,,,,,,,2,9,36,0,0,0,0,,,,,,,,,,,,,,,,,
layer_2,116,LOAD INP,LOAD,0,1,0,0,1,0,0,0,pc=116 LOAD INP,,,,,,,,,0x06040f88,0x0244,MEMORY READ,,,,,,,10,56,56,0,0,1,1,,,,,,,,,,,,,,,,,
layer_2,117,LOAD WGT,LOAD,0,0,0,1,2,0,0,0,pc=117 LOAD WGT,,,,,,,,,0x005fce51,0x0012,MEMORY READ,,,,,,,2,9,36,0,0,0,0,,,,,,,,,,,,,,,,,
layer_2,118,GEMM,COMPUTE,1,0,1,0,1,1,0,0,pc=118 GEMM,,,,,,,,,,,,,,,,,,,,,,,,,0,16,64,56,0,1,1,3,1,1,0,,,,,,
layer_2,119,GEMM,COMPUTE,1,0,1,0,0,2,0,0,pc=119 GEMM,,,,,,,,,,,,,,,,,,,,,,,,,0,64,112,56,0,1,1,3,1,1,0,,,,,,
layer_2,120,LOAD INP,LOAD,0,1,0,0,0,1,0,0,pc=120 LOAD INP,,,,,,,,,0x06041bc8,0x0000,MEMORY READ,,,,,,,10,56,56,0,0,1,1,,,,,,,,,,,,,,,,,
layer_2,121,LOAD WGT,LOAD,0,0,0,1,1,1,0,0,pc=121 LOAD WGT,,,,,,,,,0x005fce12,0x0000,MEMORY READ,,,,,,,2,9,36,0,0,0,0,,,,,,,,,,,,,,,,,
layer_2,122,LOAD INP,LOAD,0,1,0,0,1,0,0,0,pc=122 LOAD INP,,,,,,,,,0x06041bc8,0x0244,MEMORY READ,,,,,,,10,56,56,0,0,1,1,,,,,,,,,,,,,,,,,
layer_2,123,LOAD WGT,LOAD,0,0,0,1,2,0,0,0,pc=123 LOAD WGT,,,,,,,,,0x005fce5a,0x0012,MEMORY READ,,,,,,,2,9,36,0,0,0,0,,,,,,,,,,,,,,,,,
layer_2,124,GEMM,COMPUTE,1,0,1,0,1,1,0,0,pc=124 GEMM,,,,,,,,,,,,,,,,,,,,,,,,,0,16,64,56,0,1,1,3,1,1,0,,,,,,
layer_2,125,GEMM,COMPUTE,1,0,1,0,0,2,0,0,pc=125 GEMM,,,,,,,,,,,,,,,,,,,,,,,,,0,64,112,56,0,1,1,3,1,1,0,,,,,,
layer_2,126,LOAD INP,LOAD,0,1,0,0,0,1,0,0,pc=126 LOAD INP,,,,,,,,,0x06042808,0x0000,MEMORY READ,,,,,,,10,56,56,0,0,1,1,,,,,,,,,,,,,,,,,
layer_2,127,LOAD WGT,LOAD,0,0,0,1,1,1,0,0,pc=127 LOAD WGT,,,,,,,,,0x005fce1b,0x0000,MEMORY READ,,,,,,,2,9,36,0,0,0,0,,,,,,,,,,,,,,,,,
layer_2,128,LOAD INP,LOAD,0,1,0,0,1,0,0,0,pc=128 LOAD INP,,,,,,,,,0x06042808,0x0244,MEMORY READ,,,,,,,10,56,56,0,0,1,1,,,,,,,,,,,,,,,,,
layer_2,129,LOAD WGT,LOAD,0,0,0,1,2,0,0,0,pc=129 LOAD WGT,,,,,,,,,0x005fce63,0x0012,MEMORY READ,,,,,,,2,9,36,0,0,0,0,,,,,,,,,,,,,,,,,
layer_2,130,GEMM,COMPUTE,1,0,1,0,1,1,0,0,pc=130 GEMM,,,,,,,,,,,,,,,,,,,,,,,,,0,16,64,56,0,1,1,3,1,1,0,,,,,,
layer_2,131,GEMM,COMPUTE,1,0,1,0,0,2,0,0,pc=131 GEMM,,,,,,,,,,,,,,,,,,,,,,,,,0,64,112,56,0,1,1,3,1,1,0,,,,,,
layer_2,132,NOP-MEMORY-STAGE,LOAD,0,1,0,0,0,1,0,0,pc=132 NOP-MEMORY-STAGE,,,,,,,,,,,,,,,,,,,,,,,,,,,,,,,,,,,,,,,,,
layer_2,133,LOAD ACC,COMPUTE,0,0,0,0,0,1,0,0,pc=133 LOAD ACC,,,,,,,,,0x005e0ac0,0x0380,MEMORY READ,,,,,,,1,2,2,0,0,0,0,,,,,,,,,,,,,,,,,
layer_2,134,ALU - add,COMPUTE,0,0,0,0,0,1,0,0,pc=134 ALU - add,,,,,,,,,,,,,,,,,,,,,,,,,0,112,113,,,,,,,,,2,448,1,448,1,0
layer_2,135,ALU - max imm,COMPUTE,0,0,0,0,0,1,0,0,pc=135 ALU - max imm,,,,,,,,,,,,,,,,,,,,,,,,,0,113,114,,,,,,,,,1,0,0,896,1,1
layer_2,136,ALU - add imm,COMPUTE,0,0,0,0,0,1,0,0,pc=136 ALU - add imm,,,,,,,,,,,,,,,,,,,,,,,,,0,114,115,,,,,,,,,1,0,0,896,1,1
layer_2,137,ALU - shr,COMPUTE,0,0,0,0,0,1,0,0,pc=137 ALU - shr,,,,,,,,,,,,,,,,,,,,,,,,,0,115,116,,,,,,,,,1,0,0,896,1,1
layer_2,138,ALU - min imm,COMPUTE,0,0,0,0,0,1,0,0,pc=138 ALU - min imm,,,,,,,,,,,,,,,,,,,,,,,,,0,116,117,,,,,,,,,1,0,0,896,1,1
layer_2,139,ALU - max imm,COMPUTE,0,0,0,1,0,1,0,1,pc=139 ALU - max imm,,,,,,,,,,,,,,,,,,,,,,,,,0,117,118,,,,,,,,,1,0,0,896,1,1
layer_2,140,LOAD ACC,COMPUTE,0,0,0,0,0,1,0,1,pc=140 LOAD ACC,,,,,,,,,0x005e0ac2,0x0702,MEMORY READ,,,,,,,1,2,2,0,0,0,0,,,,,,,,,,,,,,,,,
layer_2,141,ALU - add,COMPUTE,0,0,0,0,0,1,0,1,pc=141 ALU - add,,,,,,,,,,,,,,,,,,,,,,,,,0,118,119,,,,,,,,,2,448,1,448,1,0
layer_2,142,ALU - max imm,COMPUTE,0,0,0,0,0,1,0,1,pc=142 ALU - max imm,,,,,,,,,,,,,,,,,,,,,,,,,0,119,120,,,,,,,,,1,0,0,896,1,1
layer_2,143,ALU - add imm,COMPUTE,0,0,0,0,0,1,0,1,pc=143 ALU - add imm,,,,,,,,,,,,,,,,,,,,,,,,,0,120,121,,,,,,,,,1,0,0,896,1,1
layer_2,144,ALU - shr,COMPUTE,0,0,0,0,0,1,0,1,pc=144 ALU - shr,,,,,,,,,,,,,,,,,,,,,,,,,0,121,122,,,,,,,,,1,0,0,896,1,1
layer_2,145,ALU - min imm,COMPUTE,0,0,0,0,0,1,0,1,pc=145 ALU - min imm,,,,,,,,,,,,,,,,,,,,,,,,,0,122,123,,,,,,,,,1,0,0,896,1,1
layer_2,146,ALU - max imm,COMPUTE,0,0,0,1,0,1,0,2,pc=146 ALU - max imm,,,,,,,,,,,,,,,,,,,,,,,,,0,123,124,,,,,,,,,1,0,0,896,1,1
layer_2,147,STORE,STORE,1,0,1,0,0,1,1,1,pc=147 STORE,,,,,,,,,0x06050380,0x0000,MEMORY WRITE,,,,,,,2,448,3136,0,0,0,0,,,,,,,,,,,,,,,,,
layer_2,148,STORE,STORE,1,0,1,0,0,1,2,0,pc=148 STORE,,,,,,,,,0x06051c00,0x0382,MEMORY WRITE,,,,,,,2,448,3136,0,0,0,0,,,,,,,,,,,,,,,,,
layer_2,149,GEMM,COMPUTE,0,1,1,0,0,2,1,0,pc=149 GEMM,,,,,,,,,,,,,,,,,,,,,,,,,1,0,8,56,0,0,1,2,0,0,448,,,,,,
layer_2,150,GEMM,COMPUTE,0,1,1,0,0,3,0,0,pc=150 GEMM,,,,,,,,,,,,,,,,,,,,,,,,,1,8,16,56,0,0,1,2,0,0,448,,,,,,
layer_2,151,NOP-MEMORY-STAGE,LOAD,0,1,0,0,0,2,0,0,pc=151 NOP-MEMORY-STAGE,,,,,,,,,,,,,,,,,,,,,,,,,,,,,,,,,,,,,,,,,
layer_2,152,LOAD INP,LOAD,0,1,0,0,0,1,0,0,pc=152 LOAD INP,,,,,,,,,0x06040508,0x0000,MEMORY READ,,,,,,,10,56,56,0,0,1,1,,,,,,,,,,,,,,,,,
layer_2,153,LOAD WGT,LOAD,0,0,0,1,1,1,0,0,pc=153 LOAD WGT,,,,,,,,,0x005fce00,0x0000,MEMORY READ,,,,,,,2,9,36,0,0,0,0,,,,,,,,,,,,,,,,,
layer_2,154,LOAD INP,LOAD,0,1,0,0,1,0,0,0,pc=154 LOAD INP,,,,,,,,,0x06040508,0x0244,MEMORY READ,,,,,,,10,56,56,0,0,1,1,,,,,,,,,,,,,,,,,
layer_2,155,LOAD WGT,LOAD,0,0,0,1,2,0,0,0,pc=155 LOAD WGT,,,,,,,,,0x005fce48,0x0012,MEMORY READ,,,,,,,2,9,36,0,0,0,0,,,,,,,,,,,,,,,,,
layer_2,156,GEMM,COMPUTE,1,0,1,0,1,1,0,0,pc=156 GEMM,,,,,,,,,,,,,,,,,,,,,,,,,0,16,64,56,0,1,1,3,1,1,0,,,,,,
layer_2,157,GEMM,COMPUTE,1,0,1,0,0,2,0,0,pc=157 GEMM,,,,,,,,,,,,,,,,,,,,,,,,,0,64,112,56,0,1,1,3,1,1,0,,,,,,
layer_2,158,LOAD INP,LOAD,0,1,0,0,0,1,0,0,pc=158 LOAD INP,,,,,,,,,0x06041148,0x0000,MEMORY READ,,,,,,,10,56,56,0,0,1,1,,,,,,,,,,,,,,,,,
layer_2,159,LOAD WGT,LOAD,0,0,0,1,1,1,0,0,pc=159 LOAD WGT,,,,,,,,,0x005fce09,0x0000,MEMORY READ,,,,,,,2,9,36,0,0,0,0,,,,,,,,,,,,,,,,,
layer_2,160,LOAD INP,LOAD,0,1,0,0,1,0,0,0,pc=160 LOAD INP,,,,,,,,,0x06041148,0x0244,MEMORY READ,,,,,,,10,56,56,0,0,1,1,,,,,,,,,,,,,,,,,
layer_2,161,LOAD WGT,LOAD,0,0,0,1,2,0,0,0,pc=161 LOAD WGT,,,,,,,,,0x005fce51,0x0012,MEMORY READ,,,,,,,2,9,36,0,0,0,0,,,,,,,,,,,,,,,,,
layer_2,162,GEMM,COMPUTE,1,0,1,0,1,1,0,0,pc=162 GEMM,,,,,,,,,,,,,,,,,,,,,,,,,0,16,64,56,0,1,1,3,1,1,0,,,,,,
layer_2,163,GEMM,COMPUTE,1,0,1,0,0,2,0,0,pc=163 GEMM,,,,,,,,,,,,,,,,,,,,,,,,,0,64,112,56,0,1,1,3,1,1,0,,,,,,
layer_2,164,LOAD INP,LOAD,0,1,0,0,0,1,0,0,pc=164 LOAD INP,,,,,,,,,0x06041d88,0x0000,MEMORY READ,,,,,,,10,56,56,0,0,1,1,,,,,,,,,,,,,,,,,
layer_2,165,LOAD WGT,LOAD,0,0,0,1,1,1,0,0,pc=165 LOAD WGT,,,,,,,,,0x005fce12,0x0000,MEMORY READ,,,,,,,2,9,36,0,0,0,0,,,,,,,,,,,,,,,,,
layer_2,166,LOAD INP,LOAD,0,1,0,0,1,0,0,0,pc=166 LOAD INP,,,,,,,,,0x06041d88,0x0244,MEMORY READ,,,,,,,10,56,56,0,0,1,1,,,,,,,,,,,,,,,,,
layer_2,167,LOAD WGT,LOAD,0,0,0,1,2,0,0,0,pc=167 LOAD WGT,,,,,,,,,0x005fce5a,0x0012,MEMORY READ,,,,,,,2,9,36,0,0,0,0,,,,,,,,,,,,,,,,,
layer_2,168,GEMM,COMPUTE,1,0,1,0,1,1,0,0,pc=168 GEMM,,,,,,,,,,,,,,,,,,,,,,,,,0,16,64,56,0,1,1,3,1,1,0,,,,,,
layer_2,169,GEMM,COMPUTE,1,0,1,0,0,2,0,0,pc=169 GEMM,,,,,,,,,,,,,,,,,,,,,,,,,0,64,112,56,0,1,1,3,1,1,0,,,,,,
layer_2,170,LOAD INP,LOAD,0,1,0,0,0,1,0,0,pc=170 LOAD INP,,,,,,,,,0x060429c8,0x0000,MEMORY READ,,,,,,,10,56,56,0,0,1,1,,,,,,,,,,,,,,,,,
layer_2,171,LOAD WGT,LOAD,0,0,0,1,1,1,0,0,pc=171 LOAD WGT,,,,,,,,,0x005fce1b,0x0000,MEMORY READ,,,,,,,2,9,36,0,0,0,0,,,,,,,,,,,,,,,,,
layer_2,172,LOAD INP,LOAD,0,1,0,0,1,0,0,0,pc=172 LOAD INP,,,,,,,,,0x060429c8,0x0244,MEMORY READ,,,,,,,10,56,56,0,0,1,1,,,,,,,,,,,,,,,,,
layer_2,173,LOAD WGT,LOAD,0,0,0,1,2,0,0,0,pc=173 LOAD WGT,,,,,,,,,0x005fce63,0x0012,MEMORY READ,,,,,,,2,9,36,0,0,0,0,,,,,,,,,,,,,,,,,
layer_2,174,GEMM,COMPUTE,1,0,1,0,1,1,0,0,pc=174 GEMM,,,,,,,,,,,,,,,,,,,,,,,,,0,16,64,56,0,1,1,3,1,1,0,,,,,,
layer_2,175,GEMM,COMPUTE,1,0,1,0,0,2,0,0,pc=175 GEMM,,,,,,,,,,,,,,,,,,,,,,,,,0,64,112,56,0,1,1,3,1,1,0,,,,,,
layer_2,176,NOP-MEMORY-STAGE,LOAD,0,1,0,0,0,1,0,0,pc=176 NOP-MEMORY-STAGE,,,,,,,,,,,,,,,,,,,,,,,,,,,,,,,,,,,,,,,,,
layer_2,177,LOAD ACC,COMPUTE,0,0,0,0,0,1,0,0,pc=177 LOAD ACC,,,,,,,,,0x005e0ac0,0x0380,MEMORY READ,,,,,,,1,2,2,0,0,0,0,,,,,,,,,,,,,,,,,
layer_2,178,ALU - add,COMPUTE,0,0,0,0,0,1,0,0,pc=178 ALU - add,,,,,,,,,,,,,,,,,,,,,,,,,0,112,113,,,,,,,,,2,448,1,448,1,0
layer_2,179,ALU - max imm,COMPUTE,0,0,0,0,0,1,0,0,pc=179 ALU - max imm,,,,,,,,,,,,,,,,,,,,,,,,,0,113,114,,,,,,,,,1,0,0,896,1,1
layer_2,180,ALU - add imm,COMPUTE,0,0,0,0,0,1,0,0,pc=180 ALU - add imm,,,,,,,,,,,,,,,,,,,,,,,,,0,114,115,,,,,,,,,1,0,0,896,1,1
layer_2,181,ALU - shr,COMPUTE,0,0,0,0,0,1,0,0,pc=181 ALU - shr,,,,,,,,,,,,,,,,,,,,,,,,,0,115,116,,,,,,,,,1,0,0,896,1,1
layer_2,182,ALU - min imm,COMPUTE,0,0,0,0,0,1,0,0,pc=182 ALU - min imm,,,,,,,,,,,,,,,,,,,,,,,,,0,116,117,,,,,,,,,1,0,0,896,1,1
layer_2,183,ALU - max imm,COMPUTE,0,0,0,1,0,1,0,1,pc=183 ALU - max imm,,,,,,,,,,,,,,,,,,,,,,,,,0,117,118,,,,,,,,,1,0,0,896,1,1
layer_2,184,LOAD ACC,COMPUTE,0,0,0,0,0,1,0,1,pc=184 LOAD ACC,,,,,,,,,0x005e0ac2,0x0702,MEMORY READ,,,,,,,1,2,2,0,0,0,0,,,,,,,,,,,,,,,,,
layer_2,185,ALU - add,COMPUTE,0,0,0,0,0,1,0,1,pc=185 ALU - add,,,,,,,,,,,,,,,,,,,,,,,,,0,118,119,,,,,,,,,2,448,1,448,1,0
layer_2,186,ALU - max imm,COMPUTE,0,0,0,0,0,1,0,1,pc=186 ALU - max imm,,,,,,,,,,,,,,,,,,,,,,,,,0,119,120,,,,,,,,,1,0,0,896,1,1
layer_2,187,ALU - add imm,COMPUTE,0,0,0,0,0,1,0,1,pc=187 ALU - add imm,,,,,,,,,,,,,,,,,,,,,,,,,0,120,121,,,,,,,,,1,0,0,896,1,1
layer_2,188,ALU - shr,COMPUTE,0,0,0,0,0,1,0,1,pc=188 ALU - shr,,,,,,,,,,,,,,,,,,,,,,,,,0,121,122,,,,,,,,,1,0,0,896,1,1
layer_2,189,ALU - min imm,COMPUTE,0,0,0,0,0,1,0,1,pc=189 ALU - min imm,,,,,,,,,,,,,,,,,,,,,,,,,0,122,123,,,,,,,,,1,0,0,896,1,1
layer_2,190,ALU - max imm,COMPUTE,0,0,0,1,0,1,0,2,pc=190 ALU - max imm,,,,,,,,,,,,,,,,,,,,,,,,,0,123,124,,,,,,,,,1,0,0,896,1,1
layer_2,191,STORE,STORE,1,0,1,0,0,1,1,1,pc=191 STORE,,,,,,,,,0x06050540,0x0000,MEMORY WRITE,,,,,,,2,448,3136,0,0,0,0,,,,,,,,,,,,,,,,,
layer_2,192,STORE,STORE,1,0,1,0,0,1,2,0,pc=192 STORE,,,,,,,,,0x06051dc0,0x0382,MEMORY WRITE,,,,,,,2,448,3136,0,0,0,0,,,,,,,,,,,,,,,,,
layer_2,193,GEMM,COMPUTE,0,1,1,0,0,2,1,0,pc=193 GEMM,,,,,,,,,,,,,,,,,,,,,,,,,1,0,8,56,0,0,1,2,0,0,448,,,,,,
layer_2,194,GEMM,COMPUTE,0,1,1,0,0,3,0,0,pc=194 GEMM,,,,,,,,,,,,,,,,,,,,,,,,,1,8,16,56,0,0,1,2,0,0,448,,,,,,
layer_2,195,NOP-MEMORY-STAGE,LOAD,0,1,0,0,0,2,0,0,pc=195 NOP-MEMORY-STAGE,,,,,,,,,,,,,,,,,,,,,,,,,,,,,,,,,,,,,,,,,
layer_2,196,LOAD INP,LOAD,0,1,0,0,0,1,0,0,pc=196 LOAD INP,,,,,,,,,0x060406c8,0x0000,MEMORY READ,,,,,,,10,56,56,0,0,1,1,,,,,,,,,,,,,,,,,
layer_2,197,LOAD WGT,LOAD,0,0,0,1,1,1,0,0,pc=197 LOAD WGT,,,,,,,,,0x005fce00,0x0000,MEMORY READ,,,,,,,2,9,36,0,0,0,0,,,,,,,,,,,,,,,,,
layer_2,198,LOAD INP,LOAD,0,1,0,0,1,0,0,0,pc=198 LOAD INP,,,,,,,,,0x060406c8,0x0244,MEMORY READ,,,,,,,10,56,56,0,0,1,1,,,,,,,,,,,,,,,,,
layer_2,199,LOAD WGT,LOAD,0,0,0,1,2,0,0,0,pc=199 LOAD WGT,,,,,,,,,0x005fce48,0x0012,MEMORY READ,,,,,,,2,9,36,0,0,0,0,,,,,,,,,,,,,,,,,
layer_2,200,GEMM,COMPUTE,1,0,1,0,1,1,0,0,pc=200 GEMM,,,,,,,,,,,,,,,,,,,,,,,,,0,16,64,56,0,1,1,3,1,1,0,,,,,,
layer_2,201,GEMM,COMPUTE,1,0,1,0,0,2,0,0,pc=201 GEMM,,,,,,,,,,,,,,,,,,,,,,,,,0,64,112,56,0,1,1,3,1,1,0,,,,,,
layer_2,202,LOAD INP,LOAD,0,1,0,0,0,1,0,0,pc=202 LOAD INP,,,,,,,,,0x06041308,0x0000,MEMORY READ,,,,,,,10,56,56,0,0,1,1,,,,,,,,,,,,,,,,,
layer_2,203,LOAD WGT,LOAD,0,0,0,1,1,1,0,0,pc=203 LOAD WGT,,,,,,,,,0x005fce09,0x0000,MEMORY READ,,,,,,,2,9,36,0,0,0,0,,,,,,,,,,,,,,,,,
layer_2,204,LOAD INP,LOAD,0,1,0,0,1,0,0,0,pc=204 LOAD INP,,,,,,,,,0x06041308,0x0244,MEMORY READ,,,,,,,10,56,56,0,0,1,1,,,,,,,,,,,,,,,,,
layer_2,205,LOAD WGT,LOAD,0,0,0,1,2,0,0,0,pc=205 LOAD WGT,,,,,,,,,0x005fce51,0x0012,MEMORY READ,,,,,,,2,9,36,0,0,0,0,,,,,,,,,,,,,,,,,
layer_2,206,GEMM,COMPUTE,1,0,1,0,1,1,0,0,pc=206 GEMM,,,,,,,,,,,,,,,,,,,,,,,,,0,16,64,56,0,1,1,3,1,1,0,,,,,,
layer_2,207,GEMM,COMPUTE,1,0,1,0,0,2,0,0,pc=207 GEMM,,,,,,,,,,,,,,,,,,,,,,,,,0,64,112,56,0,1,1,3,1,1,0,,,,,,
layer_2,208,LOAD INP,LOAD,0,1,0,0,0,1,0,0,pc=208 LOAD INP,,,,,,,,,0x06041f48,0x0000,MEMORY READ,,,,,,,10,56,56,0,0,1,1,,,,,,,,,,,,,,,,,
layer_2,209,LOAD WGT,LOAD,0,0,0,1,1,1,0,0,pc=209 LOAD WGT,,,,,,,,,0x005fce12,0x0000,MEMORY READ,,,,,,,2,9,36,0,0,0,0,,,,,,,,,,,,,,,,,
layer_2,210,LOAD INP,LOAD,0,1,0,0,1,0,0,0,pc=210 LOAD INP,,,,,,,,,0x06041f48,0x0244,MEMORY READ,,,,,,,10,56,56,0,0,1,1,,,,,,,,,,,,,,,,,
layer_2,211,LOAD WGT,LOAD,0,0,0,1,2,0,0,0,pc=211 LOAD WGT,,,,,,,,,0x005fce5a,0x0012,MEMORY READ,,,,,,,2,9,36,0,0,0,0,,,,,,,,,,,,,,,,,
layer_2,212,GEMM,COMPUTE,1,0,1,0,1,1,0,0,pc=212 GEMM,,,,,,,,,,,,,,,,,,,,,,,,,0,16,64,56,0,1,1,3,1,1,0,,,,,,
layer_2,213,GEMM,COMPUTE,1,0,1,0,0,2,0,0,pc=213 GEMM,,,,,,,,,,,,,,,,,,,,,,,,,0,64,112,56,0,1,1,3,1,1,0,,,,,,
layer_2,214,LOAD INP,LOAD,0,1,0,0,0,1,0,0,pc=214 LOAD INP,,,,,,,,,0x06042b88,0x0000,MEMORY READ,,,,,,,10,56,56,0,0,1,1,,,,,,,,,,,,,,,,,
layer_2,215,LOAD WGT,LOAD,0,0,0,1,1,1,0,0,pc=215 LOAD WGT,,,,,,,,,0x005fce1b,0x0000,MEMORY READ,,,,,,,2,9,36,0,0,0,0,,,,,,,,,,,,,,,,,
layer_2,216,LOAD INP,LOAD,0,1,0,0,1,0,0,0,pc=216 LOAD INP,,,,,,,,,0x06042b88,0x0244,MEMORY READ,,,,,,,10,56,56,0,0,1,1,,,,,,,,,,,,,,,,,
layer_2,217,LOAD WGT,LOAD,0,0,0,1,2,0,0,0,pc=217 LOAD WGT,,,,,,,,,0x005fce63,0x0012,MEMORY READ,,,,,,,2,9,36,0,0,0,0,,,,,,,,,,,,,,,,,
layer_2,218,GEMM,COMPUTE,1,0,1,0,1,1,0,0,pc=218 GEMM,,,,,,,,,,,,,,,,,,,,,,,,,0,16,64,56,0,1,1,3,1,1,0,,,,,,
layer_2,219,GEMM,COMPUTE,1,0,1,0,0,2,0,0,pc=219 GEMM,,,,,,,,,,,,,,,,,,,,,,,,,0,64,112,56,0,1,1,3,1,1,0,,,,,,
layer_2,220,NOP-MEMORY-STAGE,LOAD,0,1,0,0,0,1,0,0,pc=220 NOP-MEMORY-STAGE,,,,,,,,,,,,,,,,,,,,,,,,,,,,,,,,,,,,,,,,,
layer_2,221,LOAD ACC,COMPUTE,0,0,0,0,0,1,0,0,pc=221 LOAD ACC,,,,,,,,,0x005e0ac0,0x0380,MEMORY READ,,,,,,,1,2,2,0,0,0,0,,,,,,,,,,,,,,,,,
layer_2,222,ALU - add,COMPUTE,0,0,0,0,0,1,0,0,pc=222 ALU - add,,,,,,,,,,,,,,,,,,,,,,,,,0,112,113,,,,,,,,,2,448,1,448,1,0
layer_2,223,ALU - max imm,COMPUTE,0,0,0,0,0,1,0,0,pc=223 ALU - max imm,,,,,,,,,,,,,,,,,,,,,,,,,0,113,114,,,,,,,,,1,0,0,896,1,1
layer_2,224,ALU - add imm,COMPUTE,0,0,0,0,0,1,0,0,pc=224 ALU - add imm,,,,,,,,,,,,,,,,,,,,,,,,,0,114,115,,,,,,,,,1,0,0,896,1,1
layer_2,225,ALU - shr,COMPUTE,0,0,0,0,0,1,0,0,pc=225 ALU - shr,,,,,,,,,,,,,,,,,,,,,,,,,0,115,116,,,,,,,,,1,0,0,896,1,1
layer_2,226,ALU - min imm,COMPUTE,0,0,0,0,0,1,0,0,pc=226 ALU - min imm,,,,,,,,,,,,,,,,,,,,,,,,,0,116,117,,,,,,,,,1,0,0,896,1,1
layer_2,227,ALU - max imm,COMPUTE,0,0,0,1,0,1,0,1,pc=227 ALU - max imm,,,,,,,,,,,,,,,,,,,,,,,,,0,117,118,,,,,,,,,1,0,0,896,1,1
layer_2,228,LOAD ACC,COMPUTE,0,0,0,0,0,1,0,1,pc=228 LOAD ACC,,,,,,,,,0x005e0ac2,0x0702,MEMORY READ,,,,,,,1,2,2,0,0,0,0,,,,,,,,,,,,,,,,,
layer_2,229,ALU - add,COMPUTE,0,0,0,0,0,1,0,1,pc=229 ALU - add,,,,,,,,,,,,,,,,,,,,,,,,,0,118,119,,,,,,,,,2,448,1,448,1,0
layer_2,230,ALU - max imm,COMPUTE,0,0,0,0,0,1,0,1,pc=230 ALU - max imm,,,,,,,,,,,,,,,,,,,,,,,,,0,119,120,,,,,,,,,1,0,0,896,1,1
layer_2,231,ALU - add imm,COMPUTE,0,0,0,0,0,1,0,1,pc=231 ALU - add imm,,,,,,,,,,,,,,,,,,,,,,,,,0,120,121,,,,,,,,,1,0,0,896,1,1
layer_2,232,ALU - shr,COMPUTE,0,0,0,0,0,1,0,1,pc=232 ALU - shr,,,,,,,,,,,,,,,,,,,,,,,,,0,121,122,,,,,,,,,1,0,0,896,1,1
layer_2,233,ALU - min imm,COMPUTE,0,0,0,0,0,1,0,1,pc=233 ALU - min imm,,,,,,,,,,,,,,,,,,,,,,,,,0,122,123,,,,,,,,,1,0,0,896,1,1
layer_2,234,ALU - max imm,COMPUTE,0,0,0,1,0,1,0,2,pc=234 ALU - max imm,,,,,,,,,,,,,,,,,,,,,,,,,0,123,124,,,,,,,,,1,0,0,896,1,1
layer_2,235,STORE,STORE,1,0,1,0,0,1,1,1,pc=235 STORE,,,,,,,,,0x06050700,0x0000,MEMORY WRITE,,,,,,,2,448,3136,0,0,0,0,,,,,,,,,,,,,,,,,
layer_2,236,STORE,STORE,1,0,1,0,0,1,2,0,pc=236 STORE,,,,,,,,,0x06051f80,0x0382,MEMORY WRITE,,,,,,,2,448,3136,0,0,0,0,,,,,,,,,,,,,,,,,
layer_2,237,GEMM,COMPUTE,0,1,1,0,0,2,1,0,pc=237 GEMM,,,,,,,,,,,,,,,,,,,,,,,,,1,0,8,56,0,0,1,2,0,0,448,,,,,,
layer_2,238,GEMM,COMPUTE,0,1,1,0,0,3,0,0,pc=238 GEMM,,,,,,,,,,,,,,,,,,,,,,,,,1,8,16,56,0,0,1,2,0,0,448,,,,,,
layer_2,239,NOP-MEMORY-STAGE,LOAD,0,1,0,0,0,2,0,0,pc=239 NOP-MEMORY-STAGE,,,,,,,,,,,,,,,,,,,,,,,,,,,,,,,,,,,,,,,,,
layer_2,240,LOAD INP,LOAD,0,1,0,0,0,1,0,0,pc=240 LOAD INP,,,,,,,,,0x06040888,0x0000,MEMORY READ,,,,,,,10,56,56,0,0,1,1,,,,,,,,,,,,,,,,,
layer_2,241,LOAD WGT,LOAD,0,0,0,1,1,1,0,0,pc=241 LOAD WGT,,,,,,,,,0x005fce00,0x0000,MEMORY READ,,,,,,,2,9,36,0,0,0,0,,,,,,,,,,,,,,,,,
layer_2,242,LOAD INP,LOAD,0,1,0,0,1,0,0,0,pc=242 LOAD INP,,,,,,,,,0x06040888,0x0244,MEMORY READ,,,,,,,10,56,56,0,0,1,1,,,,,,,,,,,,,,,,,
layer_2,243,LOAD WGT,LOAD,0,0,0,1,2,0,0,0,pc=243 LOAD WGT,,,,,,,,,0x005fce48,0x0012,MEMORY READ,,,,,,,2,9,36,0,0,0,0,,,,,,,,,,,,,,,,,
layer_2,244,GEMM,COMPUTE,1,0,1,0,1,1,0,0,pc=244 GEMM,,,,,,,,,,,,,,,,,,,,,,,,,0,16,64,56,0,1,1,3,1,1,0,,,,,,
layer_2,245,GEMM,COMPUTE,1,0,1,0,0,2,0,0,pc=245 GEMM,,,,,,,,,,,,,,,,,,,,,,,,,0,64,112,56,0,1,1,3,1,1,0,,,,,,
layer_2,246,LOAD INP,LOAD,0,1,0,0,0,1,0,0,pc=246 LOAD INP,,,,,,,,,0x060414c8,0x0000,MEMORY READ,,,,,,,10,56,56,0,0,1,1,,,,,,,,,,,,,,,,,
layer_2,247,LOAD WGT,LOAD,0,0,0,1,1,1,0,0,pc=247 LOAD WGT,,,,,,,,,0x005fce09,0x0000,MEMORY READ,,,,,,,2,9,36,0,0,0,0,,,,,,,,,,,,,,,,,
layer_2,248,LOAD INP,LOAD,0,1,0,0,1,0,0,0,pc=248 LOAD INP,,,,,,,,,0x060414c8,0x0244,MEMORY READ,,,,,,,10,56,56,0,0,1,1,,,,,,,,,,,,,,,,,
layer_2,249,LOAD WGT,LOAD,0,0,0,1,2,0,0,0,pc=249 LOAD WGT,,,,,,,,,0x005fce51,0x0012,MEMORY READ,,,,,,,2,9,36,0,0,0,0,,,,,,,,,,,,,,,,,
layer_2,250,GEMM,COMPUTE,1,0,1,0,1,1,0,0,pc=250 GEMM,,,,,,,,,,,,,,,,,,,,,,,,,0,16,64,56,0,1,1,3,1,1,0,,,,,,
layer_2,251,GEMM,COMPUTE,1,0,1,0,0,2,0,0,pc=251 GEMM,,,,,,,,,,,,,,,,,,,,,,,,,0,64,112,56,0,1,1,3,1,1,0,,,,,,
layer_2,252,LOAD INP,LOAD,0,1,0,0,0,1,0,0,pc=252 LOAD INP,,,,,,,,,0x06042108,0x0000,MEMORY READ,,,,,,,10,56,56,0,0,1,1,,,,,,,,,,,,,,,,,
layer_2,253,LOAD WGT,LOAD,0,0,0,1,1,1,0,0,pc=253 LOAD WGT,,,,,,,,,0x005fce12,0x0000,MEMORY READ,,,,,,,2,9,36,0,0,0,0,,,,,,,,,,,,,,,,,
layer_2,254,LOAD INP,LOAD,0,1,0,0,1,0,0,0,pc=254 LOAD INP,,,,,,,,,0x06042108,0x0244,MEMORY READ,,,,,,,10,56,56,0,0,1,1,,,,,,,,,,,,,,,,,
layer_2,255,LOAD WGT,LOAD,0,0,0,1,2,0,0,0,pc=255 LOAD WGT,,,,,,,,,0x005fce5a,0x0012,MEMORY READ,,,,,,,2,9,36,0,0,0,0,,,,,,,,,,,,,,,,,
layer_2,256,GEMM,COMPUTE,1,0,1,0,1,1,0,0,pc=256 GEMM,,,,,,,,,,,,,,,,,,,,,,,,,0,16,64,56,0,1,1,3,1,1,0,,,,,,
layer_2,257,GEMM,COMPUTE,1,0,1,0,0,2,0,0,pc=257 GEMM,,,,,,,,,,,,,,,,,,,,,,,,,0,64,112,56,0,1,1,3,1,1,0,,,,,,
layer_2,258,LOAD INP,LOAD,0,1,0,0,0,1,0,0,pc=258 LOAD INP,,,,,,,,,0x06042d48,0x0000,MEMORY READ,,,,,,,10,56,56,0,0,1,1,,,,,,,,,,,,,,,,,
layer_2,259,LOAD WGT,LOAD,0,0,0,1,1,1,0,0,pc=259 LOAD WGT,,,,,,,,,0x005fce1b,0x0000,MEMORY READ,,,,,,,2,9,36,0,0,0,0,,,,,,,,,,,,,,,,,
layer_2,260,LOAD INP,LOAD,0,1,0,0,1,0,0,0,pc=260 LOAD INP,,,,,,,,,0x06042d48,0x0244,MEMORY READ,,,,,,,10,56,56,0,0,1,1,,,,,,,,,,,,,,,,,
layer_2,261,LOAD WGT,LOAD,0,0,0,1,2,0,0,0,pc=261 LOAD WGT,,,,,,,,,0x005fce63,0x0012,MEMORY READ,,,,,,,2,9,36,0,0,0,0,,,,,,,,,,,,,,,,,
layer_2,262,GEMM,COMPUTE,1,0,1,0,1,1,0,0,pc=262 GEMM,,,,,,,,,,,,,,,,,,,,,,,,,0,16,64,56,0,1,1,3,1,1,0,,,,,,
layer_2,263,GEMM,COMPUTE,1,0,1,0,0,2,0,0,pc=263 GEMM,,,,,,,,,,,,,,,,,,,,,,,,,0,64,112,56,0,1,1,3,1,1,0,,,,,,
layer_2,264,NOP-MEMORY-STAGE,LOAD,0,1,0,0,0,1,0,0,pc=264 NOP-MEMORY-STAGE,,,,,,,,,,,,,,,,,,,,,,,,,,,,,,,,,,,,,,,,,
layer_2,265,LOAD ACC,COMPUTE,0,0,0,0,0,1,0,0,pc=265 LOAD ACC,,,,,,,,,0x005e0ac0,0x0380,MEMORY READ,,,,,,,1,2,2,0,0,0,0,,,,,,,,,,,,,,,,,
layer_2,266,ALU - add,COMPUTE,0,0,0,0,0,1,0,0,pc=266 ALU - add,,,,,,,,,,,,,,,,,,,,,,,,,0,112,113,,,,,,,,,2,448,1,448,1,0
layer_2,267,ALU - max imm,COMPUTE,0,0,0,0,0,1,0,0,pc=267 ALU - max imm,,,,,,,,,,,,,,,,,,,,,,,,,0,113,114,,,,,,,,,1,0,0,896,1,1
layer_2,268,ALU - add imm,COMPUTE,0,0,0,0,0,1,0,0,pc=268 ALU - add imm,,,,,,,,,,,,,,,,,,,,,,,,,0,114,115,,,,,,,,,1,0,0,896,1,1
layer_2,269,ALU - shr,COMPUTE,0,0,0,0,0,1,0,0,pc=269 ALU - shr,,,,,,,,,,,,,,,,,,,,,,,,,0,115,116,,,,,,,,,1,0,0,896,1,1
layer_2,270,ALU - min imm,COMPUTE,0,0,0,0,0,1,0,0,pc=270 ALU - min imm,,,,,,,,,,,,,,,,,,,,,,,,,0,116,117,,,,,,,,,1,0,0,896,1,1
layer_2,271,ALU - max imm,COMPUTE,0,0,0,1,0,1,0,1,pc=271 ALU - max imm,,,,,,,,,,,,,,,,,,,,,,,,,0,117,118,,,,,,,,,1,0,0,896,1,1
layer_2,272,LOAD ACC,COMPUTE,0,0,0,0,0,1,0,1,pc=272 LOAD ACC,,,,,,,,,0x005e0ac2,0x0702,MEMORY READ,,,,,,,1,2,2,0,0,0,0,,,,,,,,,,,,,,,,,
layer_2,273,ALU - add,COMPUTE,0,0,0,0,0,1,0,1,pc=273 ALU - add,,,,,,,,,,,,,,,,,,,,,,,,,0,118,119,,,,,,,,,2,448,1,448,1,0
layer_2,274,ALU - max imm,COMPUTE,0,0,0,0,0,1,0,1,pc=274 ALU - max imm,,,,,,,,,,,,,,,,,,,,,,,,,0,119,120,,,,,,,,,1,0,0,896,1,1
layer_2,275,ALU - add imm,COMPUTE,0,0,0,0,0,1,0,1,pc=275 ALU - add imm,,,,,,,,,,,,,,,,,,,,,,,,,0,120,121,,,,,,,,,1,0,0,896,1,1
layer_2,276,ALU - shr,COMPUTE,0,0,0,0,0,1,0,1,pc=276 ALU - shr,,,,,,,,,,,,,,,,,,,,,,,,,0,121,122,,,,,,,,,1,0,0,896,1,1
layer_2,277,ALU - min imm,COMPUTE,0,0,0,0,0,1,0,1,pc=277 ALU - min imm,,,,,,,,,,,,,,,,,,,,,,,,,0,122,123,,,,,,,,,1,0,0,896,1,1
layer_2,278,ALU - max imm,COMPUTE,0,0,0,1,0,1,0,2,pc=278 ALU - max imm,,,,,,,,,,,,,,,,,,,,,,,,,0,123,124,,,,,,,,,1,0,0,896,1,1
layer_2,279,STORE,STORE,1,0,1,0,0,1,1,1,pc=279 STORE,,,,,,,,,0x060508c0,0x0000,MEMORY WRITE,,,,,,,2,448,3136,0,0,0,0,,,,,,,,,,,,,,,,,
layer_2,280,STORE,STORE,1,0,1,0,0,1,2,0,pc=280 STORE,,,,,,,,,0x06052140,0x0382,MEMORY WRITE,,,,,,,2,448,3136,0,0,0,0,,,,,,,,,,,,,,,,,
layer_2,281,GEMM,COMPUTE,0,1,1,0,0,2,1,0,pc=281 GEMM,,,,,,,,,,,,,,,,,,,,,,,,,1,0,8,56,0,0,1,2,0,0,448,,,,,,
layer_2,282,GEMM,COMPUTE,0,1,1,0,0,3,0,0,pc=282 GEMM,,,,,,,,,,,,,,,,,,,,,,,,,1,8,16,56,0,0,1,2,0,0,448,,,,,,
layer_2,283,NOP-MEMORY-STAGE,LOAD,0,1,0,0,0,2,0,0,pc=283 NOP-MEMORY-STAGE,,,,,,,,,,,,,,,,,,,,,,,,,,,,,,,,,,,,,,,,,
layer_2,284,LOAD INP,LOAD,0,1,0,0,0,1,0,0,pc=284 LOAD INP,,,,,,,,,0x06040a48,0x0000,MEMORY READ,,,,,,,9,56,56,0,1,1,1,,,,,,,,,,,,,,,,,
layer_2,285,LOAD WGT,LOAD,0,0,0,1,1,1,0,0,pc=285 LOAD WGT,,,,,,,,,0x005fce00,0x0000,MEMORY READ,,,,,,,2,9,36,0,0,0,0,,,,,,,,,,,,,,,,,
layer_2,286,LOAD INP,LOAD,0,1,0,0,1,0,0,0,pc=286 LOAD INP,,,,,,,,,0x06040a48,0x0244,MEMORY READ,,,,,,,9,56,56,0,1,1,1,,,,,,,,,,,,,,,,,
layer_2,287,LOAD WGT,LOAD,0,0,0,1,2,0,0,0,pc=287 LOAD WGT,,,,,,,,,0x005fce48,0x0012,MEMORY READ,,,,,,,2,9,36,0,0,0,0,,,,,,,,,,,,,,,,,
layer_2,288,GEMM,COMPUTE,1,0,1,0,1,1,0,0,pc=288 GEMM,,,,,,,,,,,,,,,,,,,,,,,,,0,16,64,56,0,1,1,3,1,1,0,,,,,,
layer_2,289,GEMM,COMPUTE,1,0,1,0,0,2,0,0,pc=289 GEMM,,,,,,,,,,,,,,,,,,,,,,,,,0,64,112,56,0,1,1,3,1,1,0,,,,,,
layer_2,290,LOAD INP,LOAD,0,1,0,0,0,1,0,0,pc=290 LOAD INP,,,,,,,,,0x06041688,0x0000,MEMORY READ,,,,,,,9,56,56,0,1,1,1,,,,,,,,,,,,,,,,,
layer_2,291,LOAD WGT,LOAD,0,0,0,1,1,1,0,0,pc=291 LOAD WGT,,,,,,,,,0x005fce09,0x0000,MEMORY READ,,,,,,,2,9,36,0,0,0,0,,,,,,,,,,,,,,,,,
layer_2,292,LOAD INP,LOAD,0,1,0,0,1,0,0,0,pc=292 LOAD INP,,,,,,,,,0x06041688,0x0244,MEMORY READ,,,,,,,9,56,56,0,1,1,1,,,,,,,,,,,,,,,,,
layer_2,293,LOAD WGT,LOAD,0,0,0,1,2,0,0,0,pc=293 LOAD WGT,,,,,,,,,0x005fce51,0x0012,MEMORY READ,,,,,,,2,9,36,0,0,0,0,,,,,,,,,,,,,,,,,
layer_2,294,GEMM,COMPUTE,1,0,1,0,1,1,0,0,pc=294 GEMM,,,,,,,,,,,,,,,,,,,,,,,,,0,16,64,56,0,1,1,3,1,1,0,,,,,,
layer_2,295,GEMM,COMPUTE,1,0,1,0,0,2,0,0,pc=295 GEMM,,,,,,,,,,,,,,,,,,,,,,,,,0,64,112,56,0,1,1,3,1,1,0,,,,,,
layer_2,296,LOAD INP,LOAD,0,1,0,0,0,1,0,0,pc=296 LOAD INP,,,,,,,,,0x060422c8,0x0000,MEMORY READ,,,,,,,9,56,56,0,1,1,1,,,,,,,,,,,,,,,,,
layer_2,297,LOAD WGT,LOAD,0,0,0,1,1,1,0,0,pc=297 LOAD WGT,,,,,,,,,0x005fce12,0x0000,MEMORY READ,,,,,,,2,9,36,0,0,0,0,,,,,,,,,,,,,,,,,
layer_2,298,LOAD INP,LOAD,0,1,0,0,1,0,0,0,pc=298 LOAD INP,,,,,,,,,0x060422c8,0x0244,MEMORY READ,,,,,,,9,56,56,0,1,1,1,,,,,,,,,,,,,,,,,
layer_2,299,LOAD WGT,LOAD,0,0,0,1,2,0,0,0,pc=299 LOAD WGT,,,,,,,,,0x005fce5a,0x0012,MEMORY READ,,,,,,,2,9,36,0,0,0,0,,,,,,,,,,,,,,,,,
layer_2,300,GEMM,COMPUTE,1,0,1,0,1,1,0,0,pc=300 GEMM,,,,,,,,,,,,,,,,,,,,,,,,,0,16,64,56,0,1,1,3,1,1,0,,,,,,
layer_2,301,GEMM,COMPUTE,1,0,1,0,0,2,0,0,pc=301 GEMM,,,,,,,,,,,,,,,,,,,,,,,,,0,64,112,56,0,1,1,3,1,1,0,,,,,,
layer_2,302,LOAD INP,LOAD,0,1,0,0,0,1,0,0,pc=302 LOAD INP,,,,,,,,,0x06042f08,0x0000,MEMORY READ,,,,,,,9,56,56,0,1,1,1,,,,,,,,,,,,,,,,,
layer_2,303,LOAD WGT,LOAD,0,0,0,1,1,1,0,0,pc=303 LOAD WGT,,,,,,,,,0x005fce1b,0x0000,MEMORY READ,,,,,,,2,9,36,0,0,0,0,,,,,,,,,,,,,,,,,
layer_2,304,LOAD INP,LOAD,0,1,0,0,1,0,0,0,pc=304 LOAD INP,,,,,,,,,0x06042f08,0x0244,MEMORY READ,,,,,,,9,56,56,0,1,1,1,,,,,,,,,,,,,,,,,
layer_2,305,LOAD WGT,LOAD,0,0,0,1,2,0,0,0,pc=305 LOAD WGT,,,,,,,,,0x005fce63,0x0012,MEMORY READ,,,,,,,2,9,36,0,0,0,0,,,,,,,,,,,,,,,,,
layer_2,306,GEMM,COMPUTE,1,0,1,0,1,1,0,0,pc=306 GEMM,,,,,,,,,,,,,,,,,,,,,,,,,0,16,64,56,0,1,1,3,1,1,0,,,,,,
layer_2,307,GEMM,COMPUTE,1,0,1,0,0,2,0,0,pc=307 GEMM,,,,,,,,,,,,,,,,,,,,,,,,,0,64,112,56,0,1,1,3,1,1,0,,,,,,
layer_2,308,NOP-MEMORY-STAGE,LOAD,0,1,0,0,0,1,0,0,pc=308 NOP-MEMORY-STAGE,,,,,,,,,,,,,,,,,,,,,,,,,,,,,,,,,,,,,,,,,
layer_2,309,LOAD ACC,COMPUTE,0,0,0,0,0,1,0,0,pc=309 LOAD ACC,,,,,,,,,0x005e0ac0,0x0380,MEMORY READ,,,,,,,1,2,2,0,0,0,0,,,,,,,,,,,,,,,,,
layer_2,310,ALU - add,COMPUTE,0,0,0,0,0,1,0,0,pc=310 ALU - add,,,,,,,,,,,,,,,,,,,,,,,,,0,112,113,,,,,,,,,2,448,1,448,1,0
layer_2,311,ALU - max imm,COMPUTE,0,0,0,0,0,1,0,0,pc=311 ALU - max imm,,,,,,,,,,,,,,,,,,,,,,,,,0,113,114,,,,,,,,,1,0,0,896,1,1
layer_2,312,ALU - add imm,COMPUTE,0,0,0,0,0,1,0,0,pc=312 ALU - add imm,,,,,,,,,,,,,,,,,,,,,,,,,0,114,115,,,,,,,,,1,0,0,896,1,1
layer_2,313,ALU - shr,COMPUTE,0,0,0,0,0,1,0,0,pc=313 ALU - shr,,,,,,,,,,,,,,,,,,,,,,,,,0,115,116,,,,,,,,,1,0,0,896,1,1
layer_2,314,ALU - min imm,COMPUTE,0,0,0,0,0,1,0,0,pc=314 ALU - min imm,,,,,,,,,,,,,,,,,,,,,,,,,0,116,117,,,,,,,,,1,0,0,896,1,1
layer_2,315,ALU - max imm,COMPUTE,0,0,0,1,0,1,0,1,pc=315 ALU - max imm,,,,,,,,,,,,,,,,,,,,,,,,,0,117,118,,,,,,,,,1,0,0,896,1,1
layer_2,316,LOAD ACC,COMPUTE,0,0,0,0,0,1,0,1,pc=316 LOAD ACC,,,,,,,,,0x005e0ac2,0x0702,MEMORY READ,,,,,,,1,2,2,0,0,0,0,,,,,,,,,,,,,,,,,
layer_2,317,ALU - add,COMPUTE,0,0,0,0,0,1,0,1,pc=317 ALU - add,,,,,,,,,,,,,,,,,,,,,,,,,0,118,119,,,,,,,,,2,448,1,448,1,0
layer_2,318,ALU - max imm,COMPUTE,0,0,0,0,0,1,0,1,pc=318 ALU - max imm,,,,,,,,,,,,,,,,,,,,,,,,,0,119,120,,,,,,,,,1,0,0,896,1,1
layer_2,319,ALU - add imm,COMPUTE,0,0,0,0,0,1,0,1,pc=319 ALU - add imm,,,,,,,,,,,,,,,,,,,,,,,,,0,120,121,,,,,,,,,1,0,0,896,1,1
layer_2,320,ALU - shr,COMPUTE,0,0,0,0,0,1,0,1,pc=320 ALU - shr,,,,,,,,,,,,,,,,,,,,,,,,,0,121,122,,,,,,,,,1,0,0,896,1,1
layer_2,321,ALU - min imm,COMPUTE,0,0,0,0,0,1,0,1,pc=321 ALU - min imm,,,,,,,,,,,,,,,,,,,,,,,,,0,122,123,,,,,,,,,1,0,0,896,1,1
layer_2,322,ALU - max imm,COMPUTE,0,0,0,1,0,1,0,2,pc=322 ALU - max imm,,,,,,,,,,,,,,,,,,,,,,,,,0,123,124,,,,,,,,,1,0,0,896,1,1
layer_2,323,STORE,STORE,1,0,1,0,0,1,1,1,pc=323 STORE,,,,,,,,,0x06050a80,0x0000,MEMORY WRITE,,,,,,,2,448,3136,0,0,0,0,,,,,,,,,,,,,,,,,
layer_2,324,STORE,STORE,1,0,1,0,0,1,2,0,pc=324 STORE,,,,,,,,,0x06052300,0x0382,MEMORY WRITE,,,,,,,2,448,3136,0,0,0,0,,,,,,,,,,,,,,,,,
layer_2,325,NOP-COMPUTE-STAGE,COMPUTE,0,1,0,0,0,1,1,0,pc=325 NOP-COMPUTE-STAGE,,,,,,,,,,,,,,,,,,,,,,,,,,,,,,,,,,,,,,,,,
layer_2,326,NOP-STORE-STAGE,STORE,0,0,1,0,0,1,2,0,pc=326 NOP-STORE-STAGE,,,,,,,,,,,,,,,,,,,,,,,,,,,,,,,,,,,,,,,,,
layer_2,327,NOP-MEMORY-STAGE,LOAD,0,1,0,0,0,0,2,0,pc=327 NOP-MEMORY-STAGE,,,,,,,,,,,,,,,,,,,,,,,,,,,,,,,,,,,,,,,,,
layer_2,328,NOP-MEMORY-STAGE,LOAD,0,0,0,1,1,0,2,0,pc=328 NOP-MEMORY-STAGE,,,,,,,,,,,,,,,,,,,,,,,,,,,,,,,,,,,,,,,,,
layer_2,329,NOP-COMPUTE-STAGE,COMPUTE,0,1,0,0,1,0,1,0,pc=329 NOP-COMPUTE-STAGE,,,,,,,,,,,,,,,,,,,,,,,,,,,,,,,,,,,,,,,,,
layer_2,330,NOP-COMPUTE-STAGE,COMPUTE,1,1,0,0,0,0,0,0,pc=330 NOP-COMPUTE-STAGE,,,,,,,,,,,,,,,,,,,,,,,,,,,,,,,,,,,,,,,,,
layer_2,331,FINISH,COMPUTE,,,,,0,0,0,0,pc=331 FINISH,,,,,,,,,,,,,,,,,,,,,,,,,,,,,,,,,,,,,,,,,
layer_3,0,NOP-STORE-STAGE,STORE,0,0,1,0,0,0,1,0,pc=0 NOP-STORE-STAGE,,,,,,,,,,,,,,,,,,,,,,,,,,,,,,,,,,,,,,,,,
layer_3,1,NOP-STORE-STAGE,STORE,0,0,1,0,0,0,2,0,pc=1 NOP-STORE-STAGE,,,,,,,,,,,,,,,,,,,,,,,,,,,,,,,,,,,,,,,,,
layer_3,2,LOAD UOP,COMPUTE,0,1,0,0,0,0,1,0,pc=2 LOAD UOP,,,,,,,,,0x18580000,0x0000,MEMORY READ,,,,,,,1,8,8,0,0,0,0,,,,,,,,,,,,,,,,,
layer_3,3,GEMM,COMPUTE,0,0,1,0,0,1,1,0,pc=3 GEMM,,,,,,,,,,,,,,,,,,,,,,,,,1,0,8,56,0,0,1,2,0,0,448,,,,,,
layer_3,4,LOAD UOP,COMPUTE,0,1,0,0,0,1,0,0,pc=4 LOAD UOP,,,,,,,,,0x18580008,0x0008,MEMORY READ,,,,,,,1,8,8,0,0,0,0,,,,,,,,,,,,,,,,,
layer_3,5,GEMM,COMPUTE,0,0,1,0,0,2,0,0,pc=5 GEMM,,,,,,,,,,,,,,,,,,,,,,,,,1,8,16,56,0,0,1,2,0,0,448,,,,,,
layer_3,6,LOAD INP,LOAD,0,1,0,0,0,1,0,0,pc=6 LOAD INP,,,,,,,,,0x06050000,0x0000,MEMORY READ,,,,,,,9,56,56,1,0,1,1,,,,,,,,,,,,,,,,,
layer_3,7,LOAD WGT,LOAD,0,0,0,1,1,1,0,0,pc=7 LOAD WGT,,,,,,,,,0x005fcf00,0x0000,MEMORY READ,,,,,,,2,9,36,0,0,0,0,,,,,,,,,,,,,,,,,
layer_3,8,LOAD INP,LOAD,0,1,0,0,1,0,0,0,pc=8 LOAD INP,,,,,,,,,0x06050000,0x0244,MEMORY READ,,,,,,,9,56,56,1,0,1,1,,,,,,,,,,,,,,,,,
layer_3,9,LOAD WGT,LOAD,0,0,0,1,2,0,0,0,pc=9 LOAD WGT,,,,,,,,,0x005fcf48,0x0012,MEMORY READ,,,,,,,2,9,36,0,0,0,0,,,,,,,,,,,,,,,,,
layer_3,10,LOAD UOP,COMPUTE,1,0,0,0,1,0,0,0,pc=10 LOAD UOP,,,,,,,,,0x18580010,0x0010,MEMORY READ,,,,,,,1,48,48,0,0,0,0,,,,,,,,,,,,,,,,,
layer_3,11,GEMM,COMPUTE,0,0,1,0,1,1,0,0,pc=11 GEMM,,,,,,,,,,,,,,,,,,,,,,,,,0,16,64,56,0,1,1,3,1,1,0,,,,,,
layer_3,12,LOAD UOP,COMPUTE,1,0,0,0,0,1,0,0,pc=12 LOAD UOP,,,,,,,,,0x18580040,0x0040,MEMORY READ,,,,,,,1,48,48,0,0,0,0,,,,,,,,,,,,,,,,,
layer_3,13,GEMM,COMPUTE,0,0,1,0,0,2,0,0,pc=13 GEMM,,,,,,,,,,,,,,,,,,,,,,,,,0,64,112,56,0,1,1,3,1,1,0,,,,,,
layer_3,14,LOAD INP,LOAD,0,1,0,0,0,1,0,0,pc=14 LOAD INP,,,,,,,,,0x06050c40,0x0000,MEMORY READ,,,,,,,9,56,56,1,0,1,1,,,,,,,,,,,,,,,,,
layer_3,15,LOAD WGT,LOAD,0,0,0,1,1,1,0,0,pc=15 LOAD WGT,,,,,,,,,0x005fcf09,0x0000,MEMORY READ,,,,,,,2,9,36,0,0,0,0,,,,,,,,,,,,,,,,,
layer_3,16,LOAD INP,LOAD,0,1,0,0,1,0,0,0,pc=16 LOAD INP,,,,,,,,,0x06050c40,0x0244,MEMORY READ,,,,,,,9,56,56,1,0,1,1,,,,,,,,,,,,,,,,,
layer_3,17,LOAD WGT,LOAD,0,0,0,1,2,0,0,0,pc=17 LOAD WGT,,,,,,,,,0x005fcf51,0x0012,MEMORY READ,,,,,,,2,9,36,0,0,0,0,,,,,,,,,,,,,,,,,
layer_3,18,GEMM,COMPUTE,1,0,1,0,1,1,0,0,pc=18 GEMM,,,,,,,,,,,,,,,,,,,,,,,,,0,16,64,56,0,1,1,3,1,1,0,,,,,,
layer_3,19,GEMM,COMPUTE,1,0,1,0,0,2,0,0,pc=19 GEMM,,,,,,,,,,,,,,,,,,,,,,,,,0,64,112,56,0,1,1,3,1,1,0,,,,,,
layer_3,20,LOAD INP,LOAD,0,1,0,0,0,1,0,0,pc=20 LOAD INP,,,,,,,,,0x06051880,0x0000,MEMORY READ,,,,,,,9,56,56,1,0,1,1,,,,,,,,,,,,,,,,,
layer_3,21,LOAD WGT,LOAD,0,0,0,1,1,1,0,0,pc=21 LOAD WGT,,,,,,,,,0x005fcf12,0x0000,MEMORY READ,,,,,,,2,9,36,0,0,0,0,,,,,,,,,,,,,,,,,
layer_3,22,LOAD INP,LOAD,0,1,0,0,1,0,0,0,pc=22 LOAD INP,,,,,,,,,0x06051880,0x0244,MEMORY READ,,,,,,,9,56,56,1,0,1,1,,,,,,,,,,,,,,,,,
layer_3,23,LOAD WGT,LOAD,0,0,0,1,2,0,0,0,pc=23 LOAD WGT,,,,,,,,,0x005fcf5a,0x0012,MEMORY READ,,,,,,,2,9,36,0,0,0,0,,,,,,,,,,,,,,,,,
layer_3,24,GEMM,COMPUTE,1,0,1,0,1,1,0,0,pc=24 GEMM,,,,,,,,,,,,,,,,,,,,,,,,,0,16,64,56,0,1,1,3,1,1,0,,,,,,
layer_3,25,GEMM,COMPUTE,1,0,1,0,0,2,0,0,pc=25 GEMM,,,,,,,,,,,,,,,,,,,,,,,,,0,64,112,56,0,1,1,3,1,1,0,,,,,,
layer_3,26,LOAD INP,LOAD,0,1,0,0,0,1,0,0,pc=26 LOAD INP,,,,,,,,,0x060524c0,0x0000,MEMORY READ,,,,,,,9,56,56,1,0,1,1,,,,,,,,,,,,,,,,,
layer_3,27,LOAD WGT,LOAD,0,0,0,1,1,1,0,0,pc=27 LOAD WGT,,,,,,,,,0x005fcf1b,0x0000,MEMORY READ,,,,,,,2,9,36,0,0,0,0,,,,,,,,,,,,,,,,,
layer_3,28,LOAD INP,LOAD,0,1,0,0,1,0,0,0,pc=28 LOAD INP,,,,,,,,,0x060524c0,0x0244,MEMORY READ,,,,,,,9,56,56,1,0,1,1,,,,,,,,,,,,,,,,,
layer_3,29,LOAD WGT,LOAD,0,0,0,1,2,0,0,0,pc=29 LOAD WGT,,,,,,,,,0x005fcf63,0x0012,MEMORY READ,,,,,,,2,9,36,0,0,0,0,,,,,,,,,,,,,,,,,
layer_3,30,GEMM,COMPUTE,1,0,1,0,1,1,0,0,pc=30 GEMM,,,,,,,,,,,,,,,,,,,,,,,,,0,16,64,56,0,1,1,3,1,1,0,,,,,,
layer_3,31,GEMM,COMPUTE,1,0,1,0,0,2,0,0,pc=31 GEMM,,,,,,,,,,,,,,,,,,,,,,,,,0,64,112,56,0,1,1,3,1,1,0,,,,,,
layer_3,32,NOP-MEMORY-STAGE,LOAD,0,1,0,0,0,1,0,0,pc=32 NOP-MEMORY-STAGE,,,,,,,,,,,,,,,,,,,,,,,,,,,,,,,,,,,,,,,,,
layer_3,33,LOAD ACC,COMPUTE,0,0,0,0,0,1,0,0,pc=33 LOAD ACC,,,,,,,,,0x005e0b40,0x0380,MEMORY READ,,,,,,,1,2,2,0,0,0,0,,,,,,,,,,,,,,,,,
layer_3,34,LOAD UOP,COMPUTE,0,0,0,0,0,1,0,0,pc=34 LOAD UOP,,,,,,,,,0x18580070,0x0070,MEMORY READ,,,,,,,1,1,1,0,0,0,0,,,,,,,,,,,,,,,,,
layer_3,35,ALU - add,COMPUTE,0,0,0,0,0,1,0,0,pc=35 ALU - add,,,,,,,,,,,,,,,,,,,,,,,,,0,112,113,,,,,,,,,2,448,1,448,1,0
layer_3,36,LOAD UOP,COMPUTE,0,0,0,0,0,1,0,0,pc=36 LOAD UOP,,,,,,,,,0x18580071,0x0071,MEMORY READ,,,,,,,1,1,1,0,0,0,0,,,,,,,,,,,,,,,,,
layer_3,37,ALU - add imm,COMPUTE,0,0,0,0,0,1,0,0,pc=37 ALU - add imm,,,,,,,,,,,,,,,,,,,,,,,,,0,113,114,,,,,,,,,1,0,0,896,1,1
layer_3,38,LOAD UOP,COMPUTE,0,0,0,0,0,1,0,0,pc=38 LOAD UOP,,,,,,,,,0x18580072,0x0072,MEMORY READ,,,,,,,1,1,1,0,0,0,0,,,,,,,,,,,,,,,,,
layer_3,39,ALU - shr,COMPUTE,0,0,0,0,0,1,0,0,pc=39 ALU - shr,,,,,,,,,,,,,,,,,,,,,,,,,0,114,115,,,,,,,,,1,0,0,896,1,1
layer_3,40,LOAD UOP,COMPUTE,0,0,0,0,0,1,0,0,pc=40 LOAD UOP,,,,,,,,,0x18580073,0x0073,MEMORY READ,,,,,,,1,1,1,0,0,0,0,,,,,,,,,,,,,,,,,
layer_3,41,ALU - min imm,COMPUTE,0,0,0,0,0,1,0,0,pc=41 ALU - min imm,,,,,,,,,,,,,,,,,,,,,,,,,0,115,116,,,,,,,,,1,0,0,896,1,1
layer_3,42,LOAD UOP,COMPUTE,0,0,0,0,0,1,0,0,pc=42 LOAD UOP,,,,,,,,,0x18580074,0x0074,MEMORY READ,,,,,,,1,1,1,0,0,0,0,,,,,,,,,,,,,,,,,
layer_3,43,ALU - max imm,COMPUTE,0,0,0,1,0,1,0,1,pc=43 ALU - max imm,,,,,,,,,,,,,,,,,,,,,,,,,0,116,117,,,,,,,,,1,0,0,896,1,1
layer_3,44,LOAD ACC,COMPUTE,0,0,0,0,0,1,0,1,pc=44 LOAD ACC,,,,,,,,,0x005e0b42,0x0702,MEMORY READ,,,,,,,1,2,2,0,0,0,0,,,,,,,,,,,,,,,,,
layer_3,45,LOAD UOP,COMPUTE,0,0,0,0,0,1,0,1,pc=45 LOAD UOP,,,,,,,,,0x18580075,0x0075,MEMORY READ,,,,,,,1,1,1,0,0,0,0,,,,,,,,,,,,,,,,,
layer_3,46,ALU - add,COMPUTE,0,0,0,0,0,1,0,1,pc=46 ALU - add,,,,,,,,,,,,,,,,,,,,,,,,,0,117,118,,,,,,,,,2,448,1,448,1,0
layer_3,47,LOAD UOP,COMPUTE,0,0,0,0,0,1,0,1,pc=47 LOAD UOP,,,,,,,,,0x18580076,0x0076,MEMORY READ,,,,,,,1,1,1,0,0,0,0,,,,,,,,,,,,,,,,,
layer_3,48,ALU - add imm,COMPUTE,0,0,0,0,0,1,0,1,pc=48 ALU - add imm,,,,,,,,,,,,,,,,,,,,,,,,,0,118,119,,,,,,,,,1,0,0,896,1,1
layer_3,49,LOAD UOP,COMPUTE,0,0,0,0,0,1,0,1,pc=49 LOAD UOP,,,,,,,,,0x18580077,0x0077,MEMORY READ,,,,,,,1,1,1,0,0,0,0,,,,,,,,,,,,,,,,,
layer_3,50,ALU - shr,COMPUTE,0,0,0,0,0,1,0,1,pc=50 ALU - shr,,,,,,,,,,,,,,,,,,,,,,,,,0,119,120,,,,,,,,,1,0,0,896,1,1
layer_3,51,LOAD UOP,COMPUTE,0,0,0,0,0,1,0,1,pc=51 LOAD UOP,,,,,,,,,0x18580078,0x0078,MEMORY READ,,,,,,,1,1,1,0,0,0,0,,,,,,,,,,,,,,,,,
layer_3,52,ALU - min imm,COMPUTE,0,0,0,0,0,1,0,1,pc=52 ALU - min imm,,,,,,,,,,,,,,,,,,,,,,,,,0,120,121,,,,,,,,,1,0,0,896,1,1
layer_3,53,LOAD UOP,COMPUTE,0,0,0,0,0,1,0,1,pc=53 LOAD UOP,,,,,,,,,0x18580079,0x0079,MEMORY READ,,,,,,,1,1,1,0,0,0,0,,,,,,,,,,,,,,,,,
layer_3,54,ALU - max imm,COMPUTE,0,0,0,1,0,1,0,2,pc=54 ALU - max imm,,,,,,,,,,,,,,,,,,,,,,,,,0,121,122,,,,,,,,,1,0,0,896,1,1
layer_3,55,STORE,STORE,1,0,1,0,0,1,1,1,pc=55 STORE,,,,,,,,,0x06000000,0x0000,MEMORY WRITE,,,,,,,2,448,3136,0,0,0,0,,,,,,,,,,,,,,,,,
layer_3,56,STORE,STORE,1,0,1,0,0,1,2,0,pc=56 STORE,,,,,,,,,0x06001880,0x0382,MEMORY WRITE,,,,,,,2,448,3136,0,0,0,0,,,,,,,,,,,,,,,,,
layer_3,57,GEMM,COMPUTE,0,1,1,0,0,2,1,0,pc=57 GEMM,,,,,,,,,,,,,,,,,,,,,,,,,1,0,8,56,0,0,1,2,0,0,448,,,,,,
layer_3,58,GEMM,COMPUTE,0,1,1,0,0,3,0,0,pc=58 GEMM,,,,,,,,,,,,,,,,,,,,,,,,,1,8,16,56,0,0,1,2,0,0,448,,,,,,
layer_3,59,NOP-MEMORY-STAGE,LOAD,0,1,0,0,0,2,0,0,pc=59 NOP-MEMORY-STAGE,,,,,,,,,,,,,,,,,,,,,,,,,,,,,,,,,,,,,,,,,
layer_3,60,LOAD INP,LOAD,0,1,0,0,0,1,0,0,pc=60 LOAD INP,,,,,,,,,0x06050188,0x0000,MEMORY READ,,,,,,,10,56,56,0,0,1,1,,,,,,,,,,,,,,,,,
layer_3,61,LOAD WGT,LOAD,0,0,0,1,1,1,0,0,pc=61 LOAD WGT,,,,,,,,,0x005fcf00,0x0000,MEMORY READ,,,,,,,2,9,36,0,0,0,0,,,,,,,,,,,,,,,,,
layer_3,62,LOAD INP,LOAD,0,1,0,0,1,0,0,0,pc=62 LOAD INP,,,,,,,,,0x06050188,0x0244,MEMORY READ,,,,,,,10,56,56,0,0,1,1,,,,,,,,,,,,,,,,,
layer_3,63,LOAD WGT,LOAD,0,0,0,1,2,0,0,0,pc=63 LOAD WGT,,,,,,,,,0x005fcf48,0x0012,MEMORY READ,,,,,,,2,9,36,0,0,0,0,,,,,,,,,,,,,,,,,
layer_3,64,GEMM,COMPUTE,1,0,1,0,1,1,0,0,pc=64 GEMM,,,,,,,,,,,,,,,,,,,,,,,,,0,16,64,56,0,1,1,3,1,1,0,,,,,,
layer_3,65,GEMM,COMPUTE,1,0,1,0,0,2,0,0,pc=65 GEMM,,,,,,,,,,,,,,,,,,,,,,,,,0,64,112,56,0,1,1,3,1,1,0,,,,,,
layer_3,66,LOAD INP,LOAD,0,1,0,0,0,1,0,0,pc=66 LOAD INP,,,,,,,,,0x06050dc8,0x0000,MEMORY READ,,,,,,,10,56,56,0,0,1,1,,,,,,,,,,,,,,,,,
layer_3,67,LOAD WGT,LOAD,0,0,0,1,1,1,0,0,pc=67 LOAD WGT,,,,,,,,,0x005fcf09,0x0000,MEMORY READ,,,,,,,2,9,36,0,0,0,0,,,,,,,,,,,,,,,,,
layer_3,68,LOAD INP,LOAD,0,1,0,0,1,0,0,0,pc=68 LOAD INP,,,,,,,,,0x06050dc8,0x0244,MEMORY READ,,,,,,,10,56,56,0,0,1,1,,,,,,,,,,,,,,,,,
layer_3,69,LOAD WGT,LOAD,0,0,0,1,2,0,0,0,pc=69 LOAD WGT,,,,,,,,,0x005fcf51,0x0012,MEMORY READ,,,,,,,2,9,36,0,0,0,0,,,,,,,,,,,,,,,,,
layer_3,70,GEMM,COMPUTE,1,0,1,0,1,1,0,0,pc=70 GEMM,,,,,,,,,,,,,,,,,,,,,,,,,0,16,64,56,0,1,1,3,1,1,0,,,,,,
layer_3,71,GEMM,COMPUTE,1,0,1,0,0,2,0,0,pc=71 GEMM,,,,,,,,,,,,,,,,,,,,,,,,,0,64,112,56,0,1,1,3,1,1,0,,,,,,
layer_3,72,LOAD INP,LOAD,0,1,0,0,0,1,0,0,pc=72 LOAD INP,,,,,,,,,0x06051a08,0x0000,MEMORY READ,,,,,,,10,56,56,0,0,1,1,,,,,,,,,,,,,,,,,
layer_3,73,LOAD WGT,LOAD,0,0,0,1,1,1,0,0,pc=73 LOAD WGT,,,,,,,,,0x005fcf12,0x0000,MEMORY READ,,,,,,,2,9,36,0,0,0,0,,,,,,,,,,,,,,,,,
layer_3,74,LOAD INP,LOAD,0,1,0,0,1,0,0,0,pc=74 LOAD INP,,,,,,,,,0x06051a08,0x0244,MEMORY READ,,,,,,,10,56,56,0,0,1,1,,,,,,,,,,,,,,,,,
layer_3,75,LOAD WGT,LOAD,0,0,0,1,2,0,0,0,pc=75 LOAD WGT,,,,,,,,,0x005fcf5a,0x0012,MEMORY READ,,,,,,,2,9,36,0,0,0,0,,,,,,,,,,,,,,,,,
layer_3,76,GEMM,COMPUTE,1,0,1,0,1,1,0,0,pc=76 GEMM,,,,,,,,,,,,,,,,,,,,,,,,,0,16,64,56,0,1,1,3,1,1,0,,,,,,
layer_3,77,GEMM,COMPUTE,1,0,1,0,0,2,0,0,pc=77 GEMM,,,,,,,,,,,,,,,,,,,,,,,,,0,64,112,56,0,1,1,3,1,1,0,,,,,,
layer_3,78,LOAD INP,LOAD,0,1,0,0,0,1,0,0,pc=78 LOAD INP,,,,,,,,,0x06052648,0x0000,MEMORY READ,,,,,,,10,56,56,0,0,1,1,,,,,,,,,,,,,,,,,
layer_3,79,LOAD WGT,LOAD,0,0,0,1,1,1,0,0,pc=79 LOAD WGT,,,,,,,,,0x005fcf1b,0x0000,MEMORY READ,,,,,,,2,9,36,0,0,0,0,,,,,,,,,,,,,,,,,
layer_3,80,LOAD INP,LOAD,0,1,0,0,1,0,0,0,pc=80 LOAD INP,,,,,,,,,0x06052648,0x0244,MEMORY READ,,,,,,,10,56,56,0,0,1,1,,,,,,,,,,,,,,,,,
layer_3,81,LOAD WGT,LOAD,0,0,0,1,2,0,0,0,pc=81 LOAD WGT,,,,,,,,,0x005fcf63,0x0012,MEMORY READ,,,,,,,2,9,36,0,0,0,0,,,,,,,,,,,,,,,,,
layer_3,82,GEMM,COMPUTE,1,0,1,0,1,1,0,0,pc=82 GEMM,,,,,,,,,,,,,,,,,,,,,,,,,0,16,64,56,0,1,1,3,1,1,0,,,,,,
layer_3,83,GEMM,COMPUTE,1,0,1,0,0,2,0,0,pc=83 GEMM,,,,,,,,,,,,,,,,,,,,,,,,,0,64,112,56,0,1,1,3,1,1,0,,,,,,
layer_3,84,NOP-MEMORY-STAGE,LOAD,0,1,0,0,0,1,0,0,pc=84 NOP-MEMORY-STAGE,,,,,,,,,,,,,,,,,,,,,,,,,,,,,,,,,,,,,,,,,
layer_3,85,LOAD ACC,COMPUTE,0,0,0,0,0,1,0,0,pc=85 LOAD ACC,,,,,,,,,0x005e0b40,0x0380,MEMORY READ,,,,,,,1,2,2,0,0,0,0,,,,,,,,,,,,,,,,,
layer_3,86,ALU - add,COMPUTE,0,0,0,0,0,1,0,0,pc=86 ALU - add,,,,,,,,,,,,,,,,,,,,,,,,,0,112,113,,,,,,,,,2,448,1,448,1,0
layer_3,87,ALU - add imm,COMPUTE,0,0,0,0,0,1,0,0,pc=87 ALU - add imm,,,,,,,,,,,,,,,,,,,,,,,,,0,113,114,,,,,,,,,1,0,0,896,1,1
layer_3,88,ALU - shr,COMPUTE,0,0,0,0,0,1,0,0,pc=88 ALU - shr,,,,,,,,,,,,,,,,,,,,,,,,,0,114,115,,,,,,,,,1,0,0,896,1,1
layer_3,89,ALU - min imm,COMPUTE,0,0,0,0,0,1,0,0,pc=89 ALU - min imm,,,,,,,,,,,,,,,,,,,,,,,,,0,115,116,,,,,,,,,1,0,0,896,1,1
layer_3,90,ALU - max imm,COMPUTE,0,0,0,1,0,1,0,1,pc=90 ALU - max imm,,,,,,,,,,,,,,,,,,,,,,,,,0,116,117,,,,,,,,,1,0,0,896,1,1
layer_3,91,LOAD ACC,COMPUTE,0,0,0,0,0,1,0,1,pc=91 LOAD ACC,,,,,,,,,0x005e0b42,0x0702,MEMORY READ,,,,,,,1,2,2,0,0,0,0,,,,,,,,,,,,,,,,,
layer_3,92,ALU - add,COMPUTE,0,0,0,0,0,1,0,1,pc=92 ALU - add,,,,,,,,,,,,,,,,,,,,,,,,,0,117,118,,,,,,,,,2,448,1,448,1,0
layer_3,93,ALU - add imm,COMPUTE,0,0,0,0,0,1,0,1,pc=93 ALU - add imm,,,,,,,,,,,,,,,,,,,,,,,,,0,118,119,,,,,,,,,1,0,0,896,1,1
layer_3,94,ALU - shr,COMPUTE,0,0,0,0,0,1,0,1,pc=94 ALU - shr,,,,,,,,,,,,,,,,,,,,,,,,,0,119,120,,,,,,,,,1,0,0,896,1,1
layer_3,95,ALU - min imm,COMPUTE,0,0,0,0,0,1,0,1,pc=95 ALU - min imm,,,,,,,,,,,,,,,,,,,,,,,,,0,120,121,,,,,,,,,1,0,0,896,1,1
layer_3,96,ALU - max imm,COMPUTE,0,0,0,1,0,1,0,2,pc=96 ALU - max imm,,,,,,,,,,,,,,,,,,,,,,,,,0,121,122,,,,,,,,,1,0,0,896,1,1
layer_3,97,STORE,STORE,1,0,1,0,0,1,1,1,pc=97 STORE,,,,,,,,,0x060001c0,0x0000,MEMORY WRITE,,,,,,,2,448,3136,0,0,0,0,,,,,,,,,,,,,,,,,
layer_3,98,STORE,STORE,1,0,1,0,0,1,2,0,pc=98 STORE,,,,,,,,,0x06001a40,0x0382,MEMORY WRITE,,,,,,,2,448,3136,0,0,0,0,,,,,,,,,,,,,,,,,
layer_3,99,GEMM,COMPUTE,0,1,1,0,0,2,1,0,pc=99 GEMM,,,,,,,,,,,,,,,,,,,,,,,,,1,0,8,56,0,0,1,2,0,0,448,,,,,,
layer_3,100,GEMM,COMPUTE,0,1,1,0,0,3,0,0,pc=100 GEMM,,,,,,,,,,,,,,,,,,,,,,,,,1,8,16,56,0,0,1,2,0,0,448,,,,,,
layer_3,101,NOP-MEMORY-STAGE,LOAD,0,1,0,0,0,2,0,0,pc=101 NOP-MEMORY-STAGE,,,,,,,,,,,,,,,,,,,,,,,,,,,,,,,,,,,,,,,,,
layer_3,102,LOAD INP,LOAD,0,1,0,0,0,1,0,0,pc=102 LOAD INP,,,,,,,,,0x06050348,0x0000,MEMORY READ,,,,,,,10,56,56,0,0,1,1,,,,,,,,,,,,,,,,,
layer_3,103,LOAD WGT,LOAD,0,0,0,1,1,1,0,0,pc=103 LOAD WGT,,,,,,,,,0x005fcf00,0x0000,MEMORY READ,,,,,,,2,9,36,0,0,0,0,,,,,,,,,,,,,,,,,
layer_3,104,LOAD INP,LOAD,0,1,0,0,1,0,0,0,pc=104 LOAD INP,,,,,,,,,0x06050348,0x0244,MEMORY READ,,,,,,,10,56,56,0,0,1,1,,,,,,,,,,,,,,,,,
layer_3,105,LOAD WGT,LOAD,0,0,0,1,2,0,0,0,pc=105 LOAD WGT,,,,,,,,,0x005fcf48,0x0012,MEMORY READ,,,,,,,2,9,36,0,0,0,0,,,,,,,,,,,,,,,,,
layer_3,106,GEMM,COMPUTE,1,0,1,0,1,1,0,0,pc=106 GEMM,,,,,,,,,,,,,,,,,,,,,,,,,0,16,64,56,0,1,1,3,1,1,0,,,,,,
layer_3,107,GEMM,COMPUTE,1,0,1,0,0,2,0,0,pc=107 GEMM,,,,,,,,,,,,,,,,,,,,,,,,,0,64,112,56,0,1,1,3,1,1,0,,,,,,
layer_3,108,LOAD INP,LOAD,0,1,0,0,0,1,0,0,pc=108 LOAD INP,,,,,,,,,0x06050f88,0x0000,MEMORY READ,,,,,,,10,56,56,0,0,1,1,,,,,,,,,,,,,,,,,
layer_3,109,LOAD WGT,LOAD,0,0,0,1,1,1,0,0,pc=109 LOAD WGT,,,,,,,,,0x005fcf09,0x0000,MEMORY READ,,,,,,,2,9,36,0,0,0,0,,,,,,,,,,,,,,,,,
layer_3,110,LOAD INP,LOAD,0,1,0,0,1,0,0,0,pc=110 LOAD INP,,,,,,,,,0x06050f88,0x0244,MEMORY READ,,,,,,,10,56,56,0,0,1,1,,,,,,,,,,,,,,,,,
layer_3,111,LOAD WGT,LOAD,0,0,0,1,2,0,0,0,pc=111 LOAD WGT,,,,,,,,,0x005fcf51,0x0012,MEMORY READ,,,,,,,2,9,36,0,0,0,0,,,,,,,,,,,,,,,,,
layer_3,112,GEMM,COMPUTE,1,0,1,0,1,1,0,0,pc=112 GEMM,,,,,,,,,,,,,,,,,,,,,,,,,0,16,64,56,0,1,1,3,1,1,0,,,,,,
layer_3,113,GEMM,COMPUTE,1,0,1,0,0,2,0,0,pc=113 GEMM,,,,,,,,,,,,,,,,,,,,,,,,,0,64,112,56,0,1,1,3,1,1,0,,,,,,
layer_3,114,LOAD INP,LOAD,0,1,0,0,0,1,0,0,pc=114 LOAD INP,,,,,,,,,0x06051bc8,0x0000,MEMORY READ,,,,,,,10,56,56,0,0,1,1,,,,,,,,,,,,,,,,,
layer_3,115,LOAD WGT,LOAD,0,0,0,1,1,1,0,0,pc=115 LOAD WGT,,,,,,,,,0x005fcf12,0x0000,MEMORY READ,,,,,,,2,9,36,0,0,0,0,,,,,,,,,,,,,,,,,
layer_3,116,LOAD INP,LOAD,0,1,0,0,1,0,0,0,pc=116 LOAD INP,,,,,,,,,0x06051bc8,0x0244,MEMORY READ,,,,,,,10,56,56,0,0,1,1,,,,,,,,,,,,,,,,,
layer_3,117,LOAD WGT,LOAD,0,0,0,1,2,0,0,0,pc=117 LOAD WGT,,,,,,,,,0x005fcf5a,0x0012,MEMORY READ,,,,,,,2,9,36,0,0,0,0,,,,,,,,,,,,,,,,,
layer_3,118,GEMM,COMPUTE,1,0,1,0,1,1,0,0,pc=118 GEMM,,,,,,,,,,,,,,,,,,,,,,,,,0,16,64,56,0,1,1,3,1,1,0,,,,,,
layer_3,119,GEMM,COMPUTE,1,0,1,0,0,2,0,0,pc=119 GEMM,,,,,,,,,,,,,,,,,,,,,,,,,0,64,112,56,0,1,1,3,1,1,0,,,,,,
layer_3,120,LOAD INP,LOAD,0,1,0,0,0,1,0,0,pc=120 LOAD INP,,,,,,,,,0x06052808,0x0000,MEMORY READ,,,,,,,10,56,56,0,0,1,1,,,,,,,,,,,,,,,,,
layer_3,121,LOAD WGT,LOAD,0,0,0,1,1,1,0,0,pc=121 LOAD WGT,,,,,,,,,0x005fcf1b,0x0000,MEMORY READ,,,,,,,2,9,36,0,0,0,0,,,,,,,,,,,,,,,,,
layer_3,122,LOAD INP,LOAD,0,1,0,0,1,0,0,0,pc=122 LOAD INP,,,,,,,,,0x06052808,0x0244,MEMORY READ,,,,,,,10,56,56,0,0,1,1,,,,,,,,,,,,,,,,,
layer_3,123,LOAD WGT,LOAD,0,0,0,1,2,0,0,0,pc=123 LOAD WGT,,,,,,,,,0x005fcf63,0x0012,MEMORY READ,,,,,,,2,9,36,0,0,0,0,,,,,,,,,,,,,,,,,
layer_3,124,GEMM,COMPUTE,1,0,1,0,1,1,0,0,pc=124 GEMM,,,,,,,,,,,,,,,,,,,,,,,,,0,16,64,56,0,1,1,3,1,1,0,,,,,,
layer_3,125,GEMM,COMPUTE,1,0,1,0,0,2,0,0,pc=125 GEMM,,,,,,,,,,,,,,,,,,,,,,,,,0,64,112,56,0,1,1,3,1,1,0,,,,,,
layer_3,126,NOP-MEMORY-STAGE,LOAD,0,1,0,0,0,1,0,0,pc=126 NOP-MEMORY-STAGE,,,,,,,,,,,,,,,,,,,,,,,,,,,,,,,,,,,,,,,,,
layer_3,127,LOAD ACC,COMPUTE,0,0,0,0,0,1,0,0,pc=127 LOAD ACC,,,,,,,,,0x005e0b40,0x0380,MEMORY READ,,,,,,,1,2,2,0,0,0,0,,,,,,,,,,,,,,,,,
layer_3,128,ALU - add,COMPUTE,0,0,0,0,0,1,0,0,pc=128 ALU - add,,,,,,,,,,,,,,,,,,,,,,,,,0,112,113,,,,,,,,,2,448,1,448,1,0
layer_3,129,ALU - add imm,COMPUTE,0,0,0,0,0,1,0,0,pc=129 ALU - add imm,,,,,,,,,,,,,,,,,,,,,,,,,0,113,114,,,,,,,,,1,0,0,896,1,1
layer_3,130,ALU - shr,COMPUTE,0,0,0,0,0,1,0,0,pc=130 ALU - shr,,,,,,,,,,,,,,,,,,,,,,,,,0,114,115,,,,,,,,,1,0,0,896,1,1
layer_3,131,ALU - min imm,COMPUTE,0,0,0,0,0,1,0,0,pc=131 ALU - min imm,,,,,,,,,,,,,,,,,,,,,,,,,0,115,116,,,,,,,,,1,0,0,896,1,1
layer_3,132,ALU - max imm,COMPUTE,0,0,0,1,0,1,0,1,pc=132 ALU - max imm,,,,,,,,,,,,,,,,,,,,,,,,,0,116,117,,,,,,,,,1,0,0,896,1,1
layer_3,133,LOAD ACC,COMPUTE,0,0,0,0,0,1,0,1,pc=133 LOAD ACC,,,,,,,,,0x005e0b42,0x0702,MEMORY READ,,,,,,,1,2,2,0,0,0,0,,,,,,,,,,,,,,,,,
layer_3,134,ALU - add,COMPUTE,0,0,0,0,0,1,0,1,pc=134 ALU - add,,,,,,,,,,,,,,,,,,,,,,,,,0,117,118,,,,,,,,,2,448,1,448,1,0
layer_3,135,ALU - add imm,COMPUTE,0,0,0,0,0,1,0,1,pc=135 ALU - add imm,,,,,,,,,,,,,,,,,,,,,,,,,0,118,119,,,,,,,,,1,0,0,896,1,1
layer_3,136,ALU - shr,COMPUTE,0,0,0,0,0,1,0,1,pc=136 ALU - shr,,,,,,,,,,,,,,,,,,,,,,,,,0,119,120,,,,,,,,,1,0,0,896,1,1
layer_3,137,ALU - min imm,COMPUTE,0,0,0,0,0,1,0,1,pc=137 ALU - min imm,,,,,,,,,,,,,,,,,,,,,,,,,0,120,121,,,,,,,,,1,0,0,896,1,1
layer_3,138,ALU - max imm,COMPUTE,0,0,0,1,0,1,0,2,pc=138 ALU - max imm,,,,,,,,,,,,,,,,,,,,,,,,,0,121,122,,,,,,,,,1,0,0,896,1,1
layer_3,139,STORE,STORE,1,0,1,0,0,1,1,1,pc=139 STORE,,,,,,,,,0x06000380,0x0000,MEMORY WRITE,,,,,,,2,448,3136,0,0,0,0,,,,,,,,,,,,,,,,,
layer_3,140,STORE,STORE,1,0,1,0,0,1,2,0,pc=140 STORE,,,,,,,,,0x06001c00,0x0382,MEMORY WRITE,,,,,,,2,448,3136,0,0,0,0,,,,,,,,,,,,,,,,,
layer_3,141,GEMM,COMPUTE,0,1,1,0,0,2,1,0,pc=141 GEMM,,,,,,,,,,,,,,,,,,,,,,,,,1,0,8,56,0,0,1,2,0,0,448,,,,,,
layer_3,142,GEMM,COMPUTE,0,1,1,0,0,3,0,0,pc=142 GEMM,,,,,,,,,,,,,,,,,,,,,,,,,1,8,16,56,0,0,1,2,0,0,448,,,,,,
layer_3,143,NOP-MEMORY-STAGE,LOAD,0,1,0,0,0,2,0,0,pc=143 NOP-MEMORY-STAGE,,,,,,,,,,,,,,,,,,,,,,,,,,,,,,,,,,,,,,,,,
layer_3,144,LOAD INP,LOAD,0,1,0,0,0,1,0,0,pc=144 LOAD INP,,,,,,,,,0x06050508,0x0000,MEMORY READ,,,,,,,10,56,56,0,0,1,1,,,,,,,,,,,,,,,,,
layer_3,145,LOAD WGT,LOAD,0,0,0,1,1,1,0,0,pc=145 LOAD WGT,,,,,,,,,0x005fcf00,0x0000,MEMORY READ,,,,,,,2,9,36,0,0,0,0,,,,,,,,,,,,,,,,,
layer_3,146,LOAD INP,LOAD,0,1,0,0,1,0,0,0,pc=146 LOAD INP,,,,,,,,,0x06050508,0x0244,MEMORY READ,,,,,,,10,56,56,0,0,1,1,,,,,,,,,,,,,,,,,
layer_3,147,LOAD WGT,LOAD,0,0,0,1,2,0,0,0,pc=147 LOAD WGT,,,,,,,,,0x005fcf48,0x0012,MEMORY READ,,,,,,,2,9,36,0,0,0,0,,,,,,,,,,,,,,,,,
layer_3,148,GEMM,COMPUTE,1,0,1,0,1,1,0,0,pc=148 GEMM,,,,,,,,,,,,,,,,,,,,,,,,,0,16,64,56,0,1,1,3,1,1,0,,,,,,
layer_3,149,GEMM,COMPUTE,1,0,1,0,0,2,0,0,pc=149 GEMM,,,,,,,,,,,,,,,,,,,,,,,,,0,64,112,56,0,1,1,3,1,1,0,,,,,,
layer_3,150,LOAD INP,LOAD,0,1,0,0,0,1,0,0,pc=150 LOAD INP,,,,,,,,,0x06051148,0x0000,MEMORY READ,,,,,,,10,56,56,0,0,1,1,,,,,,,,,,,,,,,,,
layer_3,151,LOAD WGT,LOAD,0,0,0,1,1,1,0,0,pc=151 LOAD WGT,,,,,,,,,0x005fcf09,0x0000,MEMORY READ,,,,,,,2,9,36,0,0,0,0,,,,,,,,,,,,,,,,,
layer_3,152,LOAD INP,LOAD,0,1,0,0,1,0,0,0,pc=152 LOAD INP,,,,,,,,,0x06051148,0x0244,MEMORY READ,,,,,,,10,56,56,0,0,1,1,,,,,,,,,,,,,,,,,
layer_3,153,LOAD WGT,LOAD,0,0,0,1,2,0,0,0,pc=153 LOAD WGT,,,,,,,,,0x005fcf51,0x0012,MEMORY READ,,,,,,,2,9,36,0,0,0,0,,,,,,,,,,,,,,,,,
layer_3,154,GEMM,COMPUTE,1,0,1,0,1,1,0,0,pc=154 GEMM,,,,,,,,,,,,,,,,,,,,,,,,,0,16,64,56,0,1,1,3,1,1,0,,,,,,
layer_3,155,GEMM,COMPUTE,1,0,1,0,0,2,0,0,pc=155 GEMM,,,,,,,,,,,,,,,,,,,,,,,,,0,64,112,56,0,1,1,3,1,1,0,,,,,,
layer_3,156,LOAD INP,LOAD,0,1,0,0,0,1,0,0,pc=156 LOAD INP,,,,,,,,,0x06051d88,0x0000,MEMORY READ,,,,,,,10,56,56,0,0,1,1,,,,,,,,,,,,,,,,,
layer_3,157,LOAD WGT,LOAD,0,0,0,1,1,1,0,0,pc=157 LOAD WGT,,,,,,,,,0x005fcf12,0x0000,MEMORY READ,,,,,,,2,9,36,0,0,0,0,,,,,,,,,,,,,,,,,
layer_3,158,LOAD INP,LOAD,0,1,0,0,1,0,0,0,pc=158 LOAD INP,,,,,,,,,0x06051d88,0x0244,MEMORY READ,,,,,,,10,56,56,0,0,1,1,,,,,,,,,,,,,,,,,
layer_3,159,LOAD WGT,LOAD,0,0,0,1,2,0,0,0,pc=159 LOAD WGT,,,,,,,,,0x005fcf5a,0x0012,MEMORY READ,,,,,,,2,9,36,0,0,0,0,,,,,,,,,,,,,,,,,
layer_3,160,GEMM,COMPUTE,1,0,1,0,1,1,0,0,pc=160 GEMM,,,,,,,,,,,,,,,,,,,,,,,,,0,16,64,56,0,1,1,3,1,1,0,,,,,,
layer_3,161,GEMM,COMPUTE,1,0,1,0,0,2,0,0,pc=161 GEMM,,,,,,,,,,,,,,,,,,,,,,,,,0,64,112,56,0,1,1,3,1,1,0,,,,,,
layer_3,162,LOAD INP,LOAD,0,1,0,0,0,1,0,0,pc=162 LOAD INP,,,,,,,,,0x060529c8,0x0000,MEMORY READ,,,,,,,10,56,56,0,0,1,1,,,,,,,,,,,,,,,,,
layer_3,163,LOAD WGT,LOAD,0,0,0,1,1,1,0,0,pc=163 LOAD WGT,,,,,,,,,0x005fcf1b,0x0000,MEMORY READ,,,,,,,2,9,36,0,0,0,0,,,,,,,,,,,,,,,,,
layer_3,164,LOAD INP,LOAD,0,1,0,0,1,0,0,0,pc=164 LOAD INP,,,,,,,,,0x060529c8,0x0244,MEMORY READ,,,,,,,10,56,56,0,0,1,1,,,,,,,,,,,,,,,,,
layer_3,165,LOAD WGT,LOAD,0,0,0,1,2,0,0,0,pc=165 LOAD WGT,,,,,,,,,0x005fcf63,0x0012,MEMORY READ,,,,,,,2,9,36,0,0,0,0,,,,,,,,,,,,,,,,,
layer_3,166,GEMM,COMPUTE,1,0,1,0,1,1,0,0,pc=166 GEMM,,,,,,,,,,,,,,,,,,,,,,,,,0,16,64,56,0,1,1,3,1,1,0,,,,,,
layer_3,167,GEMM,COMPUTE,1,0,1,0,0,2,0,0,pc=167 GEMM,,,,,,,,,,,,,,,,,,,,,,,,,0,64,112,56,0,1,1,3,1,1,0,,,,,,
layer_3,168,NOP-MEMORY-STAGE,LOAD,0,1,0,0,0,1,0,0,pc=168 NOP-MEMORY-STAGE,,,,,,,,,,,,,,,,,,,,,,,,,,,,,,,,,,,,,,,,,
layer_3,169,LOAD ACC,COMPUTE,0,0,0,0,0,1,0,0,pc=169 LOAD ACC,,,,,,,,,0x005e0b40,0x0380,MEMORY READ,,,,,,,1,2,2,0,0,0,0,,,,,,,,,,,,,,,,,
layer_3,170,ALU - add,COMPUTE,0,0,0,0,0,1,0,0,pc=170 ALU - add,,,,,,,,,,,,,,,,,,,,,,,,,0,112,113,,,,,,,,,2,448,1,448,1,0
layer_3,171,ALU - add imm,COMPUTE,0,0,0,0,0,1,0,0,pc=171 ALU - add imm,,,,,,,,,,,,,,,,,,,,,,,,,0,113,114,,,,,,,,,1,0,0,896,1,1
layer_3,172,ALU - shr,COMPUTE,0,0,0,0,0,1,0,0,pc=172 ALU - shr,,,,,,,,,,,,,,,,,,,,,,,,,0,114,115,,,,,,,,,1,0,0,896,1,1
layer_3,173,ALU - min imm,COMPUTE,0,0,0,0,0,1,0,0,pc=173 ALU - min imm,,,,,,,,,,,,,,,,,,,,,,,,,0,115,116,,,,,,,,,1,0,0,896,1,1
layer_3,174,ALU - max imm,COMPUTE,0,0,0,1,0,1,0,1,pc=174 ALU - max imm,,,,,,,,,,,,,,,,,,,,,,,,,0,116,117,,,,,,,,,1,0,0,896,1,1
layer_3,175,LOAD ACC,COMPUTE,0,0,0,0,0,1,0,1,pc=175 LOAD ACC,,,,,,,,,0x005e0b42,0x0702,MEMORY READ,,,,,,,1,2,2,0,0,0,0,,,,,,,,,,,,,,,,,
layer_3,176,ALU - add,COMPUTE,0,0,0,0,0,1,0,1,pc=176 ALU - add,,,,,,,,,,,,,,,,,,,,,,,,,0,117,118,,,,,,,,,2,448,1,448,1,0
layer_3,177,ALU - add imm,COMPUTE,0,0,0,0,0,1,0,1,pc=177 ALU - add imm,,,,,,,,,,,,,,,,,,,,,,,,,0,118,119,,,,,,,,,1,0,0,896,1,1
layer_3,178,ALU - shr,COMPUTE,0,0,0,0,0,1,0,1,pc=178 ALU - shr,,,,,,,,,,,,,,,,,,,,,,,,,0,119,120,,,,,,,,,1,0,0,896,1,1
layer_3,179,ALU - min imm,COMPUTE,0,0,0,0,0,1,0,1,pc=179 ALU - min imm,,,,,,,,,,,,,,,,,,,,,,,,,0,120,121,,,,,,,,,1,0,0,896,1,1
layer_3,180,ALU - max imm,COMPUTE,0,0,0,1,0,1,0,2,pc=180 ALU - max imm,,,,,,,,,,,,,,,,,,,,,,,,,0,121,122,,,,,,,,,1,0,0,896,1,1
layer_3,181,STORE,STORE,1,0,1,0,0,1,1,1,pc=181 STORE,,,,,,,,,0x06000540,0x0000,MEMORY WRITE,,,,,,,2,448,3136,0,0,0,0,,,,,,,,,,,,,,,,,
layer_3,182,STORE,STORE,1,0,1,0,0,1,2,0,pc=182 STORE,,,,,,,,,0x06001dc0,0x0382,MEMORY WRITE,,,,,,,2,448,3136,0,0,0,0,,,,,,,,,,,,,,,,,
layer_3,183,GEMM,COMPUTE,0,1,1,0,0,2,1,0,pc=183 GEMM,,,,,,,,,,,,,,,,,,,,,,,,,1,0,8,56,0,0,1,2,0,0,448,,,,,,
layer_3,184,GEMM,COMPUTE,0,1,1,0,0,3,0,0,pc=184 GEMM,,,,,,,,,,,,,,,,,,,,,,,,,1,8,16,56,0,0,1,2,0,0,448,,,,,,
layer_3,185,NOP-MEMORY-STAGE,LOAD,0,1,0,0,0,2,0,0,pc=185 NOP-MEMORY-STAGE,,,,,,,,,,,,,,,,,,,,,,,,,,,,,,,,,,,,,,,,,
layer_3,186,LOAD INP,LOAD,0,1,0,0,0,1,0,0,pc=186 LOAD INP,,,,,,,,,0x060506c8,0x0000,MEMORY READ,,,,,,,10,56,56,0,0,1,1,,,,,,,,,,,,,,,,,
layer_3,187,LOAD WGT,LOAD,0,0,0,1,1,1,0,0,pc=187 LOAD WGT,,,,,,,,,0x005fcf00,0x0000,MEMORY READ,,,,,,,2,9,36,0,0,0,0,,,,,,,,,,,,,,,,,
layer_3,188,LOAD INP,LOAD,0,1,0,0,1,0,0,0,pc=188 LOAD INP,,,,,,,,,0x060506c8,0x0244,MEMORY READ,,,,,,,10,56,56,0,0,1,1,,,,,,,,,,,,,,,,,
layer_3,189,LOAD WGT,LOAD,0,0,0,1,2,0,0,0,pc=189 LOAD WGT,,,,,,,,,0x005fcf48,0x0012,MEMORY READ,,,,,,,2,9,36,0,0,0,0,,,,,,,,,,,,,,,,,
layer_3,190,GEMM,COMPUTE,1,0,1,0,1,1,0,0,pc=190 GEMM,,,,,,,,,,,,,,,,,,,,,,,,,0,16,64,56,0,1,1,3,1,1,0,,,,,,
layer_3,191,GEMM,COMPUTE,1,0,1,0,0,2,0,0,pc=191 GEMM,,,,,,,,,,,,,,,,,,,,,,,,,0,64,112,56,0,1,1,3,1,1,0,,,,,,
layer_3,192,LOAD INP,LOAD,0,1,0,0,0,1,0,0,pc=192 LOAD INP,,,,,,,,,0x06051308,0x0000,MEMORY READ,,,,,,,10,56,56,0,0,1,1,,,,,,,,,,,,,,,,,
layer_3,193,LOAD WGT,LOAD,0,0,0,1,1,1,0,0,pc=193 LOAD WGT,,,,,,,,,0x005fcf09,0x0000,MEMORY READ,,,,,,,2,9,36,0,0,0,0,,,,,,,,,,,,,,,,,
layer_3,194,LOAD INP,LOAD,0,1,0,0,1,0,0,0,pc=194 LOAD INP,,,,,,,,,0x06051308,0x0244,MEMORY READ,,,,,,,10,56,56,0,0,1,1,,,,,,,,,,,,,,,,,
layer_3,195,LOAD WGT,LOAD,0,0,0,1,2,0,0,0,pc=195 LOAD WGT,,,,,,,,,0x005fcf51,0x0012,MEMORY READ,,,,,,,2,9,36,0,0,0,0,,,,,,,,,,,,,,,,,
layer_3,196,GEMM,COMPUTE,1,0,1,0,1,1,0,0,pc=196 GEMM,,,,,,,,,,,,,,,,,,,,,,,,,0,16,64,56,0,1,1,3,1,1,0,,,,,,
layer_3,197,GEMM,COMPUTE,1,0,1,0,0,2,0,0,pc=197 GEMM,,,,,,,,,,,,,,,,,,,,,,,,,0,64,112,56,0,1,1,3,1,1,0,,,,,,
layer_3,198,LOAD INP,LOAD,0,1,0,0,0,1,0,0,pc=198 LOAD INP,,,,,,,,,0x06051f48,0x0000,MEMORY READ,,,,,,,10,56,56,0,0,1,1,,,,,,,,,,,,,,,,,
layer_3,199,LOAD WGT,LOAD,0,0,0,1,1,1,0,0,pc=199 LOAD WGT,,,,,,,,,0x005fcf12,0x0000,MEMORY READ,,,,,,,2,9,36,0,0,0,0,,,,,,,,,,,,,,,,,
layer_3,200,LOAD INP,LOAD,0,1,0,0,1,0,0,0,pc=200 LOAD INP,,,,,,,,,0x06051f48,0x0244,MEMORY READ,,,,,,,10,56,56,0,0,1,1,,,,,,,,,,,,,,,,,
layer_3,201,LOAD WGT,LOAD,0,0,0,1,2,0,0,0,pc=201 LOAD WGT,,,,,,,,,0x005fcf5a,0x0012,MEMORY READ,,,,,,,2,9,36,0,0,0,0,,,,,,,,,,,,,,,,,
layer_3,202,GEMM,COMPUTE,1,0,1,0,1,1,0,0,pc=202 GEMM,,,,,,,,,,,,,,,,,,,,,,,,,0,16,64,56,0,1,1,3,1,1,0,,,,,,
layer_3,203,GEMM,COMPUTE,1,0,1,0,0,2,0,0,pc=203 GEMM,,,,,,,,,,,,,,,,,,,,,,,,,0,64,112,56,0,1,1,3,1,1,0,,,,,,
layer_3,204,LOAD INP,LOAD,0,1,0,0,0,1,0,0,pc=204 LOAD INP,,,,,,,,,0x06052b88,0x0000,MEMORY READ,,,,,,,10,56,56,0,0,1,1,,,,,,,,,,,,,,,,,
layer_3,205,LOAD WGT,LOAD,0,0,0,1,1,1,0,0,pc=205 LOAD WGT,,,,,,,,,0x005fcf1b,0x0000,MEMORY READ,,,,,,,2,9,36,0,0,0,0,,,,,,,,,,,,,,,,,
layer_3,206,LOAD INP,LOAD,0,1,0,0,1,0,0,0,pc=206 LOAD INP,,,,,,,,,0x06052b88,0x0244,MEMORY READ,,,,,,,10,56,56,0,0,1,1,,,,,,,,,,,,,,,,,
layer_3,207,LOAD WGT,LOAD,0,0,0,1,2,0,0,0,pc=207 LOAD WGT,,,,,,,,,0x005fcf63,0x0012,MEMORY READ,,,,,,,2,9,36,0,0,0,0,,,,,,,,,,,,,,,,,
layer_3,208,GEMM,COMPUTE,1,0,1,0,1,1,0,0,pc=208 GEMM,,,,,,,,,,,,,,,,,,,,,,,,,0,16,64,56,0,1,1,3,1,1,0,,,,,,
layer_3,209,GEMM,COMPUTE,1,0,1,0,0,2,0,0,pc=209 GEMM,,,,,,,,,,,,,,,,,,,,,,,,,0,64,112,56,0,1,1,3,1,1,0,,,,,,
layer_3,210,NOP-MEMORY-STAGE,LOAD,0,1,0,0,0,1,0,0,pc=210 NOP-MEMORY-STAGE,,,,,,,,,,,,,,,,,,,,,,,,,,,,,,,,,,,,,,,,,
layer_3,211,LOAD ACC,COMPUTE,0,0,0,0,0,1,0,0,pc=211 LOAD ACC,,,,,,,,,0x005e0b40,0x0380,MEMORY READ,,,,,,,1,2,2,0,0,0,0,,,,,,,,,,,,,,,,,
layer_3,212,ALU - add,COMPUTE,0,0,0,0,0,1,0,0,pc=212 ALU - add,,,,,,,,,,,,,,,,,,,,,,,,,0,112,113,,,,,,,,,2,448,1,448,1,0
layer_3,213,ALU - add imm,COMPUTE,0,0,0,0,0,1,0,0,pc=213 ALU - add imm,,,,,,,,,,,,,,,,,,,,,,,,,0,113,114,,,,,,,,,1,0,0,896,1,1
layer_3,214,ALU - shr,COMPUTE,0,0,0,0,0,1,0,0,pc=214 ALU - shr,,,,,,,,,,,,,,,,,,,,,,,,,0,114,115,,,,,,,,,1,0,0,896,1,1
layer_3,215,ALU - min imm,COMPUTE,0,0,0,0,0,1,0,0,pc=215 ALU - min imm,,,,,,,,,,,,,,,,,,,,,,,,,0,115,116,,,,,,,,,1,0,0,896,1,1
layer_3,216,ALU - max imm,COMPUTE,0,0,0,1,0,1,0,1,pc=216 ALU - max imm,,,,,,,,,,,,,,,,,,,,,,,,,0,116,117,,,,,,,,,1,0,0,896,1,1
layer_3,217,LOAD ACC,COMPUTE,0,0,0,0,0,1,0,1,pc=217 LOAD ACC,,,,,,,,,0x005e0b42,0x0702,MEMORY READ,,,,,,,1,2,2,0,0,0,0,,,,,,,,,,,,,,,,,
layer_3,218,ALU - add,COMPUTE,0,0,0,0,0,1,0,1,pc=218 ALU - add,,,,,,,,,,,,,,,,,,,,,,,,,0,117,118,,,,,,,,,2,448,1,448,1,0
layer_3,219,ALU - add imm,COMPUTE,0,0,0,0,0,1,0,1,pc=219 ALU - add imm,,,,,,,,,,,,,,,,,,,,,,,,,0,118,119,,,,,,,,,1,0,0,896,1,1
layer_3,220,ALU - shr,COMPUTE,0,0,0,0,0,1,0,1,pc=220 ALU - shr,,,,,,,,,,,,,,,,,,,,,,,,,0,119,120,,,,,,,,,1,0,0,896,1,1
layer_3,221,ALU - min imm,COMPUTE,0,0,0,0,0,1,0,1,pc=221 ALU - min imm,,,,,,,,,,,,,,,,,,,,,,,,,0,120,121,,,,,,,,,1,0,0,896,1,1
layer_3,222,ALU - max imm,COMPUTE,0,0,0,1,0,1,0,2,pc=222 ALU - max imm,,,,,,,,,,,,,,,,,,,,,,,,,0,121,122,,,,,,,,,1,0,0,896,1,1
layer_3,223,STORE,STORE,1,0,1,0,0,1,1,1,pc=223 STORE,,,,,,,,,0x06000700,0x0000,MEMORY WRITE,,,,,,,2,448,3136,0,0,0,0,,,,,,,,,,,,,,,,,
layer_3,224,STORE,STORE,1,0,1,0,0,1,2,0,pc=224 STORE,,,,,,,,,0x06001f80,0x0382,MEMORY WRITE,,,,,,,2,448,3136,0,0,0,0,,,,,,,,,,,,,,,,,
layer_3,225,GEMM,COMPUTE,0,1,1,0,0,2,1,0,pc=225 GEMM,,,,,,,,,,,,,,,,,,,,,,,,,1,0,8,56,0,0,1,2,0,0,448,,,,,,
layer_3,226,GEMM,COMPUTE,0,1,1,0,0,3,0,0,pc=226 GEMM,,,,,,,,,,,,,,,,,,,,,,,,,1,8,16,56,0,0,1,2,0,0,448,,,,,,
layer_3,227,NOP-MEMORY-STAGE,LOAD,0,1,0,0,0,2,0,0,pc=227 NOP-MEMORY-STAGE,,,,,,,,,,,,,,,,,,,,,,,,,,,,,,,,,,,,,,,,,
layer_3,228,LOAD INP,LOAD,0,1,0,0,0,1,0,0,pc=228 LOAD INP,,,,,,,,,0x06050888,0x0000,MEMORY READ,,,,,,,10,56,56,0,0,1,1,,,,,,,,,,,,,,,,,
layer_3,229,LOAD WGT,LOAD,0,0,0,1,1,1,0,0,pc=229 LOAD WGT,,,,,,,,,0x005fcf00,0x0000,MEMORY READ,,,,,,,2,9,36,0,0,0,0,,,,,,,,,,,,,,,,,
layer_3,230,LOAD INP,LOAD,0,1,0,0,1,0,0,0,pc=230 LOAD INP,,,,,,,,,0x06050888,0x0244,MEMORY READ,,,,,,,10,56,56,0,0,1,1,,,,,,,,,,,,,,,,,
layer_3,231,LOAD WGT,LOAD,0,0,0,1,2,0,0,0,pc=231 LOAD WGT,,,,,,,,,0x005fcf48,0x0012,MEMORY READ,,,,,,,2,9,36,0,0,0,0,,,,,,,,,,,,,,,,,
layer_3,232,GEMM,COMPUTE,1,0,1,0,1,1,0,0,pc=232 GEMM,,,,,,,,,,,,,,,,,,,,,,,,,0,16,64,56,0,1,1,3,1,1,0,,,,,,
layer_3,233,GEMM,COMPUTE,1,0,1,0,0,2,0,0,pc=233 GEMM,,,,,,,,,,,,,,,,,,,,,,,,,0,64,112,56,0,1,1,3,1,1,0,,,,,,
layer_3,234,LOAD INP,LOAD,0,1,0,0,0,1,0,0,pc=234 LOAD INP,,,,,,,,,0x060514c8,0x0000,MEMORY READ,,,,,,,10,56,56,0,0,1,1,,,,,,,,,,,,,,,,,
layer_3,235,LOAD WGT,LOAD,0,0,0,1,1,1,0,0,pc=235 LOAD WGT,,,,,,,,,0x005fcf09,0x0000,MEMORY READ,,,,,,,2,9,36,0,0,0,0,,,,,,,,,,,,,,,,,
layer_3,236,LOAD INP,LOAD,0,1,0,0,1,0,0,0,pc=236 LOAD INP,,,,,,,,,0x060514c8,0x0244,MEMORY READ,,,,,,,10,56,56,0,0,1,1,,,,,,,,,,,,,,,,,
layer_3,237,LOAD WGT,LOAD,0,0,0,1,2,0,0,0,pc=237 LOAD WGT,,,,,,,,,0x005fcf51,0x0012,MEMORY READ,,,,,,,2,9,36,0,0,0,0,,,,,,,,,,,,,,,,,
layer_3,238,GEMM,COMPUTE,1,0,1,0,1,1,0,0,pc=238 GEMM,,,,,,,,,,,,,,,,,,,,,,,,,0,16,64,56,0,1,1,3,1,1,0,,,,,,
layer_3,239,GEMM,COMPUTE,1,0,1,0,0,2,0,0,pc=239 GEMM,,,,,,,,,,,,,,,,,,,,,,,,,0,64,112,56,0,1,1,3,1,1,0,,,,,,
layer_3,240,LOAD INP,LOAD,0,1,0,0,0,1,0,0,pc=240 LOAD INP,,,,,,,,,0x06052108,0x0000,MEMORY READ,,,,,,,10,56,56,0,0,1,1,,,,,,,,,,,,,,,,,
layer_3,241,LOAD WGT,LOAD,0,0,0,1,1,1,0,0,pc=241 LOAD WGT,,,,,,,,,0x005fcf12,0x0000,MEMORY READ,,,,,,,2,9,36,0,0,0,0,,,,,,,,,,,,,,,,,
layer_3,242,LOAD INP,LOAD,0,1,0,0,1,0,0,0,pc=242 LOAD INP,,,,,,,,,0x06052108,0x0244,MEMORY READ,,,,,,,10,56,56,0,0,1,1,,,,,,,,,,,,,,,,,
layer_3,243,LOAD WGT,LOAD,0,0,0,1,2,0,0,0,pc=243 LOAD WGT,,,,,,,,,0x005fcf5a,0x0012,MEMORY READ,,,,,,,2,9,36,0,0,0,0,,,,,,,,,,,,,,,,,
layer_3,244,GEMM,COMPUTE,1,0,1,0,1,1,0,0,pc=244 GEMM,,,,,,,,,,,,,,,,,,,,,,,,,0,16,64,56,0,1,1,3,1,1,0,,,,,,
layer_3,245,GEMM,COMPUTE,1,0,1,0,0,2,0,0,pc=245 GEMM,,,,,,,,,,,,,,,,,,,,,,,,,0,64,112,56,0,1,1,3,1,1,0,,,,,,
layer_3,246,LOAD INP,LOAD,0,1,0,0,0,1,0,0,pc=246 LOAD INP,,,,,,,,,0x06052d48,0x0000,MEMORY READ,,,,,,,10,56,56,0,0,1,1,,,,,,,,,,,,,,,,,
layer_3,247,LOAD WGT,LOAD,0,0,0,1,1,1,0,0,pc=247 LOAD WGT,,,,,,,,,0x005fcf1b,0x0000,MEMORY READ,,,,,,,2,9,36,0,0,0,0,,,,,,,,,,,,,,,,,
layer_3,248,LOAD INP,LOAD,0,1,0,0,1,0,0,0,pc=248 LOAD INP,,,,,,,,,0x06052d48,0x0244,MEMORY READ,,,,,,,10,56,56,0,0,1,1,,,,,,,,,,,,,,,,,
layer_3,249,LOAD WGT,LOAD,0,0,0,1,2,0,0,0,pc=249 LOAD WGT,,,,,,,,,0x005fcf63,0x0012,MEMORY READ,,,,,,,2,9,36,0,0,0,0,,,,,,,,,,,,,,,,,
layer_3,250,GEMM,COMPUTE,1,0,1,0,1,1,0,0,pc=250 GEMM,,,,,,,,,,,,,,,,,,,,,,,,,0,16,64,56,0,1,1,3,1,1,0,,,,,,
layer_3,251,GEMM,COMPUTE,1,0,1,0,0,2,0,0,pc=251 GEMM,,,,,,,,,,,,,,,,,,,,,,,,,0,64,112,56,0,1,1,3,1,1,0,,,,,,
layer_3,252,NOP-MEMORY-STAGE,LOAD,0,1,0,0,0,1,0,0,pc=252 NOP-MEMORY-STAGE,,,,,,,,,,,,,,,,,,,,,,,,,,,,,,,,,,,,,,,,,
layer_3,253,LOAD ACC,COMPUTE,0,0,0,0,0,1,0,0,pc=253 LOAD ACC,,,,,,,,,0x005e0b40,0x0380,MEMORY READ,,,,,,,1,2,2,0,0,0,0,,,,,,,,,,,,,,,,,
layer_3,254,ALU - add,COMPUTE,0,0,0,0,0,1,0,0,pc=254 ALU - add,,,,,,,,,,,,,,,,,,,,,,,,,0,112,113,,,,,,,,,2,448,1,448,1,0
layer_3,255,ALU - add imm,COMPUTE,0,0,0,0,0,1,0,0,pc=255 ALU - add imm,,,,,,,,,,,,,,,,,,,,,,,,,0,113,114,,,,,,,,,1,0,0,896,1,1
layer_3,256,ALU - shr,COMPUTE,0,0,0,0,0,1,0,0,pc=256 ALU - shr,,,,,,,,,,,,,,,,,,,,,,,,,0,114,115,,,,,,,,,1,0,0,896,1,1
layer_3,257,ALU - min imm,COMPUTE,0,0,0,0,0,1,0,0,pc=257 ALU - min imm,,,,,,,,,,,,,,,,,,,,,,,,,0,115,116,,,,,,,,,1,0,0,896,1,1
layer_3,258,ALU - max imm,COMPUTE,0,0,0,1,0,1,0,1,pc=258 ALU - max imm,,,,,,,,,,,,,,,,,,,,,,,,,0,116,117,,,,,,,,,1,0,0,896,1,1
layer_3,259,LOAD ACC,COMPUTE,0,0,0,0,0,1,0,1,pc=259 LOAD ACC,,,,,,,,,0x005e0b42,0x0702,MEMORY READ,,,,,,,1,2,2,0,0,0,0,,,,,,,,,,,,,,,,,
layer_3,260,ALU - add,COMPUTE,0,0,0,0,0,1,0,1,pc=260 ALU - add,,,,,,,,,,,,,,,,,,,,,,,,,0,117,118,,,,,,,,,2,448,1,448,1,0
layer_3,261,ALU - add imm,COMPUTE,0,0,0,0,0,1,0,1,pc=261 ALU - add imm,,,,,,,,,,,,,,,,,,,,,,,,,0,118,119,,,,,,,,,1,0,0,896,1,1
layer_3,262,ALU - shr,COMPUTE,0,0,0,0,0,1,0,1,pc=262 ALU - shr,,,,,,,,,,,,,,,,,,,,,,,,,0,119,120,,,,,,,,,1,0,0,896,1,1
layer_3,263,ALU - min imm,COMPUTE,0,0,0,0,0,1,0,1,pc=263 ALU - min imm,,,,,,,,,,,,,,,,,,,,,,,,,0,120,121,,,,,,,,,1,0,0,896,1,1
layer_3,264,ALU - max imm,COMPUTE,0,0,0,1,0,1,0,2,pc=264 ALU - max imm,,,,,,,,,,,,,,,,,,,,,,,,,0,121,122,,,,,,,,,1,0,0,896,1,1
layer_3,265,STORE,STORE,1,0,1,0,0,1,1,1,pc=265 STORE,,,,,,,,,0x060008c0,0x0000,MEMORY WRITE,,,,,,,2,448,3136,0,0,0,0,,,,,,,,,,,,,,,,,
layer_3,266,STORE,STORE,1,0,1,0,0,1,2,0,pc=266 STORE,,,,,,,,,0x06002140,0x0382,MEMORY WRITE,,,,,,,2,448,3136,0,0,0,0,,,,,,,,,,,,,,,,,
layer_3,267,GEMM,COMPUTE,0,1,1,0,0,2,1,0,pc=267 GEMM,,,,,,,,,,,,,,,,,,,,,,,,,1,0,8,56,0,0,1,2,0,0,448,,,,,,
layer_3,268,GEMM,COMPUTE,0,1,1,0,0,3,0,0,pc=268 GEMM,,,,,,,,,,,,,,,,,,,,,,,,,1,8,16,56,0,0,1,2,0,0,448,,,,,,
layer_3,269,NOP-MEMORY-STAGE,LOAD,0,1,0,0,0,2,0,0,pc=269 NOP-MEMORY-STAGE,,,,,,,,,,,,,,,,,,,,,,,,,,,,,,,,,,,,,,,,,
layer_3,270,LOAD INP,LOAD,0,1,0,0,0,1,0,0,pc=270 LOAD INP,,,,,,,,,0x06050a48,0x0000,MEMORY READ,,,,,,,9,56,56,0,1,1,1,,,,,,,,,,,,,,,,,
layer_3,271,LOAD WGT,LOAD,0,0,0,1,1,1,0,0,pc=271 LOAD WGT,,,,,,,,,0x005fcf00,0x0000,MEMORY READ,,,,,,,2,9,36,0,0,0,0,,,,,,,,,,,,,,,,,
layer_3,272,LOAD INP,LOAD,0,1,0,0,1,0,0,0,pc=272 LOAD INP,,,,,,,,,0x06050a48,0x0244,MEMORY READ,,,,,,,9,56,56,0,1,1,1,,,,,,,,,,,,,,,,,
layer_3,273,LOAD WGT,LOAD,0,0,0,1,2,0,0,0,pc=273 LOAD WGT,,,,,,,,,0x005fcf48,0x0012,MEMORY READ,,,,,,,2,9,36,0,0,0,0,,,,,,,,,,,,,,,,,
layer_3,274,GEMM,COMPUTE,1,0,1,0,1,1,0,0,pc=274 GEMM,,,,,,,,,,,,,,,,,,,,,,,,,0,16,64,56,0,1,1,3,1,1,0,,,,,,
layer_3,275,GEMM,COMPUTE,1,0,1,0,0,2,0,0,pc=275 GEMM,,,,,,,,,,,,,,,,,,,,,,,,,0,64,112,56,0,1,1,3,1,1,0,,,,,,
layer_3,276,LOAD INP,LOAD,0,1,0,0,0,1,0,0,pc=276 LOAD INP,,,,,,,,,0x06051688,0x0000,MEMORY READ,,,,,,,9,56,56,0,1,1,1,,,,,,,,,,,,,,,,,
layer_3,277,LOAD WGT,LOAD,0,0,0,1,1,1,0,0,pc=277 LOAD WGT,,,,,,,,,0x005fcf09,0x0000,MEMORY READ,,,,,,,2,9,36,0,0,0,0,,,,,,,,,,,,,,,,,
layer_3,278,LOAD INP,LOAD,0,1,0,0,1,0,0,0,pc=278 LOAD INP,,,,,,,,,0x06051688,0x0244,MEMORY READ,,,,,,,9,56,56,0,1,1,1,,,,,,,,,,,,,,,,,
layer_3,279,LOAD WGT,LOAD,0,0,0,1,2,0,0,0,pc=279 LOAD WGT,,,,,,,,,0x005fcf51,0x0012,MEMORY READ,,,,,,,2,9,36,0,0,0,0,,,,,,,,,,,,,,,,,
layer_3,280,GEMM,COMPUTE,1,0,1,0,1,1,0,0,pc=280 GEMM,,,,,,,,,,,,,,,,,,,,,,,,,0,16,64,56,0,1,1,3,1,1,0,,,,,,
layer_3,281,GEMM,COMPUTE,1,0,1,0,0,2,0,0,pc=281 GEMM,,,,,,,,,,,,,,,,,,,,,,,,,0,64,112,56,0,1,1,3,1,1,0,,,,,,
layer_3,282,LOAD INP,LOAD,0,1,0,0,0,1,0,0,pc=282 LOAD INP,,,,,,,,,0x060522c8,0x0000,MEMORY READ,,,,,,,9,56,56,0,1,1,1,,,,,,,,,,,,,,,,,
layer_3,283,LOAD WGT,LOAD,0,0,0,1,1,1,0,0,pc=283 LOAD WGT,,,,,,,,,0x005fcf12,0x0000,MEMORY READ,,,,,,,2,9,36,0,0,0,0,,,,,,,,,,,,,,,,,
layer_3,284,LOAD INP,LOAD,0,1,0,0,1,0,0,0,pc=284 LOAD INP,,,,,,,,,0x060522c8,0x0244,MEMORY READ,,,,,,,9,56,56,0,1,1,1,,,,,,,,,,,,,,,,,
layer_3,285,LOAD WGT,LOAD,0,0,0,1,2,0,0,0,pc=285 LOAD WGT,,,,,,,,,0x005fcf5a,0x0012,MEMORY READ,,,,,,,2,9,36,0,0,0,0,,,,,,,,,,,,,,,,,
layer_3,286,GEMM,COMPUTE,1,0,1,0,1,1,0,0,pc=286 GEMM,,,,,,,,,,,,,,,,,,,,,,,,,0,16,64,56,0,1,1,3,1,1,0,,,,,,
layer_3,287,GEMM,COMPUTE,1,0,1,0,0,2,0,0,pc=287 GEMM,,,,,,,,,,,,,,,,,,,,,,,,,0,64,112,56,0,1,1,3,1,1,0,,,,,,
layer_3,288,LOAD INP,LOAD,0,1,0,0,0,1,0,0,pc=288 LOAD INP,,,,,,,,,0x06052f08,0x0000,MEMORY READ,,,,,,,9,56,56,0,1,1,1,,,,,,,,,,,,,,,,,
layer_3,289,LOAD WGT,LOAD,0,0,0,1,1,1,0,0,pc=289 LOAD WGT,,,,,,,,,0x005fcf1b,0x0000,MEMORY READ,,,,,,,2,9,36,0,0,0,0,,,,,,,,,,,,,,,,,
layer_3,290,LOAD INP,LOAD,0,1,0,0,1,0,0,0,pc=290 LOAD INP,,,,,,,,,0x06052f08,0x0244,MEMORY READ,,,,,,,9,56,56,0,1,1,1,,,,,,,,,,,,,,,,,
layer_3,291,LOAD WGT,LOAD,0,0,0,1,2,0,0,0,pc=291 LOAD WGT,,,,,,,,,0x005fcf63,0x0012,MEMORY READ,,,,,,,2,9,36,0,0,0,0,,,,,,,,,,,,,,,,,
layer_3,292,GEMM,COMPUTE,1,0,1,0,1,1,0,0,pc=292 GEMM,,,,,,,,,,,,,,,,,,,,,,,,,0,16,64,56,0,1,1,3,1,1,0,,,,,,
layer_3,293,GEMM,COMPUTE,1,0,1,0,0,2,0,0,pc=293 GEMM,,,,,,,,,,,,,,,,,,,,,,,,,0,64,112,56,0,1,1,3,1,1,0,,,,,,
layer_3,294,NOP-MEMORY-STAGE,LOAD,0,1,0,0,0,1,0,0,pc=294 NOP-MEMORY-STAGE,,,,,,,,,,,,,,,,,,,,,,,,,,,,,,,,,,,,,,,,,
layer_3,295,LOAD ACC,COMPUTE,0,0,0,0,0,1,0,0,pc=295 LOAD ACC,,,,,,,,,0x005e0b40,0x0380,MEMORY READ,,,,,,,1,2,2,0,0,0,0,,,,,,,,,,,,,,,,,
layer_3,296,ALU - add,COMPUTE,0,0,0,0,0,1,0,0,pc=296 ALU - add,,,,,,,,,,,,,,,,,,,,,,,,,0,112,113,,,,,,,,,2,448,1,448,1,0
layer_3,297,ALU - add imm,COMPUTE,0,0,0,0,0,1,0,0,pc=297 ALU - add imm,,,,,,,,,,,,,,,,,,,,,,,,,0,113,114,,,,,,,,,1,0,0,896,1,1
layer_3,298,ALU - shr,COMPUTE,0,0,0,0,0,1,0,0,pc=298 ALU - shr,,,,,,,,,,,,,,,,,,,,,,,,,0,114,115,,,,,,,,,1,0,0,896,1,1
layer_3,299,ALU - min imm,COMPUTE,0,0,0,0,0,1,0,0,pc=299 ALU - min imm,,,,,,,,,,,,,,,,,,,,,,,,,0,115,116,,,,,,,,,1,0,0,896,1,1
layer_3,300,ALU - max imm,COMPUTE,0,0,0,1,0,1,0,1,pc=300 ALU - max imm,,,,,,,,,,,,,,,,,,,,,,,,,0,116,117,,,,,,,,,1,0,0,896,1,1
layer_3,301,LOAD ACC,COMPUTE,0,0,0,0,0,1,0,1,pc=301 LOAD ACC,,,,,,,,,0x005e0b42,0x0702,MEMORY READ,,,,,,,1,2,2,0,0,0,0,,,,,,,,,,,,,,,,,
layer_3,302,ALU - add,COMPUTE,0,0,0,0,0,1,0,1,pc=302 ALU - add,,,,,,,,,,,,,,,,,,,,,,,,,0,117,118,,,,,,,,,2,448,1,448,1,0
layer_3,303,ALU - add imm,COMPUTE,0,0,0,0,0,1,0,1,pc=303 ALU - add imm,,,,,,,,,,,,,,,,,,,,,,,,,0,118,119,,,,,,,,,1,0,0,896,1,1
layer_3,304,ALU - shr,COMPUTE,0,0,0,0,0,1,0,1,pc=304 ALU - shr,,,,,,,,,,,,,,,,,,,,,,,,,0,119,120,,,,,,,,,1,0,0,896,1,1
layer_3,305,ALU - min imm,COMPUTE,0,0,0,0,0,1,0,1,pc=305 ALU - min imm,,,,,,,,,,,,,,,,,,,,,,,,,0,120,121,,,,,,,,,1,0,0,896,1,1
layer_3,306,ALU - max imm,COMPUTE,0,0,0,1,0,1,0,2,pc=306 ALU - max imm,,,,,,,,,,,,,,,,,,,,,,,,,0,121,122,,,,,,,,,1,0,0,896,1,1
layer_3,307,STORE,STORE,1,0,1,0,0,1,1,1,pc=307 STORE,,,,,,,,,0x06000a80,0x0000,MEMORY WRITE,,,,,,,2,448,3136,0,0,0,0,,,,,,,,,,,,,,,,,
layer_3,308,STORE,STORE,1,0,1,0,0,1,2,0,pc=308 STORE,,,,,,,,,0x06002300,0x0382,MEMORY WRITE,,,,,,,2,448,3136,0,0,0,0,,,,,,,,,,,,,,,,,
layer_3,309,NOP-COMPUTE-STAGE,COMPUTE,0,1,0,0,0,1,1,0,pc=309 NOP-COMPUTE-STAGE,,,,,,,,,,,,,,,,,,,,,,,,,,,,,,,,,,,,,,,,,
layer_3,310,NOP-STORE-STAGE,STORE,0,0,1,0,0,1,2,0,pc=310 NOP-STORE-STAGE,,,,,,,,,,,,,,,,,,,,,,,,,,,,,,,,,,,,,,,,,
layer_3,311,NOP-MEMORY-STAGE,LOAD,0,1,0,0,0,0,2,0,pc=311 NOP-MEMORY-STAGE,,,,,,,,,,,,,,,,,,,,,,,,,,,,,,,,,,,,,,,,,
layer_3,312,NOP-MEMORY-STAGE,LOAD,0,0,0,1,1,0,2,0,pc=312 NOP-MEMORY-STAGE,,,,,,,,,,,,,,,,,,,,,,,,,,,,,,,,,,,,,,,,,
layer_3,313,NOP-COMPUTE-STAGE,COMPUTE,0,1,0,0,1,0,1,0,pc=313 NOP-COMPUTE-STAGE,,,,,,,,,,,,,,,,,,,,,,,,,,,,,,,,,,,,,,,,,
layer_3,314,NOP-COMPUTE-STAGE,COMPUTE,1,1,0,0,0,0,0,0,pc=314 NOP-COMPUTE-STAGE,,,,,,,,,,,,,,,,,,,,,,,,,,,,,,,,,,,,,,,,,
layer_3,315,FINISH,COMPUTE,,,,,0,0,0,0,pc=315 FINISH,,,,,,,,,,,,,,,,,,,,,,,,,,,,,,,,,,,,,,,,,
layer_4,0,NOP-STORE-STAGE,STORE,0,0,1,0,0,0,1,0,pc=0 NOP-STORE-STAGE,,,,,,,,,,,,,,,,,,,,,,,,,,,,,,,,,,,,,,,,,
layer_4,1,NOP-STORE-STAGE,STORE,0,0,1,0,0,0,2,0,pc=1 NOP-STORE-STAGE,,,,,,,,,,,,,,,,,,,,,,,,,,,,,,,,,,,,,,,,,
layer_4,2,LOAD UOP,COMPUTE,0,1,0,0,0,0,1,0,pc=2 LOAD UOP,,,,,,,,,0x18580000,0x0000,MEMORY READ,,,,,,,1,7,7,0,0,0,0,,,,,,,,,,,,,,,,,
layer_4,3,GEMM,COMPUTE,0,0,1,0,0,1,1,0,pc=3 GEMM,,,,,,,,,,,,,,,,,,,,,,,,,1,0,7,28,0,0,1,4,0,0,196,,,,,,
layer_4,4,LOAD UOP,COMPUTE,0,1,0,0,0,1,0,0,pc=4 LOAD UOP,,,,,,,,,0x18580007,0x0007,MEMORY READ,,,,,,,1,7,7,0,0,0,0,,,,,,,,,,,,,,,,,
layer_4,5,GEMM,COMPUTE,0,0,1,0,0,2,0,0,pc=5 GEMM,,,,,,,,,,,,,,,,,,,,,,,,,1,7,14,28,0,0,1,4,0,0,196,,,,,,
layer_4,6,LOAD INP,LOAD,0,1,0,0,0,1,0,0,pc=6 LOAD INP,,,,,,,,,0x06050000,0x0000,MEMORY READ,,,,,,,13,55,56,0,0,0,0,,,,,,,,,,,,,,,,,
layer_4,7,LOAD WGT,LOAD,0,0,0,1,1,1,0,0,pc=7 LOAD WGT,,,,,,,,,0x005fca60,0x0000,MEMORY READ,,,,,,,4,1,4,0,0,0,0,,,,,,,,,,,,,,,,,
layer_4,8,LOAD INP,LOAD,0,1,0,0,1,0,0,0,pc=8 LOAD INP,,,,,,,,,0x06050310,0x02cb,MEMORY READ,,,,,,,13,55,56,0,0,0,0,,,,,,,,,,,,,,,,,
layer_4,9,LOAD WGT,LOAD,0,0,0,1,2,0,0,0,pc=9 LOAD WGT,,,,,,,,,0x005fca60,0x0004,MEMORY READ,,,,,,,4,1,4,0,0,0,0,,,,,,,,,,,,,,,,,
layer_4,10,LOAD UOP,COMPUTE,1,0,0,0,1,0,0,0,pc=10 LOAD UOP,,,,,,,,,0x1858000e,0x000e,MEMORY READ,,,,,,,1,7,7,0,0,0,0,,,,,,,,,,,,,,,,,
layer_4,11,GEMM,COMPUTE,0,0,1,0,1,1,0,0,pc=11 GEMM,,,,,,,,,,,,,,,,,,,,,,,,,0,14,21,28,0,2,1,4,1,0,196,,,,,,
layer_4,12,LOAD UOP,COMPUTE,1,0,0,0,0,1,0,0,pc=12 LOAD UOP,,,,,,,,,0x18580015,0x0015,MEMORY READ,,,,,,,1,7,7,0,0,0,0,,,,,,,,,,,,,,,,,
layer_4,13,GEMM,COMPUTE,0,0,1,0,0,2,0,0,pc=13 GEMM,,,,,,,,,,,,,,,,,,,,,,,,,0,21,28,28,0,2,1,4,1,0,196,,,,,,
layer_4,14,LOAD INP,LOAD,0,1,0,0,0,1,0,0,pc=14 LOAD INP,,,,,,,,,0x06050c40,0x0000,MEMORY READ,,,,,,,13,55,56,0,0,0,0,,,,,,,,,,,,,,,,,
layer_4,15,LOAD WGT,LOAD,0,0,0,1,1,1,0,0,pc=15 LOAD WGT,,,,,,,,,0x005fca61,0x0000,MEMORY READ,,,,,,,4,1,4,0,0,0,0,,,,,,,,,,,,,,,,,
layer_4,16,LOAD INP,LOAD,0,1,0,0,1,0,0,0,pc=16 LOAD INP,,,,,,,,,0x06050f50,0x02cb,MEMORY READ,,,,,,,13,55,56,0,0,0,0,,,,,,,,,,,,,,,,,
layer_4,17,LOAD WGT,LOAD,0,0,0,1,2,0,0,0,pc=17 LOAD WGT,,,,,,,,,0x005fca61,0x0004,MEMORY READ,,,,,,,4,1,4,0,0,0,0,,,,,,,,,,,,,,,,,
layer_4,18,GEMM,COMPUTE,1,0,1,0,1,1,0,0,pc=18 GEMM,,,,,,,,,,,,,,,,,,,,,,,,,0,14,21,28,0,2,1,4,1,0,196,,,,,,
layer_4,19,GEMM,COMPUTE,1,0,1,0,0,2,0,0,pc=19 GEMM,,,,,,,,,,,,,,,,,,,,,,,,,0,21,28,28,0,2,1,4,1,0,196,,,,,,
layer_4,20,LOAD INP,LOAD,0,1,0,0,0,1,0,0,pc=20 LOAD INP,,,,,,,,,0x06051880,0x0000,MEMORY READ,,,,,,,13,55,56,0,0,0,0,,,,,,,,,,,,,,,,,
layer_4,21,LOAD WGT,LOAD,0,0,0,1,1,1,0,0,pc=21 LOAD WGT,,,,,,,,,0x005fca62,0x0000,MEMORY READ,,,,,,,4,1,4,0,0,0,0,,,,,,,,,,,,,,,,,
layer_4,22,LOAD INP,LOAD,0,1,0,0,1,0,0,0,pc=22 LOAD INP,,,,,,,,,0x06051b90,0x02cb,MEMORY READ,,,,,,,13,55,56,0,0,0,0,,,,,,,,,,,,,,,,,
layer_4,23,LOAD WGT,LOAD,0,0,0,1,2,0,0,0,pc=23 LOAD WGT,,,,,,,,,0x005fca62,0x0004,MEMORY READ,,,,,,,4,1,4,0,0,0,0,,,,,,,,,,,,,,,,,
layer_4,24,GEMM,COMPUTE,1,0,1,0,1,1,0,0,pc=24 GEMM,,,,,,,,,,,,,,,,,,,,,,,,,0,14,21,28,0,2,1,4,1,0,196,,,,,,
layer_4,25,GEMM,COMPUTE,1,0,1,0,0,2,0,0,pc=25 GEMM,,,,,,,,,,,,,,,,,,,,,,,,,0,21,28,28,0,2,1,4,1,0,196,,,,,,
layer_4,26,LOAD INP,LOAD,0,1,0,0,0,1,0,0,pc=26 LOAD INP,,,,,,,,,0x060524c0,0x0000,MEMORY READ,,,,,,,13,55,56,0,0,0,0,,,,,,,,,,,,,,,,,
layer_4,27,LOAD WGT,LOAD,0,0,0,1,1,1,0,0,pc=27 LOAD WGT,,,,,,,,,0x005fca63,0x0000,MEMORY READ,,,,,,,4,1,4,0,0,0,0,,,,,,,,,,,,,,,,,
layer_4,28,LOAD INP,LOAD,0,1,0,0,1,0,0,0,pc=28 LOAD INP,,,,,,,,,0x060527d0,0x02cb,MEMORY READ,,,,,,,13,55,56,0,0,0,0,,,,,,,,,,,,,,,,,
layer_4,29,LOAD WGT,LOAD,0,0,0,1,2,0,0,0,pc=29 LOAD WGT,,,,,,,,,0x005fca63,0x0004,MEMORY READ,,,,,,,4,1,4,0,0,0,0,,,,,,,,,,,,,,,,,
layer_4,30,GEMM,COMPUTE,1,0,1,0,1,1,0,0,pc=30 GEMM,,,,,,,,,,,,,,,,,,,,,,,,,0,14,21,28,0,2,1,4,1,0,196,,,,,,
layer_4,31,GEMM,COMPUTE,1,0,1,0,0,2,0,0,pc=31 GEMM,,,,,,,,,,,,,,,,,,,,,,,,,0,21,28,28,0,2,1,4,1,0,196,,,,,,
layer_4,32,NOP-MEMORY-STAGE,LOAD,0,1,0,0,0,1,0,0,pc=32 NOP-MEMORY-STAGE,,,,,,,,,,,,,,,,,,,,,,,,,,,,,,,,,,,,,,,,,
layer_4,33,LOAD ACC,COMPUTE,0,0,0,0,0,1,0,0,pc=33 LOAD ACC,,,,,,,,,0x005e0b80,0x0310,MEMORY READ,,,,,,,1,4,4,0,0,0,0,,,,,,,,,,,,,,,,,
layer_4,34,LOAD UOP,COMPUTE,0,0,0,0,0,1,0,0,pc=34 LOAD UOP,,,,,,,,,0x1858001c,0x001c,MEMORY READ,,,,,,,1,1,1,0,0,0,0,,,,,,,,,,,,,,,,,
layer_4,35,ALU - add,COMPUTE,0,0,0,0,0,1,0,0,pc=35 ALU - add,,,,,,,,,,,,,,,,,,,,,,,,,0,28,29,,,,,,,,,4,196,1,196,1,0
layer_4,36,LOAD UOP,COMPUTE,0,0,0,0,0,1,0,0,pc=36 LOAD UOP,,,,,,,,,0x1858001d,0x001d,MEMORY READ,,,,,,,1,1,1,0,0,0,0,,,,,,,,,,,,,,,,,
layer_4,37,ALU - add imm,COMPUTE,0,0,0,0,0,1,0,0,pc=37 ALU - add imm,,,,,,,,,,,,,,,,,,,,,,,,,0,29,30,,,,,,,,,1,0,0,784,1,1
layer_4,38,LOAD UOP,COMPUTE,0,0,0,0,0,1,0,0,pc=38 LOAD UOP,,,,,,,,,0x1858001e,0x001e,MEMORY READ,,,,,,,1,1,1,0,0,0,0,,,,,,,,,,,,,,,,,
layer_4,39,ALU - shr,COMPUTE,0,0,0,0,0,1,0,0,pc=39 ALU - shr,,,,,,,,,,,,,,,,,,,,,,,,,0,30,31,,,,,,,,,1,0,0,784,1,1
layer_4,40,LOAD UOP,COMPUTE,0,0,0,0,0,1,0,0,pc=40 LOAD UOP,,,,,,,,,0x1858001f,0x001f,MEMORY READ,,,,,,,1,1,1,0,0,0,0,,,,,,,,,,,,,,,,,
layer_4,41,ALU - min imm,COMPUTE,0,0,0,0,0,1,0,0,pc=41 ALU - min imm,,,,,,,,,,,,,,,,,,,,,,,,,0,31,32,,,,,,,,,1,0,0,784,1,1
layer_4,42,LOAD UOP,COMPUTE,0,0,0,0,0,1,0,0,pc=42 LOAD UOP,,,,,,,,,0x18580020,0x0020,MEMORY READ,,,,,,,1,1,1,0,0,0,0,,,,,,,,,,,,,,,,,
layer_4,43,ALU - max imm,COMPUTE,0,0,0,1,0,1,0,1,pc=43 ALU - max imm,,,,,,,,,,,,,,,,,,,,,,,,,0,32,33,,,,,,,,,1,0,0,784,1,1
layer_4,44,LOAD ACC,COMPUTE,0,0,0,0,0,1,0,1,pc=44 LOAD ACC,,,,,,,,,0x005e0b80,0x0624,MEMORY READ,,,,,,,1,4,4,0,0,0,0,,,,,,,,,,,,,,,,,
layer_4,45,LOAD UOP,COMPUTE,0,0,0,0,0,1,0,1,pc=45 LOAD UOP,,,,,,,,,0x18580021,0x0021,MEMORY READ,,,,,,,1,1,1,0,0,0,0,,,,,,,,,,,,,,,,,
layer_4,46,ALU - add,COMPUTE,0,0,0,0,0,1,0,1,pc=46 ALU - add,,,,,,,,,,,,,,,,,,,,,,,,,0,33,34,,,,,,,,,4,196,1,196,1,0
layer_4,47,LOAD UOP,COMPUTE,0,0,0,0,0,1,0,1,pc=47 LOAD UOP,,,,,,,,,0x18580022,0x0022,MEMORY READ,,,,,,,1,1,1,0,0,0,0,,,,,,,,,,,,,,,,,
layer_4,48,ALU - add imm,COMPUTE,0,0,0,0,0,1,0,1,pc=48 ALU - add imm,,,,,,,,,,,,,,,,,,,,,,,,,0,34,35,,,,,,,,,1,0,0,784,1,1
layer_4,49,LOAD UOP,COMPUTE,0,0,0,0,0,1,0,1,pc=49 LOAD UOP,,,,,,,,,0x18580023,0x0023,MEMORY READ,,,,,,,1,1,1,0,0,0,0,,,,,,,,,,,,,,,,,
layer_4,50,ALU - shr,COMPUTE,0,0,0,0,0,1,0,1,pc=50 ALU - shr,,,,,,,,,,,,,,,,,,,,,,,,,0,35,36,,,,,,,,,1,0,0,784,1,1
layer_4,51,LOAD UOP,COMPUTE,0,0,0,0,0,1,0,1,pc=51 LOAD UOP,,,,,,,,,0x18580024,0x0024,MEMORY READ,,,,,,,1,1,1,0,0,0,0,,,,,,,,,,,,,,,,,
layer_4,52,ALU - min imm,COMPUTE,0,0,0,0,0,1,0,1,pc=52 ALU - min imm,,,,,,,,,,,,,,,,,,,,,,,,,0,36,37,,,,,,,,,1,0,0,784,1,1
layer_4,53,LOAD UOP,COMPUTE,0,0,0,0,0,1,0,1,pc=53 LOAD UOP,,,,,,,,,0x18580025,0x0025,MEMORY READ,,,,,,,1,1,1,0,0,0,0,,,,,,,,,,,,,,,,,
layer_4,54,ALU - max imm,COMPUTE,0,0,0,1,0,1,0,2,pc=54 ALU - max imm,,,,,,,,,,,,,,,,,,,,,,,,,0,37,38,,,,,,,,,1,0,0,784,1,1
layer_4,55,STORE,STORE,1,0,1,0,0,1,1,1,pc=55 STORE,,,,,,,,,0x06040000,0x0000,MEMORY WRITE,,,,,,,4,196,784,0,0,0,0,,,,,,,,,,,,,,,,,
layer_4,56,STORE,STORE,1,0,1,0,0,1,2,0,pc=56 STORE,,,,,,,,,0x060400c4,0x0314,MEMORY WRITE,,,,,,,4,196,784,0,0,0,0,,,,,,,,,,,,,,,,,
layer_4,57,GEMM,COMPUTE,0,1,1,0,0,2,1,0,pc=57 GEMM,,,,,,,,,,,,,,,,,,,,,,,,,1,0,7,28,0,0,1,4,0,0,196,,,,,,
layer_4,58,GEMM,COMPUTE,0,1,1,0,0,3,0,0,pc=58 GEMM,,,,,,,,,,,,,,,,,,,,,,,,,1,7,14,28,0,0,1,4,0,0,196,,,,,,
layer_4,59,NOP-MEMORY-STAGE,LOAD,0,1,0,0,0,2,0,0,pc=59 NOP-MEMORY-STAGE,,,,,,,,,,,,,,,,,,,,,,,,,,,,,,,,,,,,,,,,,
layer_4,60,LOAD INP,LOAD,0,1,0,0,0,1,0,0,pc=60 LOAD INP,,,,,,,,,0x06050000,0x0000,MEMORY READ,,,,,,,13,55,56,0,0,0,0,,,,,,,,,,,,,,,,,
layer_4,61,LOAD WGT,LOAD,0,0,0,1,1,1,0,0,pc=61 LOAD WGT,,,,,,,,,0x005fca70,0x0000,MEMORY READ,,,,,,,4,1,4,0,0,0,0,,,,,,,,,,,,,,,,,
layer_4,62,LOAD INP,LOAD,0,1,0,0,1,0,0,0,pc=62 LOAD INP,,,,,,,,,0x06050310,0x02cb,MEMORY READ,,,,,,,13,55,56,0,0,0,0,,,,,,,,,,,,,,,,,
layer_4,63,LOAD WGT,LOAD,0,0,0,1,2,0,0,0,pc=63 LOAD WGT,,,,,,,,,0x005fca70,0x0004,MEMORY READ,,,,,,,4,1,4,0,0,0,0,,,,,,,,,,,,,,,,,
layer_4,64,GEMM,COMPUTE,1,0,1,0,1,1,0,0,pc=64 GEMM,,,,,,,,,,,,,,,,,,,,,,,,,0,14,21,28,0,2,1,4,1,0,196,,,,,,
layer_4,65,GEMM,COMPUTE,1,0,1,0,0,2,0,0,pc=65 GEMM,,,,,,,,,,,,,,,,,,,,,,,,,0,21,28,28,0,2,1,4,1,0,196,,,,,,
layer_4,66,LOAD INP,LOAD,0,1,0,0,0,1,0,0,pc=66 LOAD INP,,,,,,,,,0x06050c40,0x0000,MEMORY READ,,,,,,,13,55,56,0,0,0,0,,,,,,,,,,,,,,,,,
layer_4,67,LOAD WGT,LOAD,0,0,0,1,1,1,0,0,pc=67 LOAD WGT,,,,,,,,,0x005fca71,0x0000,MEMORY READ,,,,,,,4,1,4,0,0,0,0,,,,,,,,,,,,,,,,,
layer_4,68,LOAD INP,LOAD,0,1,0,0,1,0,0,0,pc=68 LOAD INP,,,,,,,,,0x06050f50,0x02cb,MEMORY READ,,,,,,,13,55,56,0,0,0,0,,,,,,,,,,,,,,,,,
layer_4,69,LOAD WGT,LOAD,0,0,0,1,2,0,0,0,pc=69 LOAD WGT,,,,,,,,,0x005fca71,0x0004,MEMORY READ,,,,,,,4,1,4,0,0,0,0,,,,,,,,,,,,,,,,,
layer_4,70,GEMM,COMPUTE,1,0,1,0,1,1,0,0,pc=70 GEMM,,,,,,,,,,,,,,,,,,,,,,,,,0,14,21,28,0,2,1,4,1,0,196,,,,,,
layer_4,71,GEMM,COMPUTE,1,0,1,0,0,2,0,0,pc=71 GEMM,,,,,,,,,,,,,,,,,,,,,,,,,0,21,28,28,0,2,1,4,1,0,196,,,,,,
layer_4,72,LOAD INP,LOAD,0,1,0,0,0,1,0,0,pc=72 LOAD INP,,,,,,,,,0x06051880,0x0000,MEMORY READ,,,,,,,13,55,56,0,0,0,0,,,,,,,,,,,,,,,,,
layer_4,73,LOAD WGT,LOAD,0,0,0,1,1,1,0,0,pc=73 LOAD WGT,,,,,,,,,0x005fca72,0x0000,MEMORY READ,,,,,,,4,1,4,0,0,0,0,,,,,,,,,,,,,,,,,
layer_4,74,LOAD INP,LOAD,0,1,0,0,1,0,0,0,pc=74 LOAD INP,,,,,,,,,0x06051b90,0x02cb,MEMORY READ,,,,,,,13,55,56,0,0,0,0,,,,,,,,,,,,,,,,,
layer_4,75,LOAD WGT,LOAD,0,0,0,1,2,0,0,0,pc=75 LOAD WGT,,,,,,,,,0x005fca72,0x0004,MEMORY READ,,,,,,,4,1,4,0,0,0,0,,,,,,,,,,,,,,,,,
layer_4,76,GEMM,COMPUTE,1,0,1,0,1,1,0,0,pc=76 GEMM,,,,,,,,,,,,,,,,,,,,,,,,,0,14,21,28,0,2,1,4,1,0,196,,,,,,
layer_4,77,GEMM,COMPUTE,1,0,1,0,0,2,0,0,pc=77 GEMM,,,,,,,,,,,,,,,,,,,,,,,,,0,21,28,28,0,2,1,4,1,0,196,,,,,,
layer_4,78,LOAD INP,LOAD,0,1,0,0,0,1,0,0,pc=78 LOAD INP,,,,,,,,,0x060524c0,0x0000,MEMORY READ,,,,,,,13,55,56,0,0,0,0,,,,,,,,,,,,,,,,,
layer_4,79,LOAD WGT,LOAD,0,0,0,1,1,1,0,0,pc=79 LOAD WGT,,,,,,,,,0x005fca73,0x0000,MEMORY READ,,,,,,,4,1,4,0,0,0,0,,,,,,,,,,,,,,,,,
layer_4,80,LOAD INP,LOAD,0,1,0,0,1,0,0,0,pc=80 LOAD INP,,,,,,,,,0x060527d0,0x02cb,MEMORY READ,,,,,,,13,55,56,0,0,0,0,,,,,,,,,,,,,,,,,
layer_4,81,LOAD WGT,LOAD,0,0,0,1,2,0,0,0,pc=81 LOAD WGT,,,,,,,,,0x005fca73,0x0004,MEMORY READ,,,,,,,4,1,4,0,0,0,0,,,,,,,,,,,,,,,,,
layer_4,82,GEMM,COMPUTE,1,0,1,0,1,1,0,0,pc=82 GEMM,,,,,,,,,,,,,,,,,,,,,,,,,0,14,21,28,0,2,1,4,1,0,196,,,,,,
layer_4,83,GEMM,COMPUTE,1,0,1,0,0,2,0,0,pc=83 GEMM,,,,,,,,,,,,,,,,,,,,,,,,,0,21,28,28,0,2,1,4,1,0,196,,,,,,
layer_4,84,NOP-MEMORY-STAGE,LOAD,0,1,0,0,0,1,0,0,pc=84 NOP-MEMORY-STAGE,,,,,,,,,,,,,,,,,,,,,,,,,,,,,,,,,,,,,,,,,
layer_4,85,LOAD ACC,COMPUTE,0,0,0,0,0,1,0,0,pc=85 LOAD ACC,,,,,,,,,0x005e0b84,0x0310,MEMORY READ,,,,,,,1,4,4,0,0,0,0,,,,,,,,,,,,,,,,,
layer_4,86,ALU - add,COMPUTE,0,0,0,0,0,1,0,0,pc=86 ALU - add,,,,,,,,,,,,,,,,,,,,,,,,,0,28,29,,,,,,,,,4,196,1,196,1,0
layer_4,87,ALU - add imm,COMPUTE,0,0,0,0,0,1,0,0,pc=87 ALU - add imm,,,,,,,,,,,,,,,,,,,,,,,,,0,29,30,,,,,,,,,1,0,0,784,1,1
layer_4,88,ALU - shr,COMPUTE,0,0,0,0,0,1,0,0,pc=88 ALU - shr,,,,,,,,,,,,,,,,,,,,,,,,,0,30,31,,,,,,,,,1,0,0,784,1,1
layer_4,89,ALU - min imm,COMPUTE,0,0,0,0,0,1,0,0,pc=89 ALU - min imm,,,,,,,,,,,,,,,,,,,,,,,,,0,31,32,,,,,,,,,1,0,0,784,1,1
layer_4,90,ALU - max imm,COMPUTE,0,0,0,1,0,1,0,1,pc=90 ALU - max imm,,,,,,,,,,,,,,,,,,,,,,,,,0,32,33,,,,,,,,,1,0,0,784,1,1
layer_4,91,LOAD ACC,COMPUTE,0,0,0,0,0,1,0,1,pc=91 LOAD ACC,,,,,,,,,0x005e0b84,0x0624,MEMORY READ,,,,,,,1,4,4,0,0,0,0,,,,,,,,,,,,,,,,,
layer_4,92,ALU - add,COMPUTE,0,0,0,0,0,1,0,1,pc=92 ALU - add,,,,,,,,,,,,,,,,,,,,,,,,,0,33,34,,,,,,,,,4,196,1,196,1,0
layer_4,93,ALU - add imm,COMPUTE,0,0,0,0,0,1,0,1,pc=93 ALU - add imm,,,,,,,,,,,,,,,,,,,,,,,,,0,34,35,,,,,,,,,1,0,0,784,1,1
layer_4,94,ALU - shr,COMPUTE,0,0,0,0,0,1,0,1,pc=94 ALU - shr,,,,,,,,,,,,,,,,,,,,,,,,,0,35,36,,,,,,,,,1,0,0,784,1,1
layer_4,95,ALU - min imm,COMPUTE,0,0,0,0,0,1,0,1,pc=95 ALU - min imm,,,,,,,,,,,,,,,,,,,,,,,,,0,36,37,,,,,,,,,1,0,0,784,1,1
layer_4,96,ALU - max imm,COMPUTE,0,0,0,1,0,1,0,2,pc=96 ALU - max imm,,,,,,,,,,,,,,,,,,,,,,,,,0,37,38,,,,,,,,,1,0,0,784,1,1
layer_4,97,STORE,STORE,1,0,1,0,0,1,1,1,pc=97 STORE,,,,,,,,,0x06040c40,0x0000,MEMORY WRITE,,,,,,,4,196,784,0,0,0,0,,,,,,,,,,,,,,,,,
layer_4,98,STORE,STORE,1,0,1,0,0,1,2,0,pc=98 STORE,,,,,,,,,0x06040d04,0x0314,MEMORY WRITE,,,,,,,4,196,784,0,0,0,0,,,,,,,,,,,,,,,,,
layer_4,99,GEMM,COMPUTE,0,1,1,0,0,2,1,0,pc=99 GEMM,,,,,,,,,,,,,,,,,,,,,,,,,1,0,7,28,0,0,1,4,0,0,196,,,,,,
layer_4,100,GEMM,COMPUTE,0,1,1,0,0,3,0,0,pc=100 GEMM,,,,,,,,,,,,,,,,,,,,,,,,,1,7,14,28,0,0,1,4,0,0,196,,,,,,
layer_4,101,NOP-MEMORY-STAGE,LOAD,0,1,0,0,0,2,0,0,pc=101 NOP-MEMORY-STAGE,,,,,,,,,,,,,,,,,,,,,,,,,,,,,,,,,,,,,,,,,
layer_4,102,LOAD INP,LOAD,0,1,0,0,0,1,0,0,pc=102 LOAD INP,,,,,,,,,0x06050620,0x0000,MEMORY READ,,,,,,,13,55,56,0,0,0,0,,,,,,,,,,,,,,,,,
layer_4,103,LOAD WGT,LOAD,0,0,0,1,1,1,0,0,pc=103 LOAD WGT,,,,,,,,,0x005fca60,0x0000,MEMORY READ,,,,,,,4,1,4,0,0,0,0,,,,,,,,,,,,,,,,,
layer_4,104,LOAD INP,LOAD,0,1,0,0,1,0,0,0,pc=104 LOAD INP,,,,,,,,,0x06050930,0x02cb,MEMORY READ,,,,,,,13,55,56,0,0,0,0,,,,,,,,,,,,,,,,,
layer_4,105,LOAD WGT,LOAD,0,0,0,1,2,0,0,0,pc=105 LOAD WGT,,,,,,,,,0x005fca60,0x0004,MEMORY READ,,,,,,,4,1,4,0,0,0,0,,,,,,,,,,,,,,,,,
layer_4,106,GEMM,COMPUTE,1,0,1,0,1,1,0,0,pc=106 GEMM,,,,,,,,,,,,,,,,,,,,,,,,,0,14,21,28,0,2,1,4,1,0,196,,,,,,
layer_4,107,GEMM,COMPUTE,1,0,1,0,0,2,0,0,pc=107 GEMM,,,,,,,,,,,,,,,,,,,,,,,,,0,21,28,28,0,2,1,4,1,0,196,,,,,,
layer_4,108,LOAD INP,LOAD,0,1,0,0,0,1,0,0,pc=108 LOAD INP,,,,,,,,,0x06051260,0x0000,MEMORY READ,,,,,,,13,55,56,0,0,0,0,,,,,,,,,,,,,,,,,
layer_4,109,LOAD WGT,LOAD,0,0,0,1,1,1,0,0,pc=109 LOAD WGT,,,,,,,,,0x005fca61,0x0000,MEMORY READ,,,,,,,4,1,4,0,0,0,0,,,,,,,,,,,,,,,,,
layer_4,110,LOAD INP,LOAD,0,1,0,0,1,0,0,0,pc=110 LOAD INP,,,,,,,,,0x06051570,0x02cb,MEMORY READ,,,,,,,13,55,56,0,0,0,0,,,,,,,,,,,,,,,,,
layer_4,111,LOAD WGT,LOAD,0,0,0,1,2,0,0,0,pc=111 LOAD WGT,,,,,,,,,0x005fca61,0x0004,MEMORY READ,,,,,,,4,1,4,0,0,0,0,,,,,,,,,,,,,,,,,
layer_4,112,GEMM,COMPUTE,1,0,1,0,1,1,0,0,pc=112 GEMM,,,,,,,,,,,,,,,,,,,,,,,,,0,14,21,28,0,2,1,4,1,0,196,,,,,,
layer_4,113,GEMM,COMPUTE,1,0,1,0,0,2,0,0,pc=113 GEMM,,,,,,,,,,,,,,,,,,,,,,,,,0,21,28,28,0,2,1,4,1,0,196,,,,,,
layer_4,114,LOAD INP,LOAD,0,1,0,0,0,1,0,0,pc=114 LOAD INP,,,,,,,,,0x06051ea0,0x0000,MEMORY READ,,,,,,,13,55,56,0,0,0,0,,,,,,,,,,,,,,,,,
layer_4,115,LOAD WGT,LOAD,0,0,0,1,1,1,0,0,pc=115 LOAD WGT,,,,,,,,,0x005fca62,0x0000,MEMORY READ,,,,,,,4,1,4,0,0,0,0,,,,,,,,,,,,,,,,,
layer_4,116,LOAD INP,LOAD,0,1,0,0,1,0,0,0,pc=116 LOAD INP,,,,,,,,,0x060521b0,0x02cb,MEMORY READ,,,,,,,13,55,56,0,0,0,0,,,,,,,,,,,,,,,,,
layer_4,117,LOAD WGT,LOAD,0,0,0,1,2,0,0,0,pc=117 LOAD WGT,,,,,,,,,0x005fca62,0x0004,MEMORY READ,,,,,,,4,1,4,0,0,0,0,,,,,,,,,,,,,,,,,
layer_4,118,GEMM,COMPUTE,1,0,1,0,1,1,0,0,pc=118 GEMM,,,,,,,,,,,,,,,,,,,,,,,,,0,14,21,28,0,2,1,4,1,0,196,,,,,,
layer_4,119,GEMM,COMPUTE,1,0,1,0,0,2,0,0,pc=119 GEMM,,,,,,,,,,,,,,,,,,,,,,,,,0,21,28,28,0,2,1,4,1,0,196,,,,,,
layer_4,120,LOAD INP,LOAD,0,1,0,0,0,1,0,0,pc=120 LOAD INP,,,,,,,,,0x06052ae0,0x0000,MEMORY READ,,,,,,,13,55,56,0,0,0,0,,,,,,,,,,,,,,,,,
layer_4,121,LOAD WGT,LOAD,0,0,0,1,1,1,0,0,pc=121 LOAD WGT,,,,,,,,,0x005fca63,0x0000,MEMORY READ,,,,,,,4,1,4,0,0,0,0,,,,,,,,,,,,,,,,,
layer_4,122,LOAD INP,LOAD,0,1,0,0,1,0,0,0,pc=122 LOAD INP,,,,,,,,,0x06052df0,0x02cb,MEMORY READ,,,,,,,13,55,56,0,0,0,0,,,,,,,,,,,,,,,,,
layer_4,123,LOAD WGT,LOAD,0,0,0,1,2,0,0,0,pc=123 LOAD WGT,,,,,,,,,0x005fca63,0x0004,MEMORY READ,,,,,,,4,1,4,0,0,0,0,,,,,,,,,,,,,,,,,
layer_4,124,GEMM,COMPUTE,1,0,1,0,1,1,0,0,pc=124 GEMM,,,,,,,,,,,,,,,,,,,,,,,,,0,14,21,28,0,2,1,4,1,0,196,,,,,,
layer_4,125,GEMM,COMPUTE,1,0,1,0,0,2,0,0,pc=125 GEMM,,,,,,,,,,,,,,,,,,,,,,,,,0,21,28,28,0,2,1,4,1,0,196,,,,,,
layer_4,126,NOP-MEMORY-STAGE,LOAD,0,1,0,0,0,1,0,0,pc=126 NOP-MEMORY-STAGE,,,,,,,,,,,,,,,,,,,,,,,,,,,,,,,,,,,,,,,,,
layer_4,127,LOAD ACC,COMPUTE,0,0,0,0,0,1,0,0,pc=127 LOAD ACC,,,,,,,,,0x005e0b80,0x0310,MEMORY READ,,,,,,,1,4,4,0,0,0,0,,,,,,,,,,,,,,,,,
layer_4,128,ALU - add,COMPUTE,0,0,0,0,0,1,0,0,pc=128 ALU - add,,,,,,,,,,,,,,,,,,,,,,,,,0,28,29,,,,,,,,,4,196,1,196,1,0
layer_4,129,ALU - add imm,COMPUTE,0,0,0,0,0,1,0,0,pc=129 ALU - add imm,,,,,,,,,,,,,,,,,,,,,,,,,0,29,30,,,,,,,,,1,0,0,784,1,1
layer_4,130,ALU - shr,COMPUTE,0,0,0,0,0,1,0,0,pc=130 ALU - shr,,,,,,,,,,,,,,,,,,,,,,,,,0,30,31,,,,,,,,,1,0,0,784,1,1
layer_4,131,ALU - min imm,COMPUTE,0,0,0,0,0,1,0,0,pc=131 ALU - min imm,,,,,,,,,,,,,,,,,,,,,,,,,0,31,32,,,,,,,,,1,0,0,784,1,1
layer_4,132,ALU - max imm,COMPUTE,0,0,0,1,0,1,0,1,pc=132 ALU - max imm,,,,,,,,,,,,,,,,,,,,,,,,,0,32,33,,,,,,,,,1,0,0,784,1,1
layer_4,133,LOAD ACC,COMPUTE,0,0,0,0,0,1,0,1,pc=133 LOAD ACC,,,,,,,,,0x005e0b80,0x0624,MEMORY READ,,,,,,,1,4,4,0,0,0,0,,,,,,,,,,,,,,,,,
layer_4,134,ALU - add,COMPUTE,0,0,0,0,0,1,0,1,pc=134 ALU - add,,,,,,,,,,,,,,,,,,,,,,,,,0,33,34,,,,,,,,,4,196,1,196,1,0
layer_4,135,ALU - add imm,COMPUTE,0,0,0,0,0,1,0,1,pc=135 ALU - add imm,,,,,,,,,,,,,,,,,,,,,,,,,0,34,35,,,,,,,,,1,0,0,784,1,1
layer_4,136,ALU - shr,COMPUTE,0,0,0,0,0,1,0,1,pc=136 ALU - shr,,,,,,,,,,,,,,,,,,,,,,,,,0,35,36,,,,,,,,,1,0,0,784,1,1
layer_4,137,ALU - min imm,COMPUTE,0,0,0,0,0,1,0,1,pc=137 ALU - min imm,,,,,,,,,,,,,,,,,,,,,,,,,0,36,37,,,,,,,,,1,0,0,784,1,1
layer_4,138,ALU - max imm,COMPUTE,0,0,0,1,0,1,0,2,pc=138 ALU - max imm,,,,,,,,,,,,,,,,,,,,,,,,,0,37,38,,,,,,,,,1,0,0,784,1,1
layer_4,139,STORE,STORE,1,0,1,0,0,1,1,1,pc=139 STORE,,,,,,,,,0x06040188,0x0000,MEMORY WRITE,,,,,,,4,196,784,0,0,0,0,,,,,,,,,,,,,,,,,
layer_4,140,STORE,STORE,1,0,1,0,0,1,2,0,pc=140 STORE,,,,,,,,,0x0604024c,0x0314,MEMORY WRITE,,,,,,,4,196,784,0,0,0,0,,,,,,,,,,,,,,,,,
layer_4,141,GEMM,COMPUTE,0,1,1,0,0,2,1,0,pc=141 GEMM,,,,,,,,,,,,,,,,,,,,,,,,,1,0,7,28,0,0,1,4,0,0,196,,,,,,
layer_4,142,GEMM,COMPUTE,0,1,1,0,0,3,0,0,pc=142 GEMM,,,,,,,,,,,,,,,,,,,,,,,,,1,7,14,28,0,0,1,4,0,0,196,,,,,,
layer_4,143,NOP-MEMORY-STAGE,LOAD,0,1,0,0,0,2,0,0,pc=143 NOP-MEMORY-STAGE,,,,,,,,,,,,,,,,,,,,,,,,,,,,,,,,,,,,,,,,,
layer_4,144,LOAD INP,LOAD,0,1,0,0,0,1,0,0,pc=144 LOAD INP,,,,,,,,,0x06050620,0x0000,MEMORY READ,,,,,,,13,55,56,0,0,0,0,,,,,,,,,,,,,,,,,
layer_4,145,LOAD WGT,LOAD,0,0,0,1,1,1,0,0,pc=145 LOAD WGT,,,,,,,,,0x005fca70,0x0000,MEMORY READ,,,,,,,4,1,4,0,0,0,0,,,,,,,,,,,,,,,,,
layer_4,146,LOAD INP,LOAD,0,1,0,0,1,0,0,0,pc=146 LOAD INP,,,,,,,,,0x06050930,0x02cb,MEMORY READ,,,,,,,13,55,56,0,0,0,0,,,,,,,,,,,,,,,,,
layer_4,147,LOAD WGT,LOAD,0,0,0,1,2,0,0,0,pc=147 LOAD WGT,,,,,,,,,0x005fca70,0x0004,MEMORY READ,,,,,,,4,1,4,0,0,0,0,,,,,,,,,,,,,,,,,
layer_4,148,GEMM,COMPUTE,1,0,1,0,1,1,0,0,pc=148 GEMM,,,,,,,,,,,,,,,,,,,,,,,,,0,14,21,28,0,2,1,4,1,0,196,,,,,,
layer_4,149,GEMM,COMPUTE,1,0,1,0,0,2,0,0,pc=149 GEMM,,,,,,,,,,,,,,,,,,,,,,,,,0,21,28,28,0,2,1,4,1,0,196,,,,,,
layer_4,150,LOAD INP,LOAD,0,1,0,0,0,1,0,0,pc=150 LOAD INP,,,,,,,,,0x06051260,0x0000,MEMORY READ,,,,,,,13,55,56,0,0,0,0,,,,,,,,,,,,,,,,,
layer_4,151,LOAD WGT,LOAD,0,0,0,1,1,1,0,0,pc=151 LOAD WGT,,,,,,,,,0x005fca71,0x0000,MEMORY READ,,,,,,,4,1,4,0,0,0,0,,,,,,,,,,,,,,,,,
layer_4,152,LOAD INP,LOAD,0,1,0,0,1,0,0,0,pc=152 LOAD INP,,,,,,,,,0x06051570,0x02cb,MEMORY READ,,,,,,,13,55,56,0,0,0,0,,,,,,,,,,,,,,,,,
layer_4,153,LOAD WGT,LOAD,0,0,0,1,2,0,0,0,pc=153 LOAD WGT,,,,,,,,,0x005fca71,0x0004,MEMORY READ,,,,,,,4,1,4,0,0,0,0,,,,,,,,,,,,,,,,,
layer_4,154,GEMM,COMPUTE,1,0,1,0,1,1,0,0,pc=154 GEMM,,,,,,,,,,,,,,,,,,,,,,,,,0,14,21,28,0,2,1,4,1,0,196,,,,,,
layer_4,155,GEMM,COMPUTE,1,0,1,0,0,2,0,0,pc=155 GEMM,,,,,,,,,,,,,,,,,,,,,,,,,0,21,28,28,0,2,1,4,1,0,196,,,,,,
layer_4,156,LOAD INP,LOAD,0,1,0,0,0,1,0,0,pc=156 LOAD INP,,,,,,,,,0x06051ea0,0x0000,MEMORY READ,,,,,,,13,55,56,0,0,0,0,,,,,,,,,,,,,,,,,
layer_4,157,LOAD WGT,LOAD,0,0,0,1,1,1,0,0,pc=157 LOAD WGT,,,,,,,,,0x005fca72,0x0000,MEMORY READ,,,,,,,4,1,4,0,0,0,0,,,,,,,,,,,,,,,,,
layer_4,158,LOAD INP,LOAD,0,1,0,0,1,0,0,0,pc=158 LOAD INP,,,,,,,,,0x060521b0,0x02cb,MEMORY READ,,,,,,,13,55,56,0,0,0,0,,,,,,,,,,,,,,,,,
layer_4,159,LOAD WGT,LOAD,0,0,0,1,2,0,0,0,pc=159 LOAD WGT,,,,,,,,,0x005fca72,0x0004,MEMORY READ,,,,,,,4,1,4,0,0,0,0,,,,,,,,,,,,,,,,,
layer_4,160,GEMM,COMPUTE,1,0,1,0,1,1,0,0,pc=160 GEMM,,,,,,,,,,,,,,,,,,,,,,,,,0,14,21,28,0,2,1,4,1,0,196,,,,,,
layer_4,161,GEMM,COMPUTE,1,0,1,0,0,2,0,0,pc=161 GEMM,,,,,,,,,,,,,,,,,,,,,,,,,0,21,28,28,0,2,1,4,1,0,196,,,,,,
layer_4,162,LOAD INP,LOAD,0,1,0,0,0,1,0,0,pc=162 LOAD INP,,,,,,,,,0x06052ae0,0x0000,MEMORY READ,,,,,,,13,55,56,0,0,0,0,,,,,,,,,,,,,,,,,
layer_4,163,LOAD WGT,LOAD,0,0,0,1,1,1,0,0,pc=163 LOAD WGT,,,,,,,,,0x005fca73,0x0000,MEMORY READ,,,,,,,4,1,4,0,0,0,0,,,,,,,,,,,,,,,,,
layer_4,164,LOAD INP,LOAD,0,1,0,0,1,0,0,0,pc=164 LOAD INP,,,,,,,,,0x06052df0,0x02cb,MEMORY READ,,,,,,,13,55,56,0,0,0,0,,,,,,,,,,,,,,,,,
layer_4,165,LOAD WGT,LOAD,0,0,0,1,2,0,0,0,pc=165 LOAD WGT,,,,,,,,,0x005fca73,0x0004,MEMORY READ,,,,,,,4,1,4,0,0,0,0,,,,,,,,,,,,,,,,,
layer_4,166,GEMM,COMPUTE,1,0,1,0,1,1,0,0,pc=166 GEMM,,,,,,,,,,,,,,,,,,,,,,,,,0,14,21,28,0,2,1,4,1,0,196,,,,,,
layer_4,167,GEMM,COMPUTE,1,0,1,0,0,2,0,0,pc=167 GEMM,,,,,,,,,,,,,,,,,,,,,,,,,0,21,28,28,0,2,1,4,1,0,196,,,,,,
layer_4,168,NOP-MEMORY-STAGE,LOAD,0,1,0,0,0,1,0,0,pc=168 NOP-MEMORY-STAGE,,,,,,,,,,,,,,,,,,,,,,,,,,,,,,,,,,,,,,,,,
layer_4,169,LOAD ACC,COMPUTE,0,0,0,0,0,1,0,0,pc=169 LOAD ACC,,,,,,,,,0x005e0b84,0x0310,MEMORY READ,,,,,,,1,4,4,0,0,0,0,,,,,,,,,,,,,,,,,
layer_4,170,ALU - add,COMPUTE,0,0,0,0,0,1,0,0,pc=170 ALU - add,,,,,,,,,,,,,,,,,,,,,,,,,0,28,29,,,,,,,,,4,196,1,196,1,0
layer_4,171,ALU - add imm,COMPUTE,0,0,0,0,0,1,0,0,pc=171 ALU - add imm,,,,,,,,,,,,,,,,,,,,,,,,,0,29,30,,,,,,,,,1,0,0,784,1,1
layer_4,172,ALU - shr,COMPUTE,0,0,0,0,0,1,0,0,pc=172 ALU - shr,,,,,,,,,,,,,,,,,,,,,,,,,0,30,31,,,,,,,,,1,0,0,784,1,1
layer_4,173,ALU - min imm,COMPUTE,0,0,0,0,0,1,0,0,pc=173 ALU - min imm,,,,,,,,,,,,,,,,,,,,,,,,,0,31,32,,,,,,,,,1,0,0,784,1,1
layer_4,174,ALU - max imm,COMPUTE,0,0,0,1,0,1,0,1,pc=174 ALU - max imm,,,,,,,,,,,,,,,,,,,,,,,,,0,32,33,,,,,,,,,1,0,0,784,1,1
layer_4,175,LOAD ACC,COMPUTE,0,0,0,0,0,1,0,1,pc=175 LOAD ACC,,,,,,,,,0x005e0b84,0x0624,MEMORY READ,,,,,,,1,4,4,0,0,0,0,,,,,,,,,,,,,,,,,
layer_4,176,ALU - add,COMPUTE,0,0,0,0,0,1,0,1,pc=176 ALU - add,,,,,,,,,,,,,,,,,,,,,,,,,0,33,34,,,,,,,,,4,196,1,196,1,0
layer_4,177,ALU - add imm,COMPUTE,0,0,0,0,0,1,0,1,pc=177 ALU - add imm,,,,,,,,,,,,,,,,,,,,,,,,,0,34,35,,,,,,,,,1,0,0,784,1,1
layer_4,178,ALU - shr,COMPUTE,0,0,0,0,0,1,0,1,pc=178 ALU - shr,,,,,,,,,,,,,,,,,,,,,,,,,0,35,36,,,,,,,,,1,0,0,784,1,1
layer_4,179,ALU - min imm,COMPUTE,0,0,0,0,0,1,0,1,pc=179 ALU - min imm,,,,,,,,,,,,,,,,,,,,,,,,,0,36,37,,,,,,,,,1,0,0,784,1,1
layer_4,180,ALU - max imm,COMPUTE,0,0,0,1,0,1,0,2,pc=180 ALU - max imm,,,,,,,,,,,,,,,,,,,,,,,,,0,37,38,,,,,,,,,1,0,0,784,1,1
layer_4,181,STORE,STORE,1,0,1,0,0,1,1,1,pc=181 STORE,,,,,,,,,0x06040dc8,0x0000,MEMORY WRITE,,,,,,,4,196,784,0,0,0,0,,,,,,,,,,,,,,,,,
layer_4,182,STORE,STORE,1,0,1,0,0,1,2,0,pc=182 STORE,,,,,,,,,0x06040e8c,0x0314,MEMORY WRITE,,,,,,,4,196,784,0,0,0,0,,,,,,,,,,,,,,,,,
layer_4,183,NOP-COMPUTE-STAGE,COMPUTE,0,1,0,0,0,1,1,0,pc=183 NOP-COMPUTE-STAGE,,,,,,,,,,,,,,,,,,,,,,,,,,,,,,,,,,,,,,,,,
layer_4,184,NOP-STORE-STAGE,STORE,0,0,1,0,0,1,2,0,pc=184 NOP-STORE-STAGE,,,,,,,,,,,,,,,,,,,,,,,,,,,,,,,,,,,,,,,,,
layer_4,185,NOP-MEMORY-STAGE,LOAD,0,1,0,0,0,0,2,0,pc=185 NOP-MEMORY-STAGE,,,,,,,,,,,,,,,,,,,,,,,,,,,,,,,,,,,,,,,,,
layer_4,186,NOP-MEMORY-STAGE,LOAD,0,0,0,1,1,0,2,0,pc=186 NOP-MEMORY-STAGE,,,,,,,,,,,,,,,,,,,,,,,,,,,,,,,,,,,,,,,,,
layer_4,187,NOP-COMPUTE-STAGE,COMPUTE,0,1,0,0,1,0,1,0,pc=187 NOP-COMPUTE-STAGE,,,,,,,,,,,,,,,,,,,,,,,,,,,,,,,,,,,,,,,,,
layer_4,188,NOP-COMPUTE-STAGE,COMPUTE,1,1,0,0,0,0,0,0,pc=188 NOP-COMPUTE-STAGE,,,,,,,,,,,,,,,,,,,,,,,,,,,,,,,,,,,,,,,,,
layer_4,189,FINISH,COMPUTE,,,,,0,0,0,0,pc=189 FINISH,,,,,,,,,,,,,,,,,,,,,,,,,,,,,,,,,,,,,,,,,
layer_5,0,NOP-STORE-STAGE,STORE,0,0,1,0,0,0,1,0,pc=0 NOP-STORE-STAGE,,,,,,,,,,,,,,,,,,,,,,,,,,,,,,,,,,,,,,,,,
layer_5,1,NOP-STORE-STAGE,STORE,0,0,1,0,0,0,2,0,pc=1 NOP-STORE-STAGE,,,,,,,,,,,,,,,,,,,,,,,,,,,,,,,,,,,,,,,,,
layer_5,2,LOAD UOP,COMPUTE,0,1,0,0,0,0,1,0,pc=2 LOAD UOP,,,,,,,,,0x18580000,0x0000,MEMORY READ,,,,,,,1,7,7,0,0,0,0,,,,,,,,,,,,,,,,,
layer_5,3,GEMM,COMPUTE,0,0,1,0,0,1,1,0,pc=3 GEMM,,,,,,,,,,,,,,,,,,,,,,,,,1,0,7,28,0,0,1,4,0,0,196,,,,,,
layer_5,4,LOAD UOP,COMPUTE,0,1,0,0,0,1,0,0,pc=4 LOAD UOP,,,,,,,,,0x18580007,0x0007,MEMORY READ,,,,,,,1,7,7,0,0,0,0,,,,,,,,,,,,,,,,,
layer_5,5,GEMM,COMPUTE,0,0,1,0,0,2,0,0,pc=5 GEMM,,,,,,,,,,,,,,,,,,,,,,,,,1,7,14,28,0,0,1,4,0,0,196,,,,,,
layer_5,6,LOAD INP,LOAD,0,1,0,0,0,1,0,0,pc=6 LOAD INP,,,,,,,,,0x06050000,0x0000,MEMORY READ,,,,,,,14,56,56,1,0,1,0,,,,,,,,,,,,,,,,,
layer_5,7,LOAD WGT,LOAD,0,0,0,1,1,1,0,0,pc=7 LOAD WGT,,,,,,,,,0x005fe800,0x0000,MEMORY READ,,,,,,,4,9,36,0,0,0,0,,,,,,,,,,,,,,,,,
layer_5,8,LOAD INP,LOAD,0,1,0,0,1,0,0,0,pc=8 LOAD INP,,,,,,,,,0x06050000,0x0357,MEMORY READ,,,,,,,14,56,56,1,0,1,0,,,,,,,,,,,,,,,,,
layer_5,9,LOAD WGT,LOAD,0,0,0,1,2,0,0,0,pc=9 LOAD WGT,,,,,,,,,0x005fe890,0x0024,MEMORY READ,,,,,,,4,9,36,0,0,0,0,,,,,,,,,,,,,,,,,
layer_5,10,LOAD UOP,COMPUTE,1,0,0,0,1,0,0,0,pc=10 LOAD UOP,,,,,,,,,0x1858000e,0x000e,MEMORY READ,,,,,,,1,84,84,0,0,0,0,,,,,,,,,,,,,,,,,
layer_5,11,GEMM,COMPUTE,0,0,1,0,1,1,0,0,pc=11 GEMM,,,,,,,,,,,,,,,,,,,,,,,,,0,14,98,28,0,2,1,3,1,1,0,,,,,,
layer_5,12,LOAD UOP,COMPUTE,1,0,0,0,0,1,0,0,pc=12 LOAD UOP,,,,,,,,,0x18580062,0x0062,MEMORY READ,,,,,,,1,84,84,0,0,0,0,,,,,,,,,,,,,,,,,
layer_5,13,GEMM,COMPUTE,0,0,1,0,0,2,0,0,pc=13 GEMM,,,,,,,,,,,,,,,,,,,,,,,,,0,98,182,28,0,2,1,3,1,1,0,,,,,,
layer_5,14,LOAD INP,LOAD,0,1,0,0,0,1,0,0,pc=14 LOAD INP,,,,,,,,,0x06050c40,0x0000,MEMORY READ,,,,,,,14,56,56,1,0,1,0,,,,,,,,,,,,,,,,,
layer_5,15,LOAD WGT,LOAD,0,0,0,1,1,1,0,0,pc=15 LOAD WGT,,,,,,,,,0x005fe809,0x0000,MEMORY READ,,,,,,,4,9,36,0,0,0,0,,,,,,,,,,,,,,,,,
layer_5,16,LOAD INP,LOAD,0,1,0,0,1,0,0,0,pc=16 LOAD INP,,,,,,,,,0x06050c40,0x0357,MEMORY READ,,,,,,,14,56,56,1,0,1,0,,,,,,,,,,,,,,,,,
layer_5,17,LOAD WGT,LOAD,0,0,0,1,2,0,0,0,pc=17 LOAD WGT,,,,,,,,,0x005fe899,0x0024,MEMORY READ,,,,,,,4,9,36,0,0,0,0,,,,,,,,,,,,,,,,,
layer_5,18,GEMM,COMPUTE,1,0,1,0,1,1,0,0,pc=18 GEMM,,,,,,,,,,,,,,,,,,,,,,,,,0,14,98,28,0,2,1,3,1,1,0,,,,,,
layer_5,19,GEMM,COMPUTE,1,0,1,0,0,2,0,0,pc=19 GEMM,,,,,,,,,,,,,,,,,,,,,,,,,0,98,182,28,0,2,1,3,1,1,0,,,,,,
layer_5,20,LOAD INP,LOAD,0,1,0,0,0,1,0,0,pc=20 LOAD INP,,,,,,,,,0x06051880,0x0000,MEMORY READ,,,,,,,14,56,56,1,0,1,0,,,,,,,,,,,,,,,,,
layer_5,21,LOAD WGT,LOAD,0,0,0,1,1,1,0,0,pc=21 LOAD WGT,,,,,,,,,0x005fe812,0x0000,MEMORY READ,,,,,,,4,9,36,0,0,0,0,,,,,,,,,,,,,,,,,
layer_5,22,LOAD INP,LOAD,0,1,0,0,1,0,0,0,pc=22 LOAD INP,,,,,,,,,0x06051880,0x0357,MEMORY READ,,,,,,,14,56,56,1,0,1,0,,,,,,,,,,,,,,,,,
layer_5,23,LOAD WGT,LOAD,0,0,0,1,2,0,0,0,pc=23 LOAD WGT,,,,,,,,,0x005fe8a2,0x0024,MEMORY READ,,,,,,,4,9,36,0,0,0,0,,,,,,,,,,,,,,,,,
layer_5,24,GEMM,COMPUTE,1,0,1,0,1,1,0,0,pc=24 GEMM,,,,,,,,,,,,,,,,,,,,,,,,,0,14,98,28,0,2,1,3,1,1,0,,,,,,
layer_5,25,GEMM,COMPUTE,1,0,1,0,0,2,0,0,pc=25 GEMM,,,,,,,,,,,,,,,,,,,,,,,,,0,98,182,28,0,2,1,3,1,1,0,,,,,,
layer_5,26,LOAD INP,LOAD,0,1,0,0,0,1,0,0,pc=26 LOAD INP,,,,,,,,,0x060524c0,0x0000,MEMORY READ,,,,,,,14,56,56,1,0,1,0,,,,,,,,,,,,,,,,,
layer_5,27,LOAD WGT,LOAD,0,0,0,1,1,1,0,0,pc=27 LOAD WGT,,,,,,,,,0x005fe81b,0x0000,MEMORY READ,,,,,,,4,9,36,0,0,0,0,,,,,,,,,,,,,,,,,
layer_5,28,LOAD INP,LOAD,0,1,0,0,1,0,0,0,pc=28 LOAD INP,,,,,,,,,0x060524c0,0x0357,MEMORY READ,,,,,,,14,56,56,1,0,1,0,,,,,,,,,,,,,,,,,
layer_5,29,LOAD WGT,LOAD,0,0,0,1,2,0,0,0,pc=29 LOAD WGT,,,,,,,,,0x005fe8ab,0x0024,MEMORY READ,,,,,,,4,9,36,0,0,0,0,,,,,,,,,,,,,,,,,
layer_5,30,GEMM,COMPUTE,1,0,1,0,1,1,0,0,pc=30 GEMM,,,,,,,,,,,,,,,,,,,,,,,,,0,14,98,28,0,2,1,3,1,1,0,,,,,,
layer_5,31,GEMM,COMPUTE,1,0,1,0,0,2,0,0,pc=31 GEMM,,,,,,,,,,,,,,,,,,,,,,,,,0,98,182,28,0,2,1,3,1,1,0,,,,,,
layer_5,32,NOP-MEMORY-STAGE,LOAD,0,1,0,0,0,1,0,0,pc=32 NOP-MEMORY-STAGE,,,,,,,,,,,,,,,,,,,,,,,,,,,,,,,,,,,,,,,,,
layer_5,33,LOAD ACC,COMPUTE,0,0,0,0,0,1,0,0,pc=33 LOAD ACC,,,,,,,,,0x005e0d40,0x0310,MEMORY READ,,,,,,,1,4,4,0,0,0,0,,,,,,,,,,,,,,,,,
layer_5,34,LOAD UOP,COMPUTE,0,0,0,0,0,1,0,0,pc=34 LOAD UOP,,,,,,,,,0x185800b6,0x00b6,MEMORY READ,,,,,,,1,1,1,0,0,0,0,,,,,,,,,,,,,,,,,
layer_5,35,ALU - add,COMPUTE,0,0,0,0,0,1,0,0,pc=35 ALU - add,,,,,,,,,,,,,,,,,,,,,,,,,0,182,183,,,,,,,,,4,196,1,196,1,0
layer_5,36,LOAD UOP,COMPUTE,0,0,0,0,0,1,0,0,pc=36 LOAD UOP,,,,,,,,,0x185800b7,0x00b7,MEMORY READ,,,,,,,1,1,1,0,0,0,0,,,,,,,,,,,,,,,,,
layer_5,37,ALU - max imm,COMPUTE,0,0,0,0,0,1,0,0,pc=37 ALU - max imm,,,,,,,,,,,,,,,,,,,,,,,,,0,183,184,,,,,,,,,1,0,0,784,1,1
layer_5,38,LOAD UOP,COMPUTE,0,0,0,0,0,1,0,0,pc=38 LOAD UOP,,,,,,,,,0x185800b8,0x00b8,MEMORY READ,,,,,,,1,1,1,0,0,0,0,,,,,,,,,,,,,,,,,
layer_5,39,ALU - add imm,COMPUTE,0,0,0,0,0,1,0,0,pc=39 ALU - add imm,,,,,,,,,,,,,,,,,,,,,,,,,0,184,185,,,,,,,,,1,0,0,784,1,1
layer_5,40,LOAD UOP,COMPUTE,0,0,0,0,0,1,0,0,pc=40 LOAD UOP,,,,,,,,,0x185800b9,0x00b9,MEMORY READ,,,,,,,1,1,1,0,0,0,0,,,,,,,,,,,,,,,,,
layer_5,41,ALU - shr,COMPUTE,0,0,0,0,0,1,0,0,pc=41 ALU - shr,,,,,,,,,,,,,,,,,,,,,,,,,0,185,186,,,,,,,,,1,0,0,784,1,1
layer_5,42,LOAD UOP,COMPUTE,0,0,0,0,0,1,0,0,pc=42 LOAD UOP,,,,,,,,,0x185800ba,0x00ba,MEMORY READ,,,,,,,1,1,1,0,0,0,0,,,,,,,,,,,,,,,,,
layer_5,43,ALU - min imm,COMPUTE,0,0,0,0,0,1,0,0,pc=43 ALU - min imm,,,,,,,,,,,,,,,,,,,,,,,,,0,186,187,,,,,,,,,1,0,0,784,1,1
layer_5,44,LOAD UOP,COMPUTE,0,0,0,0,0,1,0,0,pc=44 LOAD UOP,,,,,,,,,0x185800bb,0x00bb,MEMORY READ,,,,,,,1,1,1,0,0,0,0,,,,,,,,,,,,,,,,,
layer_5,45,ALU - max imm,COMPUTE,0,0,0,1,0,1,0,1,pc=45 ALU - max imm,,,,,,,,,,,,,,,,,,,,,,,,,0,187,188,,,,,,,,,1,0,0,784,1,1
layer_5,46,LOAD ACC,COMPUTE,0,0,0,0,0,1,0,1,pc=46 LOAD ACC,,,,,,,,,0x005e0d44,0x0624,MEMORY READ,,,,,,,1,4,4,0,0,0,0,,,,,,,,,,,,,,,,,
layer_5,47,LOAD UOP,COMPUTE,0,0,0,0,0,1,0,1,pc=47 LOAD UOP,,,,,,,,,0x185800bc,0x00bc,MEMORY READ,,,,,,,1,1,1,0,0,0,0,,,,,,,,,,,,,,,,,
layer_5,48,ALU - add,COMPUTE,0,0,0,0,0,1,0,1,pc=48 ALU - add,,,,,,,,,,,,,,,,,,,,,,,,,0,188,189,,,,,,,,,4,196,1,196,1,0
layer_5,49,LOAD UOP,COMPUTE,0,0,0,0,0,1,0,1,pc=49 LOAD UOP,,,,,,,,,0x185800bd,0x00bd,MEMORY READ,,,,,,,1,1,1,0,0,0,0,,,,,,,,,,,,,,,,,
layer_5,50,ALU - max imm,COMPUTE,0,0,0,0,0,1,0,1,pc=50 ALU - max imm,,,,,,,,,,,,,,,,,,,,,,,,,0,189,190,,,,,,,,,1,0,0,784,1,1
layer_5,51,LOAD UOP,COMPUTE,0,0,0,0,0,1,0,1,pc=51 LOAD UOP,,,,,,,,,0x185800be,0x00be,MEMORY READ,,,,,,,1,1,1,0,0,0,0,,,,,,,,,,,,,,,,,
layer_5,52,ALU - add imm,COMPUTE,0,0,0,0,0,1,0,1,pc=52 ALU - add imm,,,,,,,,,,,,,,,,,,,,,,,,,0,190,191,,,,,,,,,1,0,0,784,1,1
layer_5,53,LOAD UOP,COMPUTE,0,0,0,0,0,1,0,1,pc=53 LOAD UOP,,,,,,,,,0x185800bf,0x00bf,MEMORY READ,,,,,,,1,1,1,0,0,0,0,,,,,,,,,,,,,,,,,
layer_5,54,ALU - shr,COMPUTE,0,0,0,0,0,1,0,1,pc=54 ALU - shr,,,,,,,,,,,,,,,,,,,,,,,,,0,191,192,,,,,,,,,1,0,0,784,1,1
layer_5,55,LOAD UOP,COMPUTE,0,0,0,0,0,1,0,1,pc=55 LOAD UOP,,,,,,,,,0x185800c0,0x00c0,MEMORY READ,,,,,,,1,1,1,0,0,0,0,,,,,,,,,,,,,,,,,
layer_5,56,ALU - min imm,COMPUTE,0,0,0,0,0,1,0,1,pc=56 ALU - min imm,,,,,,,,,,,,,,,,,,,,,,,,,0,192,193,,,,,,,,,1,0,0,784,1,1
layer_5,57,LOAD UOP,COMPUTE,0,0,0,0,0,1,0,1,pc=57 LOAD UOP,,,,,,,,,0x185800c1,0x00c1,MEMORY READ,,,,,,,1,1,1,0,0,0,0,,,,,,,,,,,,,,,,,
layer_5,58,ALU - max imm,COMPUTE,0,0,0,1,0,1,0,2,pc=58 ALU - max imm,,,,,,,,,,,,,,,,,,,,,,,,,0,193,194,,,,,,,,,1,0,0,784,1,1
layer_5,59,STORE,STORE,1,0,1,0,0,1,1,1,pc=59 STORE,,,,,,,,,0x05fea000,0x0000,MEMORY WRITE,,,,,,,4,196,784,0,0,0,0,,,,,,,,,,,,,,,,,
layer_5,60,STORE,STORE,1,0,1,0,0,1,2,0,pc=60 STORE,,,,,,,,,0x05feac40,0x0314,MEMORY WRITE,,,,,,,4,196,784,0,0,0,0,,,,,,,,,,,,,,,,,
layer_5,61,GEMM,COMPUTE,0,1,1,0,0,2,1,0,pc=61 GEMM,,,,,,,,,,,,,,,,,,,,,,,,,1,0,7,28,0,0,1,4,0,0,196,,,,,,
layer_5,62,GEMM,COMPUTE,0,1,1,0,0,3,0,0,pc=62 GEMM,,,,,,,,,,,,,,,,,,,,,,,,,1,7,14,28,0,0,1,4,0,0,196,,,,,,
layer_5,63,NOP-MEMORY-STAGE,LOAD,0,1,0,0,0,2,0,0,pc=63 NOP-MEMORY-STAGE,,,,,,,,,,,,,,,,,,,,,,,,,,,,,,,,,,,,,,,,,
layer_5,64,LOAD INP,LOAD,0,1,0,0,0,1,0,0,pc=64 LOAD INP,,,,,,,,,0x060502d8,0x0000,MEMORY READ,,,,,,,15,56,56,0,0,1,0,,,,,,,,,,,,,,,,,
layer_5,65,LOAD WGT,LOAD,0,0,0,1,1,1,0,0,pc=65 LOAD WGT,,,,,,,,,0x005fe800,0x0000,MEMORY READ,,,,,,,4,9,36,0,0,0,0,,,,,,,,,,,,,,,,,
layer_5,66,LOAD INP,LOAD,0,1,0,0,1,0,0,0,pc=66 LOAD INP,,,,,,,,,0x060502d8,0x0357,MEMORY READ,,,,,,,15,56,56,0,0,1,0,,,,,,,,,,,,,,,,,
layer_5,67,LOAD WGT,LOAD,0,0,0,1,2,0,0,0,pc=67 LOAD WGT,,,,,,,,,0x005fe890,0x0024,MEMORY READ,,,,,,,4,9,36,0,0,0,0,,,,,,,,,,,,,,,,,
layer_5,68,GEMM,COMPUTE,1,0,1,0,1,1,0,0,pc=68 GEMM,,,,,,,,,,,,,,,,,,,,,,,,,0,14,98,28,0,2,1,3,1,1,0,,,,,,
layer_5,69,GEMM,COMPUTE,1,0,1,0,0,2,0,0,pc=69 GEMM,,,,,,,,,,,,,,,,,,,,,,,,,0,98,182,28,0,2,1,3,1,1,0,,,,,,
layer_5,70,LOAD INP,LOAD,0,1,0,0,0,1,0,0,pc=70 LOAD INP,,,,,,,,,0x06050f18,0x0000,MEMORY READ,,,,,,,15,56,56,0,0,1,0,,,,,,,,,,,,,,,,,
layer_5,71,LOAD WGT,LOAD,0,0,0,1,1,1,0,0,pc=71 LOAD WGT,,,,,,,,,0x005fe809,0x0000,MEMORY READ,,,,,,,4,9,36,0,0,0,0,,,,,,,,,,,,,,,,,
layer_5,72,LOAD INP,LOAD,0,1,0,0,1,0,0,0,pc=72 LOAD INP,,,,,,,,,0x06050f18,0x0357,MEMORY READ,,,,,,,15,56,56,0,0,1,0,,,,,,,,,,,,,,,,,
layer_5,73,LOAD WGT,LOAD,0,0,0,1,2,0,0,0,pc=73 LOAD WGT,,,,,,,,,0x005fe899,0x0024,MEMORY READ,,,,,,,4,9,36,0,0,0,0,,,,,,,,,,,,,,,,,
layer_5,74,GEMM,COMPUTE,1,0,1,0,1,1,0,0,pc=74 GEMM,,,,,,,,,,,,,,,,,,,,,,,,,0,14,98,28,0,2,1,3,1,1,0,,,,,,
layer_5,75,GEMM,COMPUTE,1,0,1,0,0,2,0,0,pc=75 GEMM,,,,,,,,,,,,,,,,,,,,,,,,,0,98,182,28,0,2,1,3,1,1,0,,,,,,
layer_5,76,LOAD INP,LOAD,0,1,0,0,0,1,0,0,pc=76 LOAD INP,,,,,,,,,0x06051b58,0x0000,MEMORY READ,,,,,,,15,56,56,0,0,1,0,,,,,,,,,,,,,,,,,
layer_5,77,LOAD WGT,LOAD,0,0,0,1,1,1,0,0,pc=77 LOAD WGT,,,,,,,,,0x005fe812,0x0000,MEMORY READ,,,,,,,4,9,36,0,0,0,0,,,,,,,,,,,,,,,,,
layer_5,78,LOAD INP,LOAD,0,1,0,0,1,0,0,0,pc=78 LOAD INP,,,,,,,,,0x06051b58,0x0357,MEMORY READ,,,,,,,15,56,56,0,0,1,0,,,,,,,,,,,,,,,,,
layer_5,79,LOAD WGT,LOAD,0,0,0,1,2,0,0,0,pc=79 LOAD WGT,,,,,,,,,0x005fe8a2,0x0024,MEMORY READ,,,,,,,4,9,36,0,0,0,0,,,,,,,,,,,,,,,,,
layer_5,80,GEMM,COMPUTE,1,0,1,0,1,1,0,0,pc=80 GEMM,,,,,,,,,,,,,,,,,,,,,,,,,0,14,98,28,0,2,1,3,1,1,0,,,,,,
layer_5,81,GEMM,COMPUTE,1,0,1,0,0,2,0,0,pc=81 GEMM,,,,,,,,,,,,,,,,,,,,,,,,,0,98,182,28,0,2,1,3,1,1,0,,,,,,
layer_5,82,LOAD INP,LOAD,0,1,0,0,0,1,0,0,pc=82 LOAD INP,,,,,,,,,0x06052798,0x0000,MEMORY READ,,,,,,,15,56,56,0,0,1,0,,,,,,,,,,,,,,,,,
layer_5,83,LOAD WGT,LOAD,0,0,0,1,1,1,0,0,pc=83 LOAD WGT,,,,,,,,,0x005fe81b,0x0000,MEMORY READ,,,,,,,4,9,36,0,0,0,0,,,,,,,,,,,,,,,,,
layer_5,84,LOAD INP,LOAD,0,1,0,0,1,0,0,0,pc=84 LOAD INP,,,,,,,,,0x06052798,0x0357,MEMORY READ,,,,,,,15,56,56,0,0,1,0,,,,,,,,,,,,,,,,,
layer_5,85,LOAD WGT,LOAD,0,0,0,1,2,0,0,0,pc=85 LOAD WGT,,,,,,,,,0x005fe8ab,0x0024,MEMORY READ,,,,,,,4,9,36,0,0,0,0,,,,,,,,,,,,,,,,,
layer_5,86,GEMM,COMPUTE,1,0,1,0,1,1,0,0,pc=86 GEMM,,,,,,,,,,,,,,,,,,,,,,,,,0,14,98,28,0,2,1,3,1,1,0,,,,,,
layer_5,87,GEMM,COMPUTE,1,0,1,0,0,2,0,0,pc=87 GEMM,,,,,,,,,,,,,,,,,,,,,,,,,0,98,182,28,0,2,1,3,1,1,0,,,,,,
layer_5,88,NOP-MEMORY-STAGE,LOAD,0,1,0,0,0,1,0,0,pc=88 NOP-MEMORY-STAGE,,,,,,,,,,,,,,,,,,,,,,,,,,,,,,,,,,,,,,,,,
layer_5,89,LOAD ACC,COMPUTE,0,0,0,0,0,1,0,0,pc=89 LOAD ACC,,,,,,,,,0x005e0d40,0x0310,MEMORY READ,,,,,,,1,4,4,0,0,0,0,,,,,,,,,,,,,,,,,
layer_5,90,ALU - add,COMPUTE,0,0,0,0,0,1,0,0,pc=90 ALU - add,,,,,,,,,,,,,,,,,,,,,,,,,0,182,183,,,,,,,,,4,196,1,196,1,0
layer_5,91,ALU - max imm,COMPUTE,0,0,0,0,0,1,0,0,pc=91 ALU - max imm,,,,,,,,,,,,,,,,,,,,,,,,,0,183,184,,,,,,,,,1,0,0,784,1,1
layer_5,92,ALU - add imm,COMPUTE,0,0,0,0,0,1,0,0,pc=92 ALU - add imm,,,,,,,,,,,,,,,,,,,,,,,,,0,184,185,,,,,,,,,1,0,0,784,1,1
layer_5,93,ALU - shr,COMPUTE,0,0,0,0,0,1,0,0,pc=93 ALU - shr,,,,,,,,,,,,,,,,,,,,,,,,,0,185,186,,,,,,,,,1,0,0,784,1,1
layer_5,94,ALU - min imm,COMPUTE,0,0,0,0,0,1,0,0,pc=94 ALU - min imm,,,,,,,,,,,,,,,,,,,,,,,,,0,186,187,,,,,,,,,1,0,0,784,1,1
layer_5,95,ALU - max imm,COMPUTE,0,0,0,1,0,1,0,1,pc=95 ALU - max imm,,,,,,,,,,,,,,,,,,,,,,,,,0,187,188,,,,,,,,,1,0,0,784,1,1
layer_5,96,LOAD ACC,COMPUTE,0,0,0,0,0,1,0,1,pc=96 LOAD ACC,,,,,,,,,0x005e0d44,0x0624,MEMORY READ,,,,,,,1,4,4,0,0,0,0,,,,,,,,,,,,,,,,,
layer_5,97,ALU - add,COMPUTE,0,0,0,0,0,1,0,1,pc=97 ALU - add,,,,,,,,,,,,,,,,,,,,,,,,,0,188,189,,,,,,,,,4,196,1,196,1,0
layer_5,98,ALU - max imm,COMPUTE,0,0,0,0,0,1,0,1,pc=98 ALU - max imm,,,,,,,,,,,,,,,,,,,,,,,,,0,189,190,,,,,,,,,1,0,0,784,1,1
layer_5,99,ALU - add imm,COMPUTE,0,0,0,0,0,1,0,1,pc=99 ALU - add imm,,,,,,,,,,,,,,,,,,,,,,,,,0,190,191,,,,,,,,,1,0,0,784,1,1
layer_5,100,ALU - shr,COMPUTE,0,0,0,0,0,1,0,1,pc=100 ALU - shr,,,,,,,,,,,,,,,,,,,,,,,,,0,191,192,,,,,,,,,1,0,0,784,1,1
layer_5,101,ALU - min imm,COMPUTE,0,0,0,0,0,1,0,1,pc=101 ALU - min imm,,,,,,,,,,,,,,,,,,,,,,,,,0,192,193,,,,,,,,,1,0,0,784,1,1
layer_5,102,ALU - max imm,COMPUTE,0,0,0,1,0,1,0,2,pc=102 ALU - max imm,,,,,,,,,,,,,,,,,,,,,,,,,0,193,194,,,,,,,,,1,0,0,784,1,1
layer_5,103,STORE,STORE,1,0,1,0,0,1,1,1,pc=103 STORE,,,,,,,,,0x05fea0c4,0x0000,MEMORY WRITE,,,,,,,4,196,784,0,0,0,0,,,,,,,,,,,,,,,,,
layer_5,104,STORE,STORE,1,0,1,0,0,1,2,0,pc=104 STORE,,,,,,,,,0x05fead04,0x0314,MEMORY WRITE,,,,,,,4,196,784,0,0,0,0,,,,,,,,,,,,,,,,,
layer_5,105,GEMM,COMPUTE,0,1,1,0,0,2,1,0,pc=105 GEMM,,,,,,,,,,,,,,,,,,,,,,,,,1,0,7,28,0,0,1,4,0,0,196,,,,,,
layer_5,106,GEMM,COMPUTE,0,1,1,0,0,3,0,0,pc=106 GEMM,,,,,,,,,,,,,,,,,,,,,,,,,1,7,14,28,0,0,1,4,0,0,196,,,,,,
layer_5,107,NOP-MEMORY-STAGE,LOAD,0,1,0,0,0,2,0,0,pc=107 NOP-MEMORY-STAGE,,,,,,,,,,,,,,,,,,,,,,,,,,,,,,,,,,,,,,,,,
layer_5,108,LOAD INP,LOAD,0,1,0,0,0,1,0,0,pc=108 LOAD INP,,,,,,,,,0x060505e8,0x0000,MEMORY READ,,,,,,,15,56,56,0,0,1,0,,,,,,,,,,,,,,,,,
layer_5,109,LOAD WGT,LOAD,0,0,0,1,1,1,0,0,pc=109 LOAD WGT,,,,,,,,,0x005fe800,0x0000,MEMORY READ,,,,,,,4,9,36,0,0,0,0,,,,,,,,,,,,,,,,,
layer_5,110,LOAD INP,LOAD,0,1,0,0,1,0,0,0,pc=110 LOAD INP,,,,,,,,,0x060505e8,0x0357,MEMORY READ,,,,,,,15,56,56,0,0,1,0,,,,,,,,,,,,,,,,,
layer_5,111,LOAD WGT,LOAD,0,0,0,1,2,0,0,0,pc=111 LOAD WGT,,,,,,,,,0x005fe890,0x0024,MEMORY READ,,,,,,,4,9,36,0,0,0,0,,,,,,,,,,,,,,,,,
layer_5,112,GEMM,COMPUTE,1,0,1,0,1,1,0,0,pc=112 GEMM,,,,,,,,,,,,,,,,,,,,,,,,,0,14,98,28,0,2,1,3,1,1,0,,,,,,
layer_5,113,GEMM,COMPUTE,1,0,1,0,0,2,0,0,pc=113 GEMM,,,,,,,,,,,,,,,,,,,,,,,,,0,98,182,28,0,2,1,3,1,1,0,,,,,,
layer_5,114,LOAD INP,LOAD,0,1,0,0,0,1,0,0,pc=114 LOAD INP,,,,,,,,,0x06051228,0x0000,MEMORY READ,,,,,,,15,56,56,0,0,1,0,,,,,,,,,,,,,,,,,
layer_5,115,LOAD WGT,LOAD,0,0,0,1,1,1,0,0,pc=115 LOAD WGT,,,,,,,,,0x005fe809,0x0000,MEMORY READ,,,,,,,4,9,36,0,0,0,0,,,,,,,,,,,,,,,,,
layer_5,116,LOAD INP,LOAD,0,1,0,0,1,0,0,0,pc=116 LOAD INP,,,,,,,,,0x06051228,0x0357,MEMORY READ,,,,,,,15,56,56,0,0,1,0,,,,,,,,,,,,,,,,,
layer_5,117,LOAD WGT,LOAD,0,0,0,1,2,0,0,0,pc=117 LOAD WGT,,,,,,,,,0x005fe899,0x0024,MEMORY READ,,,,,,,4,9,36,0,0,0,0,,,,,,,,,,,,,,,,,
layer_5,118,GEMM,COMPUTE,1,0,1,0,1,1,0,0,pc=118 GEMM,,,,,,,,,,,,,,,,,,,,,,,,,0,14,98,28,0,2,1,3,1,1,0,,,,,,
layer_5,119,GEMM,COMPUTE,1,0,1,0,0,2,0,0,pc=119 GEMM,,,,,,,,,,,,,,,,,,,,,,,,,0,98,182,28,0,2,1,3,1,1,0,,,,,,
layer_5,120,LOAD INP,LOAD,0,1,0,0,0,1,0,0,pc=120 LOAD INP,,,,,,,,,0x06051e68,0x0000,MEMORY READ,,,,,,,15,56,56,0,0,1,0,,,,,,,,,,,,,,,,,
layer_5,121,LOAD WGT,LOAD,0,0,0,1,1,1,0,0,pc=121 LOAD WGT,,,,,,,,,0x005fe812,0x0000,MEMORY READ,,,,,,,4,9,36,0,0,0,0,,,,,,,,,,,,,,,,,
layer_5,122,LOAD INP,LOAD,0,1,0,0,1,0,0,0,pc=122 LOAD INP,,,,,,,,,0x06051e68,0x0357,MEMORY READ,,,,,,,15,56,56,0,0,1,0,,,,,,,,,,,,,,,,,
layer_5,123,LOAD WGT,LOAD,0,0,0,1,2,0,0,0,pc=123 LOAD WGT,,,,,,,,,0x005fe8a2,0x0024,MEMORY READ,,,,,,,4,9,36,0,0,0,0,,,,,,,,,,,,,,,,,
layer_5,124,GEMM,COMPUTE,1,0,1,0,1,1,0,0,pc=124 GEMM,,,,,,,,,,,,,,,,,,,,,,,,,0,14,98,28,0,2,1,3,1,1,0,,,,,,
layer_5,125,GEMM,COMPUTE,1,0,1,0,0,2,0,0,pc=125 GEMM,,,,,,,,,,,,,,,,,,,,,,,,,0,98,182,28,0,2,1,3,1,1,0,,,,,,
layer_5,126,LOAD INP,LOAD,0,1,0,0,0,1,0,0,pc=126 LOAD INP,,,,,,,,,0x06052aa8,0x0000,MEMORY READ,,,,,,,15,56,56,0,0,1,0,,,,,,,,,,,,,,,,,
layer_5,127,LOAD WGT,LOAD,0,0,0,1,1,1,0,0,pc=127 LOAD WGT,,,,,,,,,0x005fe81b,0x0000,MEMORY READ,,,,,,,4,9,36,0,0,0,0,,,,,,,,,,,,,,,,,
layer_5,128,LOAD INP,LOAD,0,1,0,0,1,0,0,0,pc=128 LOAD INP,,,,,,,,,0x06052aa8,0x0357,MEMORY READ,,,,,,,15,56,56,0,0,1,0,,,,,,,,,,,,,,,,,
layer_5,129,LOAD WGT,LOAD,0,0,0,1,2,0,0,0,pc=129 LOAD WGT,,,,,,,,,0x005fe8ab,0x0024,MEMORY READ,,,,,,,4,9,36,0,0,0,0,,,,,,,,,,,,,,,,,
layer_5,130,GEMM,COMPUTE,1,0,1,0,1,1,0,0,pc=130 GEMM,,,,,,,,,,,,,,,,,,,,,,,,,0,14,98,28,0,2,1,3,1,1,0,,,,,,
layer_5,131,GEMM,COMPUTE,1,0,1,0,0,2,0,0,pc=131 GEMM,,,,,,,,,,,,,,,,,,,,,,,,,0,98,182,28,0,2,1,3,1,1,0,,,,,,
layer_5,132,NOP-MEMORY-STAGE,LOAD,0,1,0,0,0,1,0,0,pc=132 NOP-MEMORY-STAGE,,,,,,,,,,,,,,,,,,,,,,,,,,,,,,,,,,,,,,,,,
layer_5,133,LOAD ACC,COMPUTE,0,0,0,0,0,1,0,0,pc=133 LOAD ACC,,,,,,,,,0x005e0d40,0x0310,MEMORY READ,,,,,,,1,4,4,0,0,0,0,,,,,,,,,,,,,,,,,
layer_5,134,ALU - add,COMPUTE,0,0,0,0,0,1,0,0,pc=134 ALU - add,,,,,,,,,,,,,,,,,,,,,,,,,0,182,183,,,,,,,,,4,196,1,196,1,0
layer_5,135,ALU - max imm,COMPUTE,0,0,0,0,0,1,0,0,pc=135 ALU - max imm,,,,,,,,,,,,,,,,,,,,,,,,,0,183,184,,,,,,,,,1,0,0,784,1,1
layer_5,136,ALU - add imm,COMPUTE,0,0,0,0,0,1,0,0,pc=136 ALU - add imm,,,,,,,,,,,,,,,,,,,,,,,,,0,184,185,,,,,,,,,1,0,0,784,1,1
layer_5,137,ALU - shr,COMPUTE,0,0,0,0,0,1,0,0,pc=137 ALU - shr,,,,,,,,,,,,,,,,,,,,,,,,,0,185,186,,,,,,,,,1,0,0,784,1,1
layer_5,138,ALU - min imm,COMPUTE,0,0,0,0,0,1,0,0,pc=138 ALU - min imm,,,,,,,,,,,,,,,,,,,,,,,,,0,186,187,,,,,,,,,1,0,0,784,1,1
layer_5,139,ALU - max imm,COMPUTE,0,0,0,1,0,1,0,1,pc=139 ALU - max imm,,,,,,,,,,,,,,,,,,,,,,,,,0,187,188,,,,,,,,,1,0,0,784,1,1
layer_5,140,LOAD ACC,COMPUTE,0,0,0,0,0,1,0,1,pc=140 LOAD ACC,,,,,,,,,0x005e0d44,0x0624,MEMORY READ,,,,,,,1,4,4,0,0,0,0,,,,,,,,,,,,,,,,,
layer_5,141,ALU - add,COMPUTE,0,0,0,0,0,1,0,1,pc=141 ALU - add,,,,,,,,,,,,,,,,,,,,,,,,,0,188,189,,,,,,,,,4,196,1,196,1,0
layer_5,142,ALU - max imm,COMPUTE,0,0,0,0,0,1,0,1,pc=142 ALU - max imm,,,,,,,,,,,,,,,,,,,,,,,,,0,189,190,,,,,,,,,1,0,0,784,1,1
layer_5,143,ALU - add imm,COMPUTE,0,0,0,0,0,1,0,1,pc=143 ALU - add imm,,,,,,,,,,,,,,,,,,,,,,,,,0,190,191,,,,,,,,,1,0,0,784,1,1
layer_5,144,ALU - shr,COMPUTE,0,0,0,0,0,1,0,1,pc=144 ALU - shr,,,,,,,,,,,,,,,,,,,,,,,,,0,191,192,,,,,,,,,1,0,0,784,1,1
layer_5,145,ALU - min imm,COMPUTE,0,0,0,0,0,1,0,1,pc=145 ALU - min imm,,,,,,,,,,,,,,,,,,,,,,,,,0,192,193,,,,,,,,,1,0,0,784,1,1
layer_5,146,ALU - max imm,COMPUTE,0,0,0,1,0,1,0,2,pc=146 ALU - max imm,,,,,,,,,,,,,,,,,,,,,,,,,0,193,194,,,,,,,,,1,0,0,784,1,1
layer_5,147,STORE,STORE,1,0,1,0,0,1,1,1,pc=147 STORE,,,,,,,,,0x05fea188,0x0000,MEMORY WRITE,,,,,,,4,196,784,0,0,0,0,,,,,,,,,,,,,,,,,
layer_5,148,STORE,STORE,1,0,1,0,0,1,2,0,pc=148 STORE,,,,,,,,,0x05feadc8,0x0314,MEMORY WRITE,,,,,,,4,196,784,0,0,0,0,,,,,,,,,,,,,,,,,
layer_5,149,GEMM,COMPUTE,0,1,1,0,0,2,1,0,pc=149 GEMM,,,,,,,,,,,,,,,,,,,,,,,,,1,0,7,28,0,0,1,4,0,0,196,,,,,,
layer_5,150,GEMM,COMPUTE,0,1,1,0,0,3,0,0,pc=150 GEMM,,,,,,,,,,,,,,,,,,,,,,,,,1,7,14,28,0,0,1,4,0,0,196,,,,,,
layer_5,151,NOP-MEMORY-STAGE,LOAD,0,1,0,0,0,2,0,0,pc=151 NOP-MEMORY-STAGE,,,,,,,,,,,,,,,,,,,,,,,,,,,,,,,,,,,,,,,,,
layer_5,152,LOAD INP,LOAD,0,1,0,0,0,1,0,0,pc=152 LOAD INP,,,,,,,,,0x060508f8,0x0000,MEMORY READ,,,,,,,15,56,56,0,0,1,0,,,,,,,,,,,,,,,,,
layer_5,153,LOAD WGT,LOAD,0,0,0,1,1,1,0,0,pc=153 LOAD WGT,,,,,,,,,0x005fe800,0x0000,MEMORY READ,,,,,,,4,9,36,0,0,0,0,,,,,,,,,,,,,,,,,
layer_5,154,LOAD INP,LOAD,0,1,0,0,1,0,0,0,pc=154 LOAD INP,,,,,,,,,0x060508f8,0x0357,MEMORY READ,,,,,,,15,56,56,0,0,1,0,,,,,,,,,,,,,,,,,
layer_5,155,LOAD WGT,LOAD,0,0,0,1,2,0,0,0,pc=155 LOAD WGT,,,,,,,,,0x005fe890,0x0024,MEMORY READ,,,,,,,4,9,36,0,0,0,0,,,,,,,,,,,,,,,,,
layer_5,156,GEMM,COMPUTE,1,0,1,0,1,1,0,0,pc=156 GEMM,,,,,,,,,,,,,,,,,,,,,,,,,0,14,98,28,0,2,1,3,1,1,0,,,,,,
layer_5,157,GEMM,COMPUTE,1,0,1,0,0,2,0,0,pc=157 GEMM,,,,,,,,,,,,,,,,,,,,,,,,,0,98,182,28,0,2,1,3,1,1,0,,,,,,
layer_5,158,LOAD INP,LOAD,0,1,0,0,0,1,0,0,pc=158 LOAD INP,,,,,,,,,0x06051538,0x0000,MEMORY READ,,,,,,,15,56,56,0,0,1,0,,,,,,,,,,,,,,,,,
layer_5,159,LOAD WGT,LOAD,0,0,0,1,1,1,0,0,pc=159 LOAD WGT,,,,,,,,,0x005fe809,0x0000,MEMORY READ,,,,,,,4,9,36,0,0,0,0,,,,,,,,,,,,,,,,,
layer_5,160,LOAD INP,LOAD,0,1,0,0,1,0,0,0,pc=160 LOAD INP,,,,,,,,,0x06051538,0x0357,MEMORY READ,,,,,,,15,56,56,0,0,1,0,,,,,,,,,,,,,,,,,
layer_5,161,LOAD WGT,LOAD,0,0,0,1,2,0,0,0,pc=161 LOAD WGT,,,,,,,,,0x005fe899,0x0024,MEMORY READ,,,,,,,4,9,36,0,0,0,0,,,,,,,,,,,,,,,,,
layer_5,162,GEMM,COMPUTE,1,0,1,0,1,1,0,0,pc=162 GEMM,,,,,,,,,,,,,,,,,,,,,,,,,0,14,98,28,0,2,1,3,1,1,0,,,,,,
layer_5,163,GEMM,COMPUTE,1,0,1,0,0,2,0,0,pc=163 GEMM,,,,,,,,,,,,,,,,,,,,,,,,,0,98,182,28,0,2,1,3,1,1,0,,,,,,
layer_5,164,LOAD INP,LOAD,0,1,0,0,0,1,0,0,pc=164 LOAD INP,,,,,,,,,0x06052178,0x0000,MEMORY READ,,,,,,,15,56,56,0,0,1,0,,,,,,,,,,,,,,,,,
layer_5,165,LOAD WGT,LOAD,0,0,0,1,1,1,0,0,pc=165 LOAD WGT,,,,,,,,,0x005fe812,0x0000,MEMORY READ,,,,,,,4,9,36,0,0,0,0,,,,,,,,,,,,,,,,,
layer_5,166,LOAD INP,LOAD,0,1,0,0,1,0,0,0,pc=166 LOAD INP,,,,,,,,,0x06052178,0x0357,MEMORY READ,,,,,,,15,56,56,0,0,1,0,,,,,,,,,,,,,,,,,
layer_5,167,LOAD WGT,LOAD,0,0,0,1,2,0,0,0,pc=167 LOAD WGT,,,,,,,,,0x005fe8a2,0x0024,MEMORY READ,,,,,,,4,9,36,0,0,0,0,,,,,,,,,,,,,,,,,
layer_5,168,GEMM,COMPUTE,1,0,1,0,1,1,0,0,pc=168 GEMM,,,,,,,,,,,,,,,,,,,,,,,,,0,14,98,28,0,2,1,3,1,1,0,,,,,,
layer_5,169,GEMM,COMPUTE,1,0,1,0,0,2,0,0,pc=169 GEMM,,,,,,,,,,,,,,,,,,,,,,,,,0,98,182,28,0,2,1,3,1,1,0,,,,,,
layer_5,170,LOAD INP,LOAD,0,1,0,0,0,1,0,0,pc=170 LOAD INP,,,,,,,,,0x06052db8,0x0000,MEMORY READ,,,,,,,15,56,56,0,0,1,0,,,,,,,,,,,,,,,,,
layer_5,171,LOAD WGT,LOAD,0,0,0,1,1,1,0,0,pc=171 LOAD WGT,,,,,,,,,0x005fe81b,0x0000,MEMORY READ,,,,,,,4,9,36,0,0,0,0,,,,,,,,,,,,,,,,,
layer_5,172,LOAD INP,LOAD,0,1,0,0,1,0,0,0,pc=172 LOAD INP,,,,,,,,,0x06052db8,0x0357,MEMORY READ,,,,,,,15,56,56,0,0,1,0,,,,,,,,,,,,,,,,,
layer_5,173,LOAD WGT,LOAD,0,0,0,1,2,0,0,0,pc=173 LOAD WGT,,,,,,,,,0x005fe8ab,0x0024,MEMORY READ,,,,,,,4,9,36,0,0,0,0,,,,,,,,,,,,,,,,,
layer_5,174,GEMM,COMPUTE,1,0,1,0,1,1,0,0,pc=174 GEMM,,,,,,,,,,,,,,,,,,,,,,,,,0,14,98,28,0,2,1,3,1,1,0,,,,,,
layer_5,175,GEMM,COMPUTE,1,0,1,0,0,2,0,0,pc=175 GEMM,,,,,,,,,,,,,,,,,,,,,,,,,0,98,182,28,0,2,1,3,1,1,0,,,,,,
layer_5,176,NOP-MEMORY-STAGE,LOAD,0,1,0,0,0,1,0,0,pc=176 NOP-MEMORY-STAGE,,,,,,,,,,,,,,,,,,,,,,,,,,,,,,,,,,,,,,,,,
layer_5,177,LOAD ACC,COMPUTE,0,0,0,0,0,1,0,0,pc=177 LOAD ACC,,,,,,,,,0x005e0d40,0x0310,MEMORY READ,,,,,,,1,4,4,0,0,0,0,,,,,,,,,,,,,,,,,
layer_5,178,ALU - add,COMPUTE,0,0,0,0,0,1,0,0,pc=178 ALU - add,,,,,,,,,,,,,,,,,,,,,,,,,0,182,183,,,,,,,,,4,196,1,196,1,0
layer_5,179,ALU - max imm,COMPUTE,0,0,0,0,0,1,0,0,pc=179 ALU - max imm,,,,,,,,,,,,,,,,,,,,,,,,,0,183,184,,,,,,,,,1,0,0,784,1,1
layer_5,180,ALU - add imm,COMPUTE,0,0,0,0,0,1,0,0,pc=180 ALU - add imm,,,,,,,,,,,,,,,,,,,,,,,,,0,184,185,,,,,,,,,1,0,0,784,1,1
layer_5,181,ALU - shr,COMPUTE,0,0,0,0,0,1,0,0,pc=181 ALU - shr,,,,,,,,,,,,,,,,,,,,,,,,,0,185,186,,,,,,,,,1,0,0,784,1,1
layer_5,182,ALU - min imm,COMPUTE,0,0,0,0,0,1,0,0,pc=182 ALU - min imm,,,,,,,,,,,,,,,,,,,,,,,,,0,186,187,,,,,,,,,1,0,0,784,1,1
layer_5,183,ALU - max imm,COMPUTE,0,0,0,1,0,1,0,1,pc=183 ALU - max imm,,,,,,,,,,,,,,,,,,,,,,,,,0,187,188,,,,,,,,,1,0,0,784,1,1
layer_5,184,LOAD ACC,COMPUTE,0,0,0,0,0,1,0,1,pc=184 LOAD ACC,,,,,,,,,0x005e0d44,0x0624,MEMORY READ,,,,,,,1,4,4,0,0,0,0,,,,,,,,,,,,,,,,,
layer_5,185,ALU - add,COMPUTE,0,0,0,0,0,1,0,1,pc=185 ALU - add,,,,,,,,,,,,,,,,,,,,,,,,,0,188,189,,,,,,,,,4,196,1,196,1,0
layer_5,186,ALU - max imm,COMPUTE,0,0,0,0,0,1,0,1,pc=186 ALU - max imm,,,,,,,,,,,,,,,,,,,,,,,,,0,189,190,,,,,,,,,1,0,0,784,1,1
layer_5,187,ALU - add imm,COMPUTE,0,0,0,0,0,1,0,1,pc=187 ALU - add imm,,,,,,,,,,,,,,,,,,,,,,,,,0,190,191,,,,,,,,,1,0,0,784,1,1
layer_5,188,ALU - shr,COMPUTE,0,0,0,0,0,1,0,1,pc=188 ALU - shr,,,,,,,,,,,,,,,,,,,,,,,,,0,191,192,,,,,,,,,1,0,0,784,1,1
layer_5,189,ALU - min imm,COMPUTE,0,0,0,0,0,1,0,1,pc=189 ALU - min imm,,,,,,,,,,,,,,,,,,,,,,,,,0,192,193,,,,,,,,,1,0,0,784,1,1
layer_5,190,ALU - max imm,COMPUTE,0,0,0,1,0,1,0,2,pc=190 ALU - max imm,,,,,,,,,,,,,,,,,,,,,,,,,0,193,194,,,,,,,,,1,0,0,784,1,1
layer_5,191,STORE,STORE,1,0,1,0,0,1,1,1,pc=191 STORE,,,,,,,,,0x05fea24c,0x0000,MEMORY WRITE,,,,,,,4,196,784,0,0,0,0,,,,,,,,,,,,,,,,,
layer_5,192,STORE,STORE,1,0,1,0,0,1,2,0,pc=192 STORE,,,,,,,,,0x05feae8c,0x0314,MEMORY WRITE,,,,,,,4,196,784,0,0,0,0,,,,,,,,,,,,,,,,,
layer_5,193,NOP-COMPUTE-STAGE,COMPUTE,0,1,0,0,0,1,1,0,pc=193 NOP-COMPUTE-STAGE,,,,,,,,,,,,,,,,,,,,,,,,,,,,,,,,,,,,,,,,,
layer_5,194,NOP-STORE-STAGE,STORE,0,0,1,0,0,1,2,0,pc=194 NOP-STORE-STAGE,,,,,,,,,,,,,,,,,,,,,,,,,,,,,,,,,,,,,,,,,
layer_5,195,NOP-MEMORY-STAGE,LOAD,0,1,0,0,0,0,2,0,pc=195 NOP-MEMORY-STAGE,,,,,,,,,,,,,,,,,,,,,,,,,,,,,,,,,,,,,,,,,
layer_5,196,NOP-MEMORY-STAGE,LOAD,0,0,0,1,1,0,2,0,pc=196 NOP-MEMORY-STAGE,,,,,,,,,,,,,,,,,,,,,,,,,,,,,,,,,,,,,,,,,
layer_5,197,NOP-COMPUTE-STAGE,COMPUTE,0,1,0,0,1,0,1,0,pc=197 NOP-COMPUTE-STAGE,,,,,,,,,,,,,,,,,,,,,,,,,,,,,,,,,,,,,,,,,
layer_5,198,NOP-COMPUTE-STAGE,COMPUTE,1,1,0,0,0,0,0,0,pc=198 NOP-COMPUTE-STAGE,,,,,,,,,,,,,,,,,,,,,,,,,,,,,,,,,,,,,,,,,
layer_5,199,FINISH,COMPUTE,,,,,0,0,0,0,pc=199 FINISH,,,,,,,,,,,,,,,,,,,,,,,,,,,,,,,,,,,,,,,,,
layer_6,0,NOP-STORE-STAGE,STORE,0,0,1,0,0,0,1,0,pc=0 NOP-STORE-STAGE,,,,,,,,,,,,,,,,,,,,,,,,,,,,,,,,,,,,,,,,,
layer_6,1,NOP-STORE-STAGE,STORE,0,0,1,0,0,0,2,0,pc=1 NOP-STORE-STAGE,,,,,,,,,,,,,,,,,,,,,,,,,,,,,,,,,,,,,,,,,
layer_6,2,LOAD UOP,COMPUTE,0,1,0,0,0,0,1,0,pc=2 LOAD UOP,,,,,,,,,0x18580000,0x0000,MEMORY READ,,,,,,,1,14,14,0,0,0,0,,,,,,,,,,,,,,,,,
layer_6,3,GEMM,COMPUTE,0,0,1,0,0,1,1,0,pc=3 GEMM,,,,,,,,,,,,,,,,,,,,,,,,,1,0,14,28,0,0,1,2,0,0,392,,,,,,
layer_6,4,LOAD UOP,COMPUTE,0,1,0,0,0,1,0,0,pc=4 LOAD UOP,,,,,,,,,0x1858000e,0x000e,MEMORY READ,,,,,,,1,14,14,0,0,0,0,,,,,,,,,,,,,,,,,
layer_6,5,GEMM,COMPUTE,0,0,1,0,0,2,0,0,pc=5 GEMM,,,,,,,,,,,,,,,,,,,,,,,,,1,14,28,28,0,0,1,2,0,0,392,,,,,,
layer_6,6,LOAD INP,LOAD,0,1,0,0,0,1,0,0,pc=6 LOAD INP,,,,,,,,,0x05fea000,0x0000,MEMORY READ,,,,,,,15,28,28,1,0,1,1,,,,,,,,,,,,,,,,,
layer_6,7,LOAD WGT,LOAD,0,0,0,1,1,1,0,0,pc=7 LOAD WGT,,,,,,,,,0x005fec00,0x0000,MEMORY READ,,,,,,,2,9,72,0,0,0,0,,,,,,,,,,,,,,,,,
layer_6,8,LOAD INP,LOAD,0,1,0,0,1,0,0,0,pc=8 LOAD INP,,,,,,,,,0x05fea16c,0x01e0,MEMORY READ,,,,,,,15,28,28,0,1,1,1,,,,,,,,,,,,,,,,,
layer_6,9,LOAD WGT,LOAD,0,0,0,1,2,0,0,0,pc=9 LOAD WGT,,,,,,,,,0x005fec00,0x0012,MEMORY READ,,,,,,,2,9,72,0,0,0,0,,,,,,,,,,,,,,,,,
layer_6,10,LOAD UOP,COMPUTE,1,0,0,0,1,0,0,0,pc=10 LOAD UOP,,,,,,,,,0x1858001c,0x001c,MEMORY READ,,,,,,,1,84,84,0,0,0,0,,,,,,,,,,,,,,,,,
layer_6,11,GEMM,COMPUTE,0,0,1,0,1,1,0,0,pc=11 GEMM,,,,,,,,,,,,,,,,,,,,,,,,,0,28,112,28,0,1,1,3,1,1,0,,,,,,
layer_6,12,LOAD UOP,COMPUTE,1,0,0,0,0,1,0,0,pc=12 LOAD UOP,,,,,,,,,0x18580070,0x0070,MEMORY READ,,,,,,,1,84,84,0,0,0,0,,,,,,,,,,,,,,,,,
layer_6,13,GEMM,COMPUTE,0,0,1,0,0,2,0,0,pc=13 GEMM,,,,,,,,,,,,,,,,,,,,,,,,,0,112,196,28,0,1,1,3,1,1,0,,,,,,
layer_6,14,LOAD INP,LOAD,0,1,0,0,0,1,0,0,pc=14 LOAD INP,,,,,,,,,0x05fea310,0x0000,MEMORY READ,,,,,,,15,28,28,1,0,1,1,,,,,,,,,,,,,,,,,
layer_6,15,LOAD WGT,LOAD,0,0,0,1,1,1,0,0,pc=15 LOAD WGT,,,,,,,,,0x005fec09,0x0000,MEMORY READ,,,,,,,2,9,72,0,0,0,0,,,,,,,,,,,,,,,,,
layer_6,16,LOAD INP,LOAD,0,1,0,0,1,0,0,0,pc=16 LOAD INP,,,,,,,,,0x05fea47c,0x01e0,MEMORY READ,,,,,,,15,28,28,0,1,1,1,,,,,,,,,,,,,,,,,
layer_6,17,LOAD WGT,LOAD,0,0,0,1,2,0,0,0,pc=17 LOAD WGT,,,,,,,,,0x005fec09,0x0012,MEMORY READ,,,,,,,2,9,72,0,0,0,0,,,,,,,,,,,,,,,,,
layer_6,18,GEMM,COMPUTE,1,0,1,0,1,1,0,0,pc=18 GEMM,,,,,,,,,,,,,,,,,,,,,,,,,0,28,112,28,0,1,1,3,1,1,0,,,,,,
layer_6,19,GEMM,COMPUTE,1,0,1,0,0,2,0,0,pc=19 GEMM,,,,,,,,,,,,,,,,,,,,,,,,,0,112,196,28,0,1,1,3,1,1,0,,,,,,
layer_6,20,LOAD INP,LOAD,0,1,0,0,0,1,0,0,pc=20 LOAD INP,,,,,,,,,0x05fea620,0x0000,MEMORY READ,,,,,,,15,28,28,1,0,1,1,,,,,,,,,,,,,,,,,
layer_6,21,LOAD WGT,LOAD,0,0,0,1,1,1,0,0,pc=21 LOAD WGT,,,,,,,,,0x005fec12,0x0000,MEMORY READ,,,,,,,2,9,72,0,0,0,0,,,,,,,,,,,,,,,,,
layer_6,22,LOAD INP,LOAD,0,1,0,0,1,0,0,0,pc=22 LOAD INP,,,,,,,,,0x05fea78c,0x01e0,MEMORY READ,,,,,,,15,28,28,0,1,1,1,,,,,,,,,,,,,,,,,
layer_6,23,LOAD WGT,LOAD,0,0,0,1,2,0,0,0,pc=23 LOAD WGT,,,,,,,,,0x005fec12,0x0012,MEMORY READ,,,,,,,2,9,72,0,0,0,0,,,,,,,,,,,,,,,,,
layer_6,24,GEMM,COMPUTE,1,0,1,0,1,1,0,0,pc=24 GEMM,,,,,,,,,,,,,,,,,,,,,,,,,0,28,112,28,0,1,1,3,1,1,0,,,,,,
layer_6,25,GEMM,COMPUTE,1,0,1,0,0,2,0,0,pc=25 GEMM,,,,,,,,,,,,,,,,,,,,,,,,,0,112,196,28,0,1,1,3,1,1,0,,,,,,
layer_6,26,LOAD INP,LOAD,0,1,0,0,0,1,0,0,pc=26 LOAD INP,,,,,,,,,0x05fea930,0x0000,MEMORY READ,,,,,,,15,28,28,1,0,1,1,,,,,,,,,,,,,,,,,
layer_6,27,LOAD WGT,LOAD,0,0,0,1,1,1,0,0,pc=27 LOAD WGT,,,,,,,,,0x005fec1b,0x0000,MEMORY READ,,,,,,,2,9,72,0,0,0,0,,,,,,,,,,,,,,,,,
layer_6,28,LOAD INP,LOAD,0,1,0,0,1,0,0,0,pc=28 LOAD INP,,,,,,,,,0x05feaa9c,0x01e0,MEMORY READ,,,,,,,15,28,28,0,1,1,1,,,,,,,,,,,,,,,,,
layer_6,29,LOAD WGT,LOAD,0,0,0,1,2,0,0,0,pc=29 LOAD WGT,,,,,,,,,0x005fec1b,0x0012,MEMORY READ,,,,,,,2,9,72,0,0,0,0,,,,,,,,,,,,,,,,,
layer_6,30,GEMM,COMPUTE,1,0,1,0,1,1,0,0,pc=30 GEMM,,,,,,,,,,,,,,,,,,,,,,,,,0,28,112,28,0,1,1,3,1,1,0,,,,,,
layer_6,31,GEMM,COMPUTE,1,0,1,0,0,2,0,0,pc=31 GEMM,,,,,,,,,,,,,,,,,,,,,,,,,0,112,196,28,0,1,1,3,1,1,0,,,,,,
layer_6,32,LOAD INP,LOAD,0,1,0,0,0,1,0,0,pc=32 LOAD INP,,,,,,,,,0x05feac40,0x0000,MEMORY READ,,,,,,,15,28,28,1,0,1,1,,,,,,,,,,,,,,,,,
layer_6,33,LOAD WGT,LOAD,0,0,0,1,1,1,0,0,pc=33 LOAD WGT,,,,,,,,,0x005fec24,0x0000,MEMORY READ,,,,,,,2,9,72,0,0,0,0,,,,,,,,,,,,,,,,,
layer_6,34,LOAD INP,LOAD,0,1,0,0,1,0,0,0,pc=34 LOAD INP,,,,,,,,,0x05feadac,0x01e0,MEMORY READ,,,,,,,15,28,28,0,1,1,1,,,,,,,,,,,,,,,,,
layer_6,35,LOAD WGT,LOAD,0,0,0,1,2,0,0,0,pc=35 LOAD WGT,,,,,,,,,0x005fec24,0x0012,MEMORY READ,,,,,,,2,9,72,0,0,0,0,,,,,,,,,,,,,,,,,
layer_6,36,GEMM,COMPUTE,1,0,1,0,1,1,0,0,pc=36 GEMM,,,,,,,,,,,,,,,,,,,,,,,,,0,28,112,28,0,1,1,3,1,1,0,,,,,,
layer_6,37,GEMM,COMPUTE,1,0,1,0,0,2,0,0,pc=37 GEMM,,,,,,,,,,,,,,,,,,,,,,,,,0,112,196,28,0,1,1,3,1,1,0,,,,,,
layer_6,38,LOAD INP,LOAD,0,1,0,0,0,1,0,0,pc=38 LOAD INP,,,,,,,,,0x05feaf50,0x0000,MEMORY READ,,,,,,,15,28,28,1,0,1,1,,,,,,,,,,,,,,,,,
layer_6,39,LOAD WGT,LOAD,0,0,0,1,1,1,0,0,pc=39 LOAD WGT,,,,,,,,,0x005fec2d,0x0000,MEMORY READ,,,,,,,2,9,72,0,0,0,0,,,,,,,,,,,,,,,,,
layer_6,40,LOAD INP,LOAD,0,1,0,0,1,0,0,0,pc=40 LOAD INP,,,,,,,,,0x05feb0bc,0x01e0,MEMORY READ,,,,,,,15,28,28,0,1,1,1,,,,,,,,,,,,,,,,,
layer_6,41,LOAD WGT,LOAD,0,0,0,1,2,0,0,0,pc=41 LOAD WGT,,,,,,,,,0x005fec2d,0x0012,MEMORY READ,,,,,,,2,9,72,0,0,0,0,,,,,,,,,,,,,,,,,
layer_6,42,GEMM,COMPUTE,1,0,1,0,1,1,0,0,pc=42 GEMM,,,,,,,,,,,,,,,,,,,,,,,,,0,28,112,28,0,1,1,3,1,1,0,,,,,,
layer_6,43,GEMM,COMPUTE,1,0,1,0,0,2,0,0,pc=43 GEMM,,,,,,,,,,,,,,,,,,,,,,,,,0,112,196,28,0,1,1,3,1,1,0,,,,,,
layer_6,44,LOAD INP,LOAD,0,1,0,0,0,1,0,0,pc=44 LOAD INP,,,,,,,,,0x05feb260,0x0000,MEMORY READ,,,,,,,15,28,28,1,0,1,1,,,,,,,,,,,,,,,,,
layer_6,45,LOAD WGT,LOAD,0,0,0,1,1,1,0,0,pc=45 LOAD WGT,,,,,,,,,0x005fec36,0x0000,MEMORY READ,,,,,,,2,9,72,0,0,0,0,,,,,,,,,,,,,,,,,
layer_6,46,LOAD INP,LOAD,0,1,0,0,1,0,0,0,pc=46 LOAD INP,,,,,,,,,0x05feb3cc,0x01e0,MEMORY READ,,,,,,,15,28,28,0,1,1,1,,,,,,,,,,,,,,,,,
layer_6,47,LOAD WGT,LOAD,0,0,0,1,2,0,0,0,pc=47 LOAD WGT,,,,,,,,,0x005fec36,0x0012,MEMORY READ,,,,,,,2,9,72,0,0,0,0,,,,,,,,,,,,,,,,,
layer_6,48,GEMM,COMPUTE,1,0,1,0,1,1,0,0,pc=48 GEMM,,,,,,,,,,,,,,,,,,,,,,,,,0,28,112,28,0,1,1,3,1,1,0,,,,,,
layer_6,49,GEMM,COMPUTE,1,0,1,0,0,2,0,0,pc=49 GEMM,,,,,,,,,,,,,,,,,,,,,,,,,0,112,196,28,0,1,1,3,1,1,0,,,,,,
layer_6,50,LOAD INP,LOAD,0,1,0,0,0,1,0,0,pc=50 LOAD INP,,,,,,,,,0x05feb570,0x0000,MEMORY READ,,,,,,,15,28,28,1,0,1,1,,,,,,,,,,,,,,,,,
layer_6,51,LOAD WGT,LOAD,0,0,0,1,1,1,0,0,pc=51 LOAD WGT,,,,,,,,,0x005fec3f,0x0000,MEMORY READ,,,,,,,2,9,72,0,0,0,0,,,,,,,,,,,,,,,,,
layer_6,52,LOAD INP,LOAD,0,1,0,0,1,0,0,0,pc=52 LOAD INP,,,,,,,,,0x05feb6dc,0x01e0,MEMORY READ,,,,,,,15,28,28,0,1,1,1,,,,,,,,,,,,,,,,,
layer_6,53,LOAD WGT,LOAD,0,0,0,1,2,0,0,0,pc=53 LOAD WGT,,,,,,,,,0x005fec3f,0x0012,MEMORY READ,,,,,,,2,9,72,0,0,0,0,,,,,,,,,,,,,,,,,
layer_6,54,GEMM,COMPUTE,1,0,1,0,1,1,0,0,pc=54 GEMM,,,,,,,,,,,,,,,,,,,,,,,,,0,28,112,28,0,1,1,3,1,1,0,,,,,,
layer_6,55,GEMM,COMPUTE,1,0,1,0,0,2,0,0,pc=55 GEMM,,,,,,,,,,,,,,,,,,,,,,,,,0,112,196,28,0,1,1,3,1,1,0,,,,,,
layer_6,56,NOP-MEMORY-STAGE,LOAD,0,1,0,0,0,1,0,0,pc=56 NOP-MEMORY-STAGE,,,,,,,,,,,,,,,,,,,,,,,,,,,,,,,,,,,,,,,,,
layer_6,57,LOAD ACC,COMPUTE,0,0,0,0,0,1,0,0,pc=57 LOAD ACC,,,,,,,,,0x005e0d80,0x0310,MEMORY READ,,,,,,,1,2,2,0,0,0,0,,,,,,,,,,,,,,,,,
layer_6,58,LOAD UOP,COMPUTE,0,0,0,0,0,1,0,0,pc=58 LOAD UOP,,,,,,,,,0x185800c4,0x00c4,MEMORY READ,,,,,,,1,1,1,0,0,0,0,,,,,,,,,,,,,,,,,
layer_6,59,ALU - add,COMPUTE,0,0,0,0,0,1,0,0,pc=59 ALU - add,,,,,,,,,,,,,,,,,,,,,,,,,0,196,197,,,,,,,,,2,392,1,392,1,0
layer_6,60,LOAD UOP,COMPUTE,0,0,0,0,0,1,0,0,pc=60 LOAD UOP,,,,,,,,,0x185800c5,0x00c5,MEMORY READ,,,,,,,1,1,1,0,0,0,0,,,,,,,,,,,,,,,,,
layer_6,61,ALU - add imm,COMPUTE,0,0,0,0,0,1,0,0,pc=61 ALU - add imm,,,,,,,,,,,,,,,,,,,,,,,,,0,197,198,,,,,,,,,1,0,0,784,1,1
layer_6,62,LOAD UOP,COMPUTE,0,0,0,0,0,1,0,0,pc=62 LOAD UOP,,,,,,,,,0x185800c6,0x00c6,MEMORY READ,,,,,,,1,1,1,0,0,0,0,,,,,,,,,,,,,,,,,
layer_6,63,ALU - shr,COMPUTE,0,0,0,0,0,1,0,0,pc=63 ALU - shr,,,,,,,,,,,,,,,,,,,,,,,,,0,198,199,,,,,,,,,1,0,0,784,1,1
layer_6,64,LOAD UOP,COMPUTE,0,0,0,0,0,1,0,0,pc=64 LOAD UOP,,,,,,,,,0x185800c7,0x00c7,MEMORY READ,,,,,,,1,1,1,0,0,0,0,,,,,,,,,,,,,,,,,
layer_6,65,ALU - min imm,COMPUTE,0,0,0,0,0,1,0,0,pc=65 ALU - min imm,,,,,,,,,,,,,,,,,,,,,,,,,0,199,200,,,,,,,,,1,0,0,784,1,1
layer_6,66,LOAD UOP,COMPUTE,0,0,0,0,0,1,0,0,pc=66 LOAD UOP,,,,,,,,,0x185800c8,0x00c8,MEMORY READ,,,,,,,1,1,1,0,0,0,0,,,,,,,,,,,,,,,,,
layer_6,67,ALU - max imm,COMPUTE,0,0,0,1,0,1,0,1,pc=67 ALU - max imm,,,,,,,,,,,,,,,,,,,,,,,,,0,200,201,,,,,,,,,1,0,0,784,1,1
layer_6,68,LOAD ACC,COMPUTE,0,0,0,0,0,1,0,1,pc=68 LOAD ACC,,,,,,,,,0x005e0d80,0x0622,MEMORY READ,,,,,,,1,2,2,0,0,0,0,,,,,,,,,,,,,,,,,
layer_6,69,LOAD UOP,COMPUTE,0,0,0,0,0,1,0,1,pc=69 LOAD UOP,,,,,,,,,0x185800c9,0x00c9,MEMORY READ,,,,,,,1,1,1,0,0,0,0,,,,,,,,,,,,,,,,,
layer_6,70,ALU - add,COMPUTE,0,0,0,0,0,1,0,1,pc=70 ALU - add,,,,,,,,,,,,,,,,,,,,,,,,,0,201,202,,,,,,,,,2,392,1,392,1,0
layer_6,71,LOAD UOP,COMPUTE,0,0,0,0,0,1,0,1,pc=71 LOAD UOP,,,,,,,,,0x185800ca,0x00ca,MEMORY READ,,,,,,,1,1,1,0,0,0,0,,,,,,,,,,,,,,,,,
layer_6,72,ALU - add imm,COMPUTE,0,0,0,0,0,1,0,1,pc=72 ALU - add imm,,,,,,,,,,,,,,,,,,,,,,,,,0,202,203,,,,,,,,,1,0,0,784,1,1
layer_6,73,LOAD UOP,COMPUTE,0,0,0,0,0,1,0,1,pc=73 LOAD UOP,,,,,,,,,0x185800cb,0x00cb,MEMORY READ,,,,,,,1,1,1,0,0,0,0,,,,,,,,,,,,,,,,,
layer_6,74,ALU - shr,COMPUTE,0,0,0,0,0,1,0,1,pc=74 ALU - shr,,,,,,,,,,,,,,,,,,,,,,,,,0,203,204,,,,,,,,,1,0,0,784,1,1
layer_6,75,LOAD UOP,COMPUTE,0,0,0,0,0,1,0,1,pc=75 LOAD UOP,,,,,,,,,0x185800cc,0x00cc,MEMORY READ,,,,,,,1,1,1,0,0,0,0,,,,,,,,,,,,,,,,,
layer_6,76,ALU - min imm,COMPUTE,0,0,0,0,0,1,0,1,pc=76 ALU - min imm,,,,,,,,,,,,,,,,,,,,,,,,,0,204,205,,,,,,,,,1,0,0,784,1,1
layer_6,77,LOAD UOP,COMPUTE,0,0,0,0,0,1,0,1,pc=77 LOAD UOP,,,,,,,,,0x185800cd,0x00cd,MEMORY READ,,,,,,,1,1,1,0,0,0,0,,,,,,,,,,,,,,,,,
layer_6,78,ALU - max imm,COMPUTE,0,0,0,1,0,1,0,2,pc=78 ALU - max imm,,,,,,,,,,,,,,,,,,,,,,,,,0,205,206,,,,,,,,,1,0,0,784,1,1
layer_6,79,STORE,STORE,1,0,1,0,0,1,1,1,pc=79 STORE,,,,,,,,,0x06050000,0x0000,MEMORY WRITE,,,,,,,2,392,784,0,0,0,0,,,,,,,,,,,,,,,,,
layer_6,80,STORE,STORE,1,0,1,0,0,1,2,0,pc=80 STORE,,,,,,,,,0x06050188,0x0312,MEMORY WRITE,,,,,,,2,392,784,0,0,0,0,,,,,,,,,,,,,,,,,
layer_6,81,GEMM,COMPUTE,0,1,1,0,0,2,1,0,pc=81 GEMM,,,,,,,,,,,,,,,,,,,,,,,,,1,0,14,28,0,0,1,2,0,0,392,,,,,,
layer_6,82,GEMM,COMPUTE,0,1,1,0,0,3,0,0,pc=82 GEMM,,,,,,,,,,,,,,,,,,,,,,,,,1,14,28,28,0,0,1,2,0,0,392,,,,,,
layer_6,83,NOP-MEMORY-STAGE,LOAD,0,1,0,0,0,2,0,0,pc=83 NOP-MEMORY-STAGE,,,,,,,,,,,,,,,,,,,,,,,,,,,,,,,,,,,,,,,,,
layer_6,84,LOAD INP,LOAD,0,1,0,0,0,1,0,0,pc=84 LOAD INP,,,,,,,,,0x05fea000,0x0000,MEMORY READ,,,,,,,15,28,28,1,0,1,1,,,,,,,,,,,,,,,,,
layer_6,85,LOAD WGT,LOAD,0,0,0,1,1,1,0,0,pc=85 LOAD WGT,,,,,,,,,0x005fec90,0x0000,MEMORY READ,,,,,,,2,9,72,0,0,0,0,,,,,,,,,,,,,,,,,
layer_6,86,LOAD INP,LOAD,0,1,0,0,1,0,0,0,pc=86 LOAD INP,,,,,,,,,0x05fea16c,0x01e0,MEMORY READ,,,,,,,15,28,28,0,1,1,1,,,,,,,,,,,,,,,,,
layer_6,87,LOAD WGT,LOAD,0,0,0,1,2,0,0,0,pc=87 LOAD WGT,,,,,,,,,0x005fec90,0x0012,MEMORY READ,,,,,,,2,9,72,0,0,0,0,,,,,,,,,,,,,,,,,
layer_6,88,GEMM,COMPUTE,1,0,1,0,1,1,0,0,pc=88 GEMM,,,,,,,,,,,,,,,,,,,,,,,,,0,28,112,28,0,1,1,3,1,1,0,,,,,,
layer_6,89,GEMM,COMPUTE,1,0,1,0,0,2,0,0,pc=89 GEMM,,,,,,,,,,,,,,,,,,,,,,,,,0,112,196,28,0,1,1,3,1,1,0,,,,,,
layer_6,90,LOAD INP,LOAD,0,1,0,0,0,1,0,0,pc=90 LOAD INP,,,,,,,,,0x05fea310,0x0000,MEMORY READ,,,,,,,15,28,28,1,0,1,1,,,,,,,,,,,,,,,,,
layer_6,91,LOAD WGT,LOAD,0,0,0,1,1,1,0,0,pc=91 LOAD WGT,,,,,,,,,0x005fec99,0x0000,MEMORY READ,,,,,,,2,9,72,0,0,0,0,,,,,,,,,,,,,,,,,
layer_6,92,LOAD INP,LOAD,0,1,0,0,1,0,0,0,pc=92 LOAD INP,,,,,,,,,0x05fea47c,0x01e0,MEMORY READ,,,,,,,15,28,28,0,1,1,1,,,,,,,,,,,,,,,,,
layer_6,93,LOAD WGT,LOAD,0,0,0,1,2,0,0,0,pc=93 LOAD WGT,,,,,,,,,0x005fec99,0x0012,MEMORY READ,,,,,,,2,9,72,0,0,0,0,,,,,,,,,,,,,,,,,
layer_6,94,GEMM,COMPUTE,1,0,1,0,1,1,0,0,pc=94 GEMM,,,,,,,,,,,,,,,,,,,,,,,,,0,28,112,28,0,1,1,3,1,1,0,,,,,,
layer_6,95,GEMM,COMPUTE,1,0,1,0,0,2,0,0,pc=95 GEMM,,,,,,,,,,,,,,,,,,,,,,,,,0,112,196,28,0,1,1,3,1,1,0,,,,,,
layer_6,96,LOAD INP,LOAD,0,1,0,0,0,1,0,0,pc=96 LOAD INP,,,,,,,,,0x05fea620,0x0000,MEMORY READ,,,,,,,15,28,28,1,0,1,1,,,,,,,,,,,,,,,,,
layer_6,97,LOAD WGT,LOAD,0,0,0,1,1,1,0,0,pc=97 LOAD WGT,,,,,,,,,0x005feca2,0x0000,MEMORY READ,,,,,,,2,9,72,0,0,0,0,,,,,,,,,,,,,,,,,
layer_6,98,LOAD INP,LOAD,0,1,0,0,1,0,0,0,pc=98 LOAD INP,,,,,,,,,0x05fea78c,0x01e0,MEMORY READ,,,,,,,15,28,28,0,1,1,1,,,,,,,,,,,,,,,,,
layer_6,99,LOAD WGT,LOAD,0,0,0,1,2,0,0,0,pc=99 LOAD WGT,,,,,,,,,0x005feca2,0x0012,MEMORY READ,,,,,,,2,9,72,0,0,0,0,,,,,,,,,,,,,,,,,
layer_6,100,GEMM,COMPUTE,1,0,1,0,1,1,0,0,pc=100 GEMM,,,,,,,,,,,,,,,,,,,,,,,,,0,28,112,28,0,1,1,3,1,1,0,,,,,,
layer_6,101,GEMM,COMPUTE,1,0,1,0,0,2,0,0,pc=101 GEMM,,,,,,,,,,,,,,,,,,,,,,,,,0,112,196,28,0,1,1,3,1,1,0,,,,,,
layer_6,102,LOAD INP,LOAD,0,1,0,0,0,1,0,0,pc=102 LOAD INP,,,,,,,,,0x05fea930,0x0000,MEMORY READ,,,,,,,15,28,28,1,0,1,1,,,,,,,,,,,,,,,,,
layer_6,103,LOAD WGT,LOAD,0,0,0,1,1,1,0,0,pc=103 LOAD WGT,,,,,,,,,0x005fecab,0x0000,MEMORY READ,,,,,,,2,9,72,0,0,0,0,,,,,,,,,,,,,,,,,
layer_6,104,LOAD INP,LOAD,0,1,0,0,1,0,0,0,pc=104 LOAD INP,,,,,,,,,0x05feaa9c,0x01e0,MEMORY READ,,,,,,,15,28,28,0,1,1,1,,,,,,,,,,,,,,,,,
layer_6,105,LOAD WGT,LOAD,0,0,0,1,2,0,0,0,pc=105 LOAD WGT,,,,,,,,,0x005fecab,0x0012,MEMORY READ,,,,,,,2,9,72,0,0,0,0,,,,,,,,,,,,,,,,,
layer_6,106,GEMM,COMPUTE,1,0,1,0,1,1,0,0,pc=106 GEMM,,,,,,,,,,,,,,,,,,,,,,,,,0,28,112,28,0,1,1,3,1,1,0,,,,,,
layer_6,107,GEMM,COMPUTE,1,0,1,0,0,2,0,0,pc=107 GEMM,,,,,,,,,,,,,,,,,,,,,,,,,0,112,196,28,0,1,1,3,1,1,0,,,,,,
layer_6,108,LOAD INP,LOAD,0,1,0,0,0,1,0,0,pc=108 LOAD INP,,,,,,,,,0x05feac40,0x0000,MEMORY READ,,,,,,,15,28,28,1,0,1,1,,,,,,,,,,,,,,,,,
layer_6,109,LOAD WGT,LOAD,0,0,0,1,1,1,0,0,pc=109 LOAD WGT,,,,,,,,,0x005fecb4,0x0000,MEMORY READ,,,,,,,2,9,72,0,0,0,0,,,,,,,,,,,,,,,,,
layer_6,110,LOAD INP,LOAD,0,1,0,0,1,0,0,0,pc=110 LOAD INP,,,,,,,,,0x05feadac,0x01e0,MEMORY READ,,,,,,,15,28,28,0,1,1,1,,,,,,,,,,,,,,,,,
layer_6,111,LOAD WGT,LOAD,0,0,0,1,2,0,0,0,pc=111 LOAD WGT,,,,,,,,,0x005fecb4,0x0012,MEMORY READ,,,,,,,2,9,72,0,0,0,0,,,,,,,,,,,,,,,,,
layer_6,112,GEMM,COMPUTE,1,0,1,0,1,1,0,0,pc=112 GEMM,,,,,,,,,,,,,,,,,,,,,,,,,0,28,112,28,0,1,1,3,1,1,0,,,,,,
layer_6,113,GEMM,COMPUTE,1,0,1,0,0,2,0,0,pc=113 GEMM,,,,,,,,,,,,,,,,,,,,,,,,,0,112,196,28,0,1,1,3,1,1,0,,,,,,
layer_6,114,LOAD INP,LOAD,0,1,0,0,0,1,0,0,pc=114 LOAD INP,,,,,,,,,0x05feaf50,0x0000,MEMORY READ,,,,,,,15,28,28,1,0,1,1,,,,,,,,,,,,,,,,,
layer_6,115,LOAD WGT,LOAD,0,0,0,1,1,1,0,0,pc=115 LOAD WGT,,,,,,,,,0x005fecbd,0x0000,MEMORY READ,,,,,,,2,9,72,0,0,0,0,,,,,,,,,,,,,,,,,
layer_6,116,LOAD INP,LOAD,0,1,0,0,1,0,0,0,pc=116 LOAD INP,,,,,,,,,0x05feb0bc,0x01e0,MEMORY READ,,,,,,,15,28,28,0,1,1,1,,,,,,,,,,,,,,,,,
layer_6,117,LOAD WGT,LOAD,0,0,0,1,2,0,0,0,pc=117 LOAD WGT,,,,,,,,,0x005fecbd,0x0012,MEMORY READ,,,,,,,2,9,72,0,0,0,0,,,,,,,,,,,,,,,,,
layer_6,118,GEMM,COMPUTE,1,0,1,0,1,1,0,0,pc=118 GEMM,,,,,,,,,,,,,,,,,,,,,,,,,0,28,112,28,0,1,1,3,1,1,0,,,,,,
layer_6,119,GEMM,COMPUTE,1,0,1,0,0,2,0,0,pc=119 GEMM,,,,,,,,,,,,,,,,,,,,,,,,,0,112,196,28,0,1,1,3,1,1,0,,,,,,
layer_6,120,LOAD INP,LOAD,0,1,0,0,0,1,0,0,pc=120 LOAD INP,,,,,,,,,0x05feb260,0x0000,MEMORY READ,,,,,,,15,28,28,1,0,1,1,,,,,,,,,,,,,,,,,
layer_6,121,LOAD WGT,LOAD,0,0,0,1,1,1,0,0,pc=121 LOAD WGT,,,,,,,,,0x005fecc6,0x0000,MEMORY READ,,,,,,,2,9,72,0,0,0,0,,,,,,,,,,,,,,,,,
layer_6,122,LOAD INP,LOAD,0,1,0,0,1,0,0,0,pc=122 LOAD INP,,,,,,,,,0x05feb3cc,0x01e0,MEMORY READ,,,,,,,15,28,28,0,1,1,1,,,,,,,,,,,,,,,,,
layer_6,123,LOAD WGT,LOAD,0,0,0,1,2,0,0,0,pc=123 LOAD WGT,,,,,,,,,0x005fecc6,0x0012,MEMORY READ,,,,,,,2,9,72,0,0,0,0,,,,,,,,,,,,,,,,,
layer_6,124,GEMM,COMPUTE,1,0,1,0,1,1,0,0,pc=124 GEMM,,,,,,,,,,,,,,,,,,,,,,,,,0,28,112,28,0,1,1,3,1,1,0,,,,,,
layer_6,125,GEMM,COMPUTE,1,0,1,0,0,2,0,0,pc=125 GEMM,,,,,,,,,,,,,,,,,,,,,,,,,0,112,196,28,0,1,1,3,1,1,0,,,,,,
layer_6,126,LOAD INP,LOAD,0,1,0,0,0,1,0,0,pc=126 LOAD INP,,,,,,,,,0x05feb570,0x0000,MEMORY READ,,,,,,,15,28,28,1,0,1,1,,,,,,,,,,,,,,,,,
layer_6,127,LOAD WGT,LOAD,0,0,0,1,1,1,0,0,pc=127 LOAD WGT,,,,,,,,,0x005feccf,0x0000,MEMORY READ,,,,,,,2,9,72,0,0,0,0,,,,,,,,,,,,,,,,,
layer_6,128,LOAD INP,LOAD,0,1,0,0,1,0,0,0,pc=128 LOAD INP,,,,,,,,,0x05feb6dc,0x01e0,MEMORY READ,,,,,,,15,28,28,0,1,1,1,,,,,,,,,,,,,,,,,
layer_6,129,LOAD WGT,LOAD,0,0,0,1,2,0,0,0,pc=129 LOAD WGT,,,,,,,,,0x005feccf,0x0012,MEMORY READ,,,,,,,2,9,72,0,0,0,0,,,,,,,,,,,,,,,,,
layer_6,130,GEMM,COMPUTE,1,0,1,0,1,1,0,0,pc=130 GEMM,,,,,,,,,,,,,,,,,,,,,,,,,0,28,112,28,0,1,1,3,1,1,0,,,,,,
layer_6,131,GEMM,COMPUTE,1,0,1,0,0,2,0,0,pc=131 GEMM,,,,,,,,,,,,,,,,,,,,,,,,,0,112,196,28,0,1,1,3,1,1,0,,,,,,
layer_6,132,NOP-MEMORY-STAGE,LOAD,0,1,0,0,0,1,0,0,pc=132 NOP-MEMORY-STAGE,,,,,,,,,,,,,,,,,,,,,,,,,,,,,,,,,,,,,,,,,
layer_6,133,LOAD ACC,COMPUTE,0,0,0,0,0,1,0,0,pc=133 LOAD ACC,,,,,,,,,0x005e0d82,0x0310,MEMORY READ,,,,,,,1,2,2,0,0,0,0,,,,,,,,,,,,,,,,,
layer_6,134,ALU - add,COMPUTE,0,0,0,0,0,1,0,0,pc=134 ALU - add,,,,,,,,,,,,,,,,,,,,,,,,,0,196,197,,,,,,,,,2,392,1,392,1,0
layer_6,135,ALU - add imm,COMPUTE,0,0,0,0,0,1,0,0,pc=135 ALU - add imm,,,,,,,,,,,,,,,,,,,,,,,,,0,197,198,,,,,,,,,1,0,0,784,1,1
layer_6,136,ALU - shr,COMPUTE,0,0,0,0,0,1,0,0,pc=136 ALU - shr,,,,,,,,,,,,,,,,,,,,,,,,,0,198,199,,,,,,,,,1,0,0,784,1,1
layer_6,137,ALU - min imm,COMPUTE,0,0,0,0,0,1,0,0,pc=137 ALU - min imm,,,,,,,,,,,,,,,,,,,,,,,,,0,199,200,,,,,,,,,1,0,0,784,1,1
layer_6,138,ALU - max imm,COMPUTE,0,0,0,1,0,1,0,1,pc=138 ALU - max imm,,,,,,,,,,,,,,,,,,,,,,,,,0,200,201,,,,,,,,,1,0,0,784,1,1
layer_6,139,LOAD ACC,COMPUTE,0,0,0,0,0,1,0,1,pc=139 LOAD ACC,,,,,,,,,0x005e0d82,0x0622,MEMORY READ,,,,,,,1,2,2,0,0,0,0,,,,,,,,,,,,,,,,,
layer_6,140,ALU - add,COMPUTE,0,0,0,0,0,1,0,1,pc=140 ALU - add,,,,,,,,,,,,,,,,,,,,,,,,,0,201,202,,,,,,,,,2,392,1,392,1,0
layer_6,141,ALU - add imm,COMPUTE,0,0,0,0,0,1,0,1,pc=141 ALU - add imm,,,,,,,,,,,,,,,,,,,,,,,,,0,202,203,,,,,,,,,1,0,0,784,1,1
layer_6,142,ALU - shr,COMPUTE,0,0,0,0,0,1,0,1,pc=142 ALU - shr,,,,,,,,,,,,,,,,,,,,,,,,,0,203,204,,,,,,,,,1,0,0,784,1,1
layer_6,143,ALU - min imm,COMPUTE,0,0,0,0,0,1,0,1,pc=143 ALU - min imm,,,,,,,,,,,,,,,,,,,,,,,,,0,204,205,,,,,,,,,1,0,0,784,1,1
layer_6,144,ALU - max imm,COMPUTE,0,0,0,1,0,1,0,2,pc=144 ALU - max imm,,,,,,,,,,,,,,,,,,,,,,,,,0,205,206,,,,,,,,,1,0,0,784,1,1
layer_6,145,STORE,STORE,1,0,1,0,0,1,1,1,pc=145 STORE,,,,,,,,,0x06050620,0x0000,MEMORY WRITE,,,,,,,2,392,784,0,0,0,0,,,,,,,,,,,,,,,,,
layer_6,146,STORE,STORE,1,0,1,0,0,1,2,0,pc=146 STORE,,,,,,,,,0x060507a8,0x0312,MEMORY WRITE,,,,,,,2,392,784,0,0,0,0,,,,,,,,,,,,,,,,,
layer_6,147,GEMM,COMPUTE,0,1,1,0,0,2,1,0,pc=147 GEMM,,,,,,,,,,,,,,,,,,,,,,,,,1,0,14,28,0,0,1,2,0,0,392,,,,,,
layer_6,148,GEMM,COMPUTE,0,1,1,0,0,3,0,0,pc=148 GEMM,,,,,,,,,,,,,,,,,,,,,,,,,1,14,28,28,0,0,1,2,0,0,392,,,,,,
layer_6,149,NOP-MEMORY-STAGE,LOAD,0,1,0,0,0,2,0,0,pc=149 NOP-MEMORY-STAGE,,,,,,,,,,,,,,,,,,,,,,,,,,,,,,,,,,,,,,,,,
layer_6,150,LOAD INP,LOAD,0,1,0,0,0,1,0,0,pc=150 LOAD INP,,,,,,,,,0x05fea000,0x0000,MEMORY READ,,,,,,,15,28,28,1,0,1,1,,,,,,,,,,,,,,,,,
layer_6,151,LOAD WGT,LOAD,0,0,0,1,1,1,0,0,pc=151 LOAD WGT,,,,,,,,,0x005fed20,0x0000,MEMORY READ,,,,,,,2,9,72,0,0,0,0,,,,,,,,,,,,,,,,,
layer_6,152,LOAD INP,LOAD,0,1,0,0,1,0,0,0,pc=152 LOAD INP,,,,,,,,,0x05fea16c,0x01e0,MEMORY READ,,,,,,,15,28,28,0,1,1,1,,,,,,,,,,,,,,,,,
layer_6,153,LOAD WGT,LOAD,0,0,0,1,2,0,0,0,pc=153 LOAD WGT,,,,,,,,,0x005fed20,0x0012,MEMORY READ,,,,,,,2,9,72,0,0,0,0,,,,,,,,,,,,,,,,,
layer_6,154,GEMM,COMPUTE,1,0,1,0,1,1,0,0,pc=154 GEMM,,,,,,,,,,,,,,,,,,,,,,,,,0,28,112,28,0,1,1,3,1,1,0,,,,,,
layer_6,155,GEMM,COMPUTE,1,0,1,0,0,2,0,0,pc=155 GEMM,,,,,,,,,,,,,,,,,,,,,,,,,0,112,196,28,0,1,1,3,1,1,0,,,,,,
layer_6,156,LOAD INP,LOAD,0,1,0,0,0,1,0,0,pc=156 LOAD INP,,,,,,,,,0x05fea310,0x0000,MEMORY READ,,,,,,,15,28,28,1,0,1,1,,,,,,,,,,,,,,,,,
layer_6,157,LOAD WGT,LOAD,0,0,0,1,1,1,0,0,pc=157 LOAD WGT,,,,,,,,,0x005fed29,0x0000,MEMORY READ,,,,,,,2,9,72,0,0,0,0,,,,,,,,,,,,,,,,,
layer_6,158,LOAD INP,LOAD,0,1,0,0,1,0,0,0,pc=158 LOAD INP,,,,,,,,,0x05fea47c,0x01e0,MEMORY READ,,,,,,,15,28,28,0,1,1,1,,,,,,,,,,,,,,,,,
layer_6,159,LOAD WGT,LOAD,0,0,0,1,2,0,0,0,pc=159 LOAD WGT,,,,,,,,,0x005fed29,0x0012,MEMORY READ,,,,,,,2,9,72,0,0,0,0,,,,,,,,,,,,,,,,,
layer_6,160,GEMM,COMPUTE,1,0,1,0,1,1,0,0,pc=160 GEMM,,,,,,,,,,,,,,,,,,,,,,,,,0,28,112,28,0,1,1,3,1,1,0,,,,,,
layer_6,161,GEMM,COMPUTE,1,0,1,0,0,2,0,0,pc=161 GEMM,,,,,,,,,,,,,,,,,,,,,,,,,0,112,196,28,0,1,1,3,1,1,0,,,,,,
layer_6,162,LOAD INP,LOAD,0,1,0,0,0,1,0,0,pc=162 LOAD INP,,,,,,,,,0x05fea620,0x0000,MEMORY READ,,,,,,,15,28,28,1,0,1,1,,,,,,,,,,,,,,,,,
layer_6,163,LOAD WGT,LOAD,0,0,0,1,1,1,0,0,pc=163 LOAD WGT,,,,,,,,,0x005fed32,0x0000,MEMORY READ,,,,,,,2,9,72,0,0,0,0,,,,,,,,,,,,,,,,,
layer_6,164,LOAD INP,LOAD,0,1,0,0,1,0,0,0,pc=164 LOAD INP,,,,,,,,,0x05fea78c,0x01e0,MEMORY READ,,,,,,,15,28,28,0,1,1,1,,,,,,,,,,,,,,,,,
layer_6,165,LOAD WGT,LOAD,0,0,0,1,2,0,0,0,pc=165 LOAD WGT,,,,,,,,,0x005fed32,0x0012,MEMORY READ,,,,,,,2,9,72,0,0,0,0,,,,,,,,,,,,,,,,,
layer_6,166,GEMM,COMPUTE,1,0,1,0,1,1,0,0,pc=166 GEMM,,,,,,,,,,,,,,,,,,,,,,,,,0,28,112,28,0,1,1,3,1,1,0,,,,,,
layer_6,167,GEMM,COMPUTE,1,0,1,0,0,2,0,0,pc=167 GEMM,,,,,,,,,,,,,,,,,,,,,,,,,0,112,196,28,0,1,1,3,1,1,0,,,,,,
layer_6,168,LOAD INP,LOAD,0,1,0,0,0,1,0,0,pc=168 LOAD INP,,,,,,,,,0x05fea930,0x0000,MEMORY READ,,,,,,,15,28,28,1,0,1,1,,,,,,,,,,,,,,,,,
layer_6,169,LOAD WGT,LOAD,0,0,0,1,1,1,0,0,pc=169 LOAD WGT,,,,,,,,,0x005fed3b,0x0000,MEMORY READ,,,,,,,2,9,72,0,0,0,0,,,,,,,,,,,,,,,,,
layer_6,170,LOAD INP,LOAD,0,1,0,0,1,0,0,0,pc=170 LOAD INP,,,,,,,,,0x05feaa9c,0x01e0,MEMORY READ,,,,,,,15,28,28,0,1,1,1,,,,,,,,,,,,,,,,,
layer_6,171,LOAD WGT,LOAD,0,0,0,1,2,0,0,0,pc=171 LOAD WGT,,,,,,,,,0x005fed3b,0x0012,MEMORY READ,,,,,,,2,9,72,0,0,0,0,,,,,,,,,,,,,,,,,
layer_6,172,GEMM,COMPUTE,1,0,1,0,1,1,0,0,pc=172 GEMM,,,,,,,,,,,,,,,,,,,,,,,,,0,28,112,28,0,1,1,3,1,1,0,,,,,,
layer_6,173,GEMM,COMPUTE,1,0,1,0,0,2,0,0,pc=173 GEMM,,,,,,,,,,,,,,,,,,,,,,,,,0,112,196,28,0,1,1,3,1,1,0,,,,,,
layer_6,174,LOAD INP,LOAD,0,1,0,0,0,1,0,0,pc=174 LOAD INP,,,,,,,,,0x05feac40,0x0000,MEMORY READ,,,,,,,15,28,28,1,0,1,1,,,,,,,,,,,,,,,,,
layer_6,175,LOAD WGT,LOAD,0,0,0,1,1,1,0,0,pc=175 LOAD WGT,,,,,,,,,0x005fed44,0x0000,MEMORY READ,,,,,,,2,9,72,0,0,0,0,,,,,,,,,,,,,,,,,
layer_6,176,LOAD INP,LOAD,0,1,0,0,1,0,0,0,pc=176 LOAD INP,,,,,,,,,0x05feadac,0x01e0,MEMORY READ,,,,,,,15,28,28,0,1,1,1,,,,,,,,,,,,,,,,,
layer_6,177,LOAD WGT,LOAD,0,0,0,1,2,0,0,0,pc=177 LOAD WGT,,,,,,,,,0x005fed44,0x0012,MEMORY READ,,,,,,,2,9,72,0,0,0,0,,,,,,,,,,,,,,,,,
layer_6,178,GEMM,COMPUTE,1,0,1,0,1,1,0,0,pc=178 GEMM,,,,,,,,,,,,,,,,,,,,,,,,,0,28,112,28,0,1,1,3,1,1,0,,,,,,
layer_6,179,GEMM,COMPUTE,1,0,1,0,0,2,0,0,pc=179 GEMM,,,,,,,,,,,,,,,,,,,,,,,,,0,112,196,28,0,1,1,3,1,1,0,,,,,,
layer_6,180,LOAD INP,LOAD,0,1,0,0,0,1,0,0,pc=180 LOAD INP,,,,,,,,,0x05feaf50,0x0000,MEMORY READ,,,,,,,15,28,28,1,0,1,1,,,,,,,,,,,,,,,,,
layer_6,181,LOAD WGT,LOAD,0,0,0,1,1,1,0,0,pc=181 LOAD WGT,,,,,,,,,0x005fed4d,0x0000,MEMORY READ,,,,,,,2,9,72,0,0,0,0,,,,,,,,,,,,,,,,,
layer_6,182,LOAD INP,LOAD,0,1,0,0,1,0,0,0,pc=182 LOAD INP,,,,,,,,,0x05feb0bc,0x01e0,MEMORY READ,,,,,,,15,28,28,0,1,1,1,,,,,,,,,,,,,,,,,
layer_6,183,LOAD WGT,LOAD,0,0,0,1,2,0,0,0,pc=183 LOAD WGT,,,,,,,,,0x005fed4d,0x0012,MEMORY READ,,,,,,,2,9,72,0,0,0,0,,,,,,,,,,,,,,,,,
layer_6,184,GEMM,COMPUTE,1,0,1,0,1,1,0,0,pc=184 GEMM,,,,,,,,,,,,,,,,,,,,,,,,,0,28,112,28,0,1,1,3,1,1,0,,,,,,
layer_6,185,GEMM,COMPUTE,1,0,1,0,0,2,0,0,pc=185 GEMM,,,,,,,,,,,,,,,,,,,,,,,,,0,112,196,28,0,1,1,3,1,1,0,,,,,,
layer_6,186,LOAD INP,LOAD,0,1,0,0,0,1,0,0,pc=186 LOAD INP,,,,,,,,,0x05feb260,0x0000,MEMORY READ,,,,,,,15,28,28,1,0,1,1,,,,,,,,,,,,,,,,,
layer_6,187,LOAD WGT,LOAD,0,0,0,1,1,1,0,0,pc=187 LOAD WGT,,,,,,,,,0x005fed56,0x0000,MEMORY READ,,,,,,,2,9,72,0,0,0,0,,,,,,,,,,,,,,,,,
layer_6,188,LOAD INP,LOAD,0,1,0,0,1,0,0,0,pc=188 LOAD INP,,,,,,,,,0x05feb3cc,0x01e0,MEMORY READ,,,,,,,15,28,28,0,1,1,1,,,,,,,,,,,,,,,,,
layer_6,189,LOAD WGT,LOAD,0,0,0,1,2,0,0,0,pc=189 LOAD WGT,,,,,,,,,0x005fed56,0x0012,MEMORY READ,,,,,,,2,9,72,0,0,0,0,,,,,,,,,,,,,,,,,
layer_6,190,GEMM,COMPUTE,1,0,1,0,1,1,0,0,pc=190 GEMM,,,,,,,,,,,,,,,,,,,,,,,,,0,28,112,28,0,1,1,3,1,1,0,,,,,,
layer_6,191,GEMM,COMPUTE,1,0,1,0,0,2,0,0,pc=191 GEMM,,,,,,,,,,,,,,,,,,,,,,,,,0,112,196,28,0,1,1,3,1,1,0,,,,,,
layer_6,192,LOAD INP,LOAD,0,1,0,0,0,1,0,0,pc=192 LOAD INP,,,,,,,,,0x05feb570,0x0000,MEMORY READ,,,,,,,15,28,28,1,0,1,1,,,,,,,,,,,,,,,,,
layer_6,193,LOAD WGT,LOAD,0,0,0,1,1,1,0,0,pc=193 LOAD WGT,,,,,,,,,0x005fed5f,0x0000,MEMORY READ,,,,,,,2,9,72,0,0,0,0,,,,,,,,,,,,,,,,,
layer_6,194,LOAD INP,LOAD,0,1,0,0,1,0,0,0,pc=194 LOAD INP,,,,,,,,,0x05feb6dc,0x01e0,MEMORY READ,,,,,,,15,28,28,0,1,1,1,,,,,,,,,,,,,,,,,
layer_6,195,LOAD WGT,LOAD,0,0,0,1,2,0,0,0,pc=195 LOAD WGT,,,,,,,,,0x005fed5f,0x0012,MEMORY READ,,,,,,,2,9,72,0,0,0,0,,,,,,,,,,,,,,,,,
layer_6,196,GEMM,COMPUTE,1,0,1,0,1,1,0,0,pc=196 GEMM,,,,,,,,,,,,,,,,,,,,,,,,,0,28,112,28,0,1,1,3,1,1,0,,,,,,
layer_6,197,GEMM,COMPUTE,1,0,1,0,0,2,0,0,pc=197 GEMM,,,,,,,,,,,,,,,,,,,,,,,,,0,112,196,28,0,1,1,3,1,1,0,,,,,,
layer_6,198,NOP-MEMORY-STAGE,LOAD,0,1,0,0,0,1,0,0,pc=198 NOP-MEMORY-STAGE,,,,,,,,,,,,,,,,,,,,,,,,,,,,,,,,,,,,,,,,,
layer_6,199,LOAD ACC,COMPUTE,0,0,0,0,0,1,0,0,pc=199 LOAD ACC,,,,,,,,,0x005e0d84,0x0310,MEMORY READ,,,,,,,1,2,2,0,0,0,0,,,,,,,,,,,,,,,,,
layer_6,200,ALU - add,COMPUTE,0,0,0,0,0,1,0,0,pc=200 ALU - add,,,,,,,,,,,,,,,,,,,,,,,,,0,196,197,,,,,,,,,2,392,1,392,1,0
layer_6,201,ALU - add imm,COMPUTE,0,0,0,0,0,1,0,0,pc=201 ALU - add imm,,,,,,,,,,,,,,,,,,,,,,,,,0,197,198,,,,,,,,,1,0,0,784,1,1
layer_6,202,ALU - shr,COMPUTE,0,0,0,0,0,1,0,0,pc=202 ALU - shr,,,,,,,,,,,,,,,,,,,,,,,,,0,198,199,,,,,,,,,1,0,0,784,1,1
layer_6,203,ALU - min imm,COMPUTE,0,0,0,0,0,1,0,0,pc=203 ALU - min imm,,,,,,,,,,,,,,,,,,,,,,,,,0,199,200,,,,,,,,,1,0,0,784,1,1
layer_6,204,ALU - max imm,COMPUTE,0,0,0,1,0,1,0,1,pc=204 ALU - max imm,,,,,,,,,,,,,,,,,,,,,,,,,0,200,201,,,,,,,,,1,0,0,784,1,1
layer_6,205,LOAD ACC,COMPUTE,0,0,0,0,0,1,0,1,pc=205 LOAD ACC,,,,,,,,,0x005e0d84,0x0622,MEMORY READ,,,,,,,1,2,2,0,0,0,0,,,,,,,,,,,,,,,,,
layer_6,206,ALU - add,COMPUTE,0,0,0,0,0,1,0,1,pc=206 ALU - add,,,,,,,,,,,,,,,,,,,,,,,,,0,201,202,,,,,,,,,2,392,1,392,1,0
layer_6,207,ALU - add imm,COMPUTE,0,0,0,0,0,1,0,1,pc=207 ALU - add imm,,,,,,,,,,,,,,,,,,,,,,,,,0,202,203,,,,,,,,,1,0,0,784,1,1
layer_6,208,ALU - shr,COMPUTE,0,0,0,0,0,1,0,1,pc=208 ALU - shr,,,,,,,,,,,,,,,,,,,,,,,,,0,203,204,,,,,,,,,1,0,0,784,1,1
layer_6,209,ALU - min imm,COMPUTE,0,0,0,0,0,1,0,1,pc=209 ALU - min imm,,,,,,,,,,,,,,,,,,,,,,,,,0,204,205,,,,,,,,,1,0,0,784,1,1
layer_6,210,ALU - max imm,COMPUTE,0,0,0,1,0,1,0,2,pc=210 ALU - max imm,,,,,,,,,,,,,,,,,,,,,,,,,0,205,206,,,,,,,,,1,0,0,784,1,1
layer_6,211,STORE,STORE,1,0,1,0,0,1,1,1,pc=211 STORE,,,,,,,,,0x06050c40,0x0000,MEMORY WRITE,,,,,,,2,392,784,0,0,0,0,,,,,,,,,,,,,,,,,
layer_6,212,STORE,STORE,1,0,1,0,0,1,2,0,pc=212 STORE,,,,,,,,,0x06050dc8,0x0312,MEMORY WRITE,,,,,,,2,392,784,0,0,0,0,,,,,,,,,,,,,,,,,
layer_6,213,GEMM,COMPUTE,0,1,1,0,0,2,1,0,pc=213 GEMM,,,,,,,,,,,,,,,,,,,,,,,,,1,0,14,28,0,0,1,2,0,0,392,,,,,,
layer_6,214,GEMM,COMPUTE,0,1,1,0,0,3,0,0,pc=214 GEMM,,,,,,,,,,,,,,,,,,,,,,,,,1,14,28,28,0,0,1,2,0,0,392,,,,,,
layer_6,215,NOP-MEMORY-STAGE,LOAD,0,1,0,0,0,2,0,0,pc=215 NOP-MEMORY-STAGE,,,,,,,,,,,,,,,,,,,,,,,,,,,,,,,,,,,,,,,,,
layer_6,216,LOAD INP,LOAD,0,1,0,0,0,1,0,0,pc=216 LOAD INP,,,,,,,,,0x05fea000,0x0000,MEMORY READ,,,,,,,15,28,28,1,0,1,1,,,,,,,,,,,,,,,,,
layer_6,217,LOAD WGT,LOAD,0,0,0,1,1,1,0,0,pc=217 LOAD WGT,,,,,,,,,0x005fedb0,0x0000,MEMORY READ,,,,,,,2,9,72,0,0,0,0,,,,,,,,,,,,,,,,,
layer_6,218,LOAD INP,LOAD,0,1,0,0,1,0,0,0,pc=218 LOAD INP,,,,,,,,,0x05fea16c,0x01e0,MEMORY READ,,,,,,,15,28,28,0,1,1,1,,,,,,,,,,,,,,,,,
layer_6,219,LOAD WGT,LOAD,0,0,0,1,2,0,0,0,pc=219 LOAD WGT,,,,,,,,,0x005fedb0,0x0012,MEMORY READ,,,,,,,2,9,72,0,0,0,0,,,,,,,,,,,,,,,,,
layer_6,220,GEMM,COMPUTE,1,0,1,0,1,1,0,0,pc=220 GEMM,,,,,,,,,,,,,,,,,,,,,,,,,0,28,112,28,0,1,1,3,1,1,0,,,,,,
layer_6,221,GEMM,COMPUTE,1,0,1,0,0,2,0,0,pc=221 GEMM,,,,,,,,,,,,,,,,,,,,,,,,,0,112,196,28,0,1,1,3,1,1,0,,,,,,
layer_6,222,LOAD INP,LOAD,0,1,0,0,0,1,0,0,pc=222 LOAD INP,,,,,,,,,0x05fea310,0x0000,MEMORY READ,,,,,,,15,28,28,1,0,1,1,,,,,,,,,,,,,,,,,
layer_6,223,LOAD WGT,LOAD,0,0,0,1,1,1,0,0,pc=223 LOAD WGT,,,,,,,,,0x005fedb9,0x0000,MEMORY READ,,,,,,,2,9,72,0,0,0,0,,,,,,,,,,,,,,,,,
layer_6,224,LOAD INP,LOAD,0,1,0,0,1,0,0,0,pc=224 LOAD INP,,,,,,,,,0x05fea47c,0x01e0,MEMORY READ,,,,,,,15,28,28,0,1,1,1,,,,,,,,,,,,,,,,,
layer_6,225,LOAD WGT,LOAD,0,0,0,1,2,0,0,0,pc=225 LOAD WGT,,,,,,,,,0x005fedb9,0x0012,MEMORY READ,,,,,,,2,9,72,0,0,0,0,,,,,,,,,,,,,,,,,
layer_6,226,GEMM,COMPUTE,1,0,1,0,1,1,0,0,pc=226 GEMM,,,,,,,,,,,,,,,,,,,,,,,,,0,28,112,28,0,1,1,3,1,1,0,,,,,,
layer_6,227,GEMM,COMPUTE,1,0,1,0,0,2,0,0,pc=227 GEMM,,,,,,,,,,,,,,,,,,,,,,,,,0,112,196,28,0,1,1,3,1,1,0,,,,,,
layer_6,228,LOAD INP,LOAD,0,1,0,0,0,1,0,0,pc=228 LOAD INP,,,,,,,,,0x05fea620,0x0000,MEMORY READ,,,,,,,15,28,28,1,0,1,1,,,,,,,,,,,,,,,,,
layer_6,229,LOAD WGT,LOAD,0,0,0,1,1,1,0,0,pc=229 LOAD WGT,,,,,,,,,0x005fedc2,0x0000,MEMORY READ,,,,,,,2,9,72,0,0,0,0,,,,,,,,,,,,,,,,,
layer_6,230,LOAD INP,LOAD,0,1,0,0,1,0,0,0,pc=230 LOAD INP,,,,,,,,,0x05fea78c,0x01e0,MEMORY READ,,,,,,,15,28,28,0,1,1,1,,,,,,,,,,,,,,,,,
layer_6,231,LOAD WGT,LOAD,0,0,0,1,2,0,0,0,pc=231 LOAD WGT,,,,,,,,,0x005fedc2,0x0012,MEMORY READ,,,,,,,2,9,72,0,0,0,0,,,,,,,,,,,,,,,,,
layer_6,232,GEMM,COMPUTE,1,0,1,0,1,1,0,0,pc=232 GEMM,,,,,,,,,,,,,,,,,,,,,,,,,0,28,112,28,0,1,1,3,1,1,0,,,,,,
layer_6,233,GEMM,COMPUTE,1,0,1,0,0,2,0,0,pc=233 GEMM,,,,,,,,,,,,,,,,,,,,,,,,,0,112,196,28,0,1,1,3,1,1,0,,,,,,
layer_6,234,LOAD INP,LOAD,0,1,0,0,0,1,0,0,pc=234 LOAD INP,,,,,,,,,0x05fea930,0x0000,MEMORY READ,,,,,,,15,28,28,1,0,1,1,,,,,,,,,,,,,,,,,
layer_6,235,LOAD WGT,LOAD,0,0,0,1,1,1,0,0,pc=235 LOAD WGT,,,,,,,,,0x005fedcb,0x0000,MEMORY READ,,,,,,,2,9,72,0,0,0,0,,,,,,,,,,,,,,,,,
layer_6,236,LOAD INP,LOAD,0,1,0,0,1,0,0,0,pc=236 LOAD INP,,,,,,,,,0x05feaa9c,0x01e0,MEMORY READ,,,,,,,15,28,28,0,1,1,1,,,,,,,,,,,,,,,,,
layer_6,237,LOAD WGT,LOAD,0,0,0,1,2,0,0,0,pc=237 LOAD WGT,,,,,,,,,0x005fedcb,0x0012,MEMORY READ,,,,,,,2,9,72,0,0,0,0,,,,,,,,,,,,,,,,,
layer_6,238,GEMM,COMPUTE,1,0,1,0,1,1,0,0,pc=238 GEMM,,,,,,,,,,,,,,,,,,,,,,,,,0,28,112,28,0,1,1,3,1,1,0,,,,,,
layer_6,239,GEMM,COMPUTE,1,0,1,0,0,2,0,0,pc=239 GEMM,,,,,,,,,,,,,,,,,,,,,,,,,0,112,196,28,0,1,1,3,1,1,0,,,,,,
layer_6,240,LOAD INP,LOAD,0,1,0,0,0,1,0,0,pc=240 LOAD INP,,,,,,,,,0x05feac40,0x0000,MEMORY READ,,,,,,,15,28,28,1,0,1,1,,,,,,,,,,,,,,,,,
layer_6,241,LOAD WGT,LOAD,0,0,0,1,1,1,0,0,pc=241 LOAD WGT,,,,,,,,,0x005fedd4,0x0000,MEMORY READ,,,,,,,2,9,72,0,0,0,0,,,,,,,,,,,,,,,,,
layer_6,242,LOAD INP,LOAD,0,1,0,0,1,0,0,0,pc=242 LOAD INP,,,,,,,,,0x05feadac,0x01e0,MEMORY READ,,,,,,,15,28,28,0,1,1,1,,,,,,,,,,,,,,,,,
layer_6,243,LOAD WGT,LOAD,0,0,0,1,2,0,0,0,pc=243 LOAD WGT,,,,,,,,,0x005fedd4,0x0012,MEMORY READ,,,,,,,2,9,72,0,0,0,0,,,,,,,,,,,,,,,,,
layer_6,244,GEMM,COMPUTE,1,0,1,0,1,1,0,0,pc=244 GEMM,,,,,,,,,,,,,,,,,,,,,,,,,0,28,112,28,0,1,1,3,1,1,0,,,,,,
layer_6,245,GEMM,COMPUTE,1,0,1,0,0,2,0,0,pc=245 GEMM,,,,,,,,,,,,,,,,,,,,,,,,,0,112,196,28,0,1,1,3,1,1,0,,,,,,
layer_6,246,LOAD INP,LOAD,0,1,0,0,0,1,0,0,pc=246 LOAD INP,,,,,,,,,0x05feaf50,0x0000,MEMORY READ,,,,,,,15,28,28,1,0,1,1,,,,,,,,,,,,,,,,,
layer_6,247,LOAD WGT,LOAD,0,0,0,1,1,1,0,0,pc=247 LOAD WGT,,,,,,,,,0x005feddd,0x0000,MEMORY READ,,,,,,,2,9,72,0,0,0,0,,,,,,,,,,,,,,,,,
layer_6,248,LOAD INP,LOAD,0,1,0,0,1,0,0,0,pc=248 LOAD INP,,,,,,,,,0x05feb0bc,0x01e0,MEMORY READ,,,,,,,15,28,28,0,1,1,1,,,,,,,,,,,,,,,,,
layer_6,249,LOAD WGT,LOAD,0,0,0,1,2,0,0,0,pc=249 LOAD WGT,,,,,,,,,0x005feddd,0x0012,MEMORY READ,,,,,,,2,9,72,0,0,0,0,,,,,,,,,,,,,,,,,
layer_6,250,GEMM,COMPUTE,1,0,1,0,1,1,0,0,pc=250 GEMM,,,,,,,,,,,,,,,,,,,,,,,,,0,28,112,28,0,1,1,3,1,1,0,,,,,,
layer_6,251,GEMM,COMPUTE,1,0,1,0,0,2,0,0,pc=251 GEMM,,,,,,,,,,,,,,,,,,,,,,,,,0,112,196,28,0,1,1,3,1,1,0,,,,,,
layer_6,252,LOAD INP,LOAD,0,1,0,0,0,1,0,0,pc=252 LOAD INP,,,,,,,,,0x05feb260,0x0000,MEMORY READ,,,,,,,15,28,28,1,0,1,1,,,,,,,,,,,,,,,,,
layer_6,253,LOAD WGT,LOAD,0,0,0,1,1,1,0,0,pc=253 LOAD WGT,,,,,,,,,0x005fede6,0x0000,MEMORY READ,,,,,,,2,9,72,0,0,0,0,,,,,,,,,,,,,,,,,
layer_6,254,LOAD INP,LOAD,0,1,0,0,1,0,0,0,pc=254 LOAD INP,,,,,,,,,0x05feb3cc,0x01e0,MEMORY READ,,,,,,,15,28,28,0,1,1,1,,,,,,,,,,,,,,,,,
layer_6,255,LOAD WGT,LOAD,0,0,0,1,2,0,0,0,pc=255 LOAD WGT,,,,,,,,,0x005fede6,0x0012,MEMORY READ,,,,,,,2,9,72,0,0,0,0,,,,,,,,,,,,,,,,,
layer_6,256,GEMM,COMPUTE,1,0,1,0,1,1,0,0,pc=256 GEMM,,,,,,,,,,,,,,,,,,,,,,,,,0,28,112,28,0,1,1,3,1,1,0,,,,,,
layer_6,257,GEMM,COMPUTE,1,0,1,0,0,2,0,0,pc=257 GEMM,,,,,,,,,,,,,,,,,,,,,,,,,0,112,196,28,0,1,1,3,1,1,0,,,,,,
layer_6,258,LOAD INP,LOAD,0,1,0,0,0,1,0,0,pc=258 LOAD INP,,,,,,,,,0x05feb570,0x0000,MEMORY READ,,,,,,,15,28,28,1,0,1,1,,,,,,,,,,,,,,,,,
layer_6,259,LOAD WGT,LOAD,0,0,0,1,1,1,0,0,pc=259 LOAD WGT,,,,,,,,,0x005fedef,0x0000,MEMORY READ,,,,,,,2,9,72,0,0,0,0,,,,,,,,,,,,,,,,,
layer_6,260,LOAD INP,LOAD,0,1,0,0,1,0,0,0,pc=260 LOAD INP,,,,,,,,,0x05feb6dc,0x01e0,MEMORY READ,,,,,,,15,28,28,0,1,1,1,,,,,,,,,,,,,,,,,
layer_6,261,LOAD WGT,LOAD,0,0,0,1,2,0,0,0,pc=261 LOAD WGT,,,,,,,,,0x005fedef,0x0012,MEMORY READ,,,,,,,2,9,72,0,0,0,0,,,,,,,,,,,,,,,,,
layer_6,262,GEMM,COMPUTE,1,0,1,0,1,1,0,0,pc=262 GEMM,,,,,,,,,,,,,,,,,,,,,,,,,0,28,112,28,0,1,1,3,1,1,0,,,,,,
layer_6,263,GEMM,COMPUTE,1,0,1,0,0,2,0,0,pc=263 GEMM,,,,,,,,,,,,,,,,,,,,,,,,,0,112,196,28,0,1,1,3,1,1,0,,,,,,
layer_6,264,NOP-MEMORY-STAGE,LOAD,0,1,0,0,0,1,0,0,pc=264 NOP-MEMORY-STAGE,,,,,,,,,,,,,,,,,,,,,,,,,,,,,,,,,,,,,,,,,
layer_6,265,LOAD ACC,COMPUTE,0,0,0,0,0,1,0,0,pc=265 LOAD ACC,,,,,,,,,0x005e0d86,0x0310,MEMORY READ,,,,,,,1,2,2,0,0,0,0,,,,,,,,,,,,,,,,,
layer_6,266,ALU - add,COMPUTE,0,0,0,0,0,1,0,0,pc=266 ALU - add,,,,,,,,,,,,,,,,,,,,,,,,,0,196,197,,,,,,,,,2,392,1,392,1,0
layer_6,267,ALU - add imm,COMPUTE,0,0,0,0,0,1,0,0,pc=267 ALU - add imm,,,,,,,,,,,,,,,,,,,,,,,,,0,197,198,,,,,,,,,1,0,0,784,1,1
layer_6,268,ALU - shr,COMPUTE,0,0,0,0,0,1,0,0,pc=268 ALU - shr,,,,,,,,,,,,,,,,,,,,,,,,,0,198,199,,,,,,,,,1,0,0,784,1,1
layer_6,269,ALU - min imm,COMPUTE,0,0,0,0,0,1,0,0,pc=269 ALU - min imm,,,,,,,,,,,,,,,,,,,,,,,,,0,199,200,,,,,,,,,1,0,0,784,1,1
layer_6,270,ALU - max imm,COMPUTE,0,0,0,1,0,1,0,1,pc=270 ALU - max imm,,,,,,,,,,,,,,,,,,,,,,,,,0,200,201,,,,,,,,,1,0,0,784,1,1
layer_6,271,LOAD ACC,COMPUTE,0,0,0,0,0,1,0,1,pc=271 LOAD ACC,,,,,,,,,0x005e0d86,0x0622,MEMORY READ,,,,,,,1,2,2,0,0,0,0,,,,,,,,,,,,,,,,,
layer_6,272,ALU - add,COMPUTE,0,0,0,0,0,1,0,1,pc=272 ALU - add,,,,,,,,,,,,,,,,,,,,,,,,,0,201,202,,,,,,,,,2,392,1,392,1,0
layer_6,273,ALU - add imm,COMPUTE,0,0,0,0,0,1,0,1,pc=273 ALU - add imm,,,,,,,,,,,,,,,,,,,,,,,,,0,202,203,,,,,,,,,1,0,0,784,1,1
layer_6,274,ALU - shr,COMPUTE,0,0,0,0,0,1,0,1,pc=274 ALU - shr,,,,,,,,,,,,,,,,,,,,,,,,,0,203,204,,,,,,,,,1,0,0,784,1,1
layer_6,275,ALU - min imm,COMPUTE,0,0,0,0,0,1,0,1,pc=275 ALU - min imm,,,,,,,,,,,,,,,,,,,,,,,,,0,204,205,,,,,,,,,1,0,0,784,1,1
layer_6,276,ALU - max imm,COMPUTE,0,0,0,1,0,1,0,2,pc=276 ALU - max imm,,,,,,,,,,,,,,,,,,,,,,,,,0,205,206,,,,,,,,,1,0,0,784,1,1
layer_6,277,STORE,STORE,1,0,1,0,0,1,1,1,pc=277 STORE,,,,,,,,,0x06051260,0x0000,MEMORY WRITE,,,,,,,2,392,784,0,0,0,0,,,,,,,,,,,,,,,,,
layer_6,278,STORE,STORE,1,0,1,0,0,1,2,0,pc=278 STORE,,,,,,,,,0x060513e8,0x0312,MEMORY WRITE,,,,,,,2,392,784,0,0,0,0,,,,,,,,,,,,,,,,,
layer_6,279,NOP-COMPUTE-STAGE,COMPUTE,0,1,0,0,0,1,1,0,pc=279 NOP-COMPUTE-STAGE,,,,,,,,,,,,,,,,,,,,,,,,,,,,,,,,,,,,,,,,,
layer_6,280,NOP-STORE-STAGE,STORE,0,0,1,0,0,1,2,0,pc=280 NOP-STORE-STAGE,,,,,,,,,,,,,,,,,,,,,,,,,,,,,,,,,,,,,,,,,
layer_6,281,NOP-MEMORY-STAGE,LOAD,0,1,0,0,0,0,2,0,pc=281 NOP-MEMORY-STAGE,,,,,,,,,,,,,,,,,,,,,,,,,,,,,,,,,,,,,,,,,
layer_6,282,NOP-MEMORY-STAGE,LOAD,0,0,0,1,1,0,2,0,pc=282 NOP-MEMORY-STAGE,,,,,,,,,,,,,,,,,,,,,,,,,,,,,,,,,,,,,,,,,
layer_6,283,NOP-COMPUTE-STAGE,COMPUTE,0,1,0,0,1,0,1,0,pc=283 NOP-COMPUTE-STAGE,,,,,,,,,,,,,,,,,,,,,,,,,,,,,,,,,,,,,,,,,
layer_6,284,NOP-COMPUTE-STAGE,COMPUTE,1,1,0,0,0,0,0,0,pc=284 NOP-COMPUTE-STAGE,,,,,,,,,,,,,,,,,,,,,,,,,,,,,,,,,,,,,,,,,
layer_6,285,FINISH,COMPUTE,,,,,0,0,0,0,pc=285 FINISH,,,,,,,,,,,,,,,,,,,,,,,,,,,,,,,,,,,,,,,,,
layer_7,0,NOP-STORE-STAGE,STORE,0,0,1,0,0,0,1,0,pc=0 NOP-STORE-STAGE,,,,,,,,,,,,,,,,,,,,,,,,,,,,,,,,,,,,,,,,,
layer_7,1,NOP-STORE-STAGE,STORE,0,0,1,0,0,0,2,0,pc=1 NOP-STORE-STAGE,,,,,,,,,,,,,,,,,,,,,,,,,,,,,,,,,,,,,,,,,
layer_7,2,LOAD UOP,COMPUTE,0,1,0,0,0,0,1,0,pc=2 LOAD UOP,,,,,,,,,0x18580000,0x0000,MEMORY READ,,,,,,,1,14,14,0,0,0,0,,,,,,,,,,,,,,,,,
layer_7,3,GEMM,COMPUTE,0,0,1,0,0,1,1,0,pc=3 GEMM,,,,,,,,,,,,,,,,,,,,,,,,,1,0,14,28,0,0,1,2,0,0,392,,,,,,
layer_7,4,LOAD UOP,COMPUTE,0,1,0,0,0,1,0,0,pc=4 LOAD UOP,,,,,,,,,0x1858000e,0x000e,MEMORY READ,,,,,,,1,14,14,0,0,0,0,,,,,,,,,,,,,,,,,
layer_7,5,GEMM,COMPUTE,0,0,1,0,0,2,0,0,pc=5 GEMM,,,,,,,,,,,,,,,,,,,,,,,,,1,14,28,28,0,0,1,2,0,0,392,,,,,,
layer_7,6,LOAD INP,LOAD,0,1,0,0,0,1,0,0,pc=6 LOAD INP,,,,,,,,,0x05fea000,0x0000,MEMORY READ,,,,,,,15,28,28,1,0,1,1,,,,,,,,,,,,,,,,,
layer_7,7,LOAD WGT,LOAD,0,0,0,1,1,1,0,0,pc=7 LOAD WGT,,,,,,,,,0x005ffc00,0x0000,MEMORY READ,,,,,,,2,9,72,0,0,0,0,,,,,,,,,,,,,,,,,
layer_7,8,LOAD INP,LOAD,0,1,0,0,1,0,0,0,pc=8 LOAD INP,,,,,,,,,0x05fea16c,0x01e0,MEMORY READ,,,,,,,15,28,28,0,1,1,1,,,,,,,,,,,,,,,,,
layer_7,9,LOAD WGT,LOAD,0,0,0,1,2,0,0,0,pc=9 LOAD WGT,,,,,,,,,0x005ffc00,0x0012,MEMORY READ,,,,,,,2,9,72,0,0,0,0,,,,,,,,,,,,,,,,,
layer_7,10,LOAD UOP,COMPUTE,1,0,0,0,1,0,0,0,pc=10 LOAD UOP,,,,,,,,,0x1858001c,0x001c,MEMORY READ,,,,,,,1,84,84,0,0,0,0,,,,,,,,,,,,,,,,,
layer_7,11,GEMM,COMPUTE,0,0,1,0,1,1,0,0,pc=11 GEMM,,,,,,,,,,,,,,,,,,,,,,,,,0,28,112,28,0,1,1,3,1,1,0,,,,,,
layer_7,12,LOAD UOP,COMPUTE,1,0,0,0,0,1,0,0,pc=12 LOAD UOP,,,,,,,,,0x18580070,0x0070,MEMORY READ,,,,,,,1,84,84,0,0,0,0,,,,,,,,,,,,,,,,,
layer_7,13,GEMM,COMPUTE,0,0,1,0,0,2,0,0,pc=13 GEMM,,,,,,,,,,,,,,,,,,,,,,,,,0,112,196,28,0,1,1,3,1,1,0,,,,,,
layer_7,14,LOAD INP,LOAD,0,1,0,0,0,1,0,0,pc=14 LOAD INP,,,,,,,,,0x05fea310,0x0000,MEMORY READ,,,,,,,15,28,28,1,0,1,1,,,,,,,,,,,,,,,,,
layer_7,15,LOAD WGT,LOAD,0,0,0,1,1,1,0,0,pc=15 LOAD WGT,,,,,,,,,0x005ffc09,0x0000,MEMORY READ,,,,,,,2,9,72,0,0,0,0,,,,,,,,,,,,,,,,,
layer_7,16,LOAD INP,LOAD,0,1,0,0,1,0,0,0,pc=16 LOAD INP,,,,,,,,,0x05fea47c,0x01e0,MEMORY READ,,,,,,,15,28,28,0,1,1,1,,,,,,,,,,,,,,,,,
layer_7,17,LOAD WGT,LOAD,0,0,0,1,2,0,0,0,pc=17 LOAD WGT,,,,,,,,,0x005ffc09,0x0012,MEMORY READ,,,,,,,2,9,72,0,0,0,0,,,,,,,,,,,,,,,,,
layer_7,18,GEMM,COMPUTE,1,0,1,0,1,1,0,0,pc=18 GEMM,,,,,,,,,,,,,,,,,,,,,,,,,0,28,112,28,0,1,1,3,1,1,0,,,,,,
layer_7,19,GEMM,COMPUTE,1,0,1,0,0,2,0,0,pc=19 GEMM,,,,,,,,,,,,,,,,,,,,,,,,,0,112,196,28,0,1,1,3,1,1,0,,,,,,
layer_7,20,LOAD INP,LOAD,0,1,0,0,0,1,0,0,pc=20 LOAD INP,,,,,,,,,0x05fea620,0x0000,MEMORY READ,,,,,,,15,28,28,1,0,1,1,,,,,,,,,,,,,,,,,
layer_7,21,LOAD WGT,LOAD,0,0,0,1,1,1,0,0,pc=21 LOAD WGT,,,,,,,,,0x005ffc12,0x0000,MEMORY READ,,,,,,,2,9,72,0,0,0,0,,,,,,,,,,,,,,,,,
layer_7,22,LOAD INP,LOAD,0,1,0,0,1,0,0,0,pc=22 LOAD INP,,,,,,,,,0x05fea78c,0x01e0,MEMORY READ,,,,,,,15,28,28,0,1,1,1,,,,,,,,,,,,,,,,,
layer_7,23,LOAD WGT,LOAD,0,0,0,1,2,0,0,0,pc=23 LOAD WGT,,,,,,,,,0x005ffc12,0x0012,MEMORY READ,,,,,,,2,9,72,0,0,0,0,,,,,,,,,,,,,,,,,
layer_7,24,GEMM,COMPUTE,1,0,1,0,1,1,0,0,pc=24 GEMM,,,,,,,,,,,,,,,,,,,,,,,,,0,28,112,28,0,1,1,3,1,1,0,,,,,,
layer_7,25,GEMM,COMPUTE,1,0,1,0,0,2,0,0,pc=25 GEMM,,,,,,,,,,,,,,,,,,,,,,,,,0,112,196,28,0,1,1,3,1,1,0,,,,,,
layer_7,26,LOAD INP,LOAD,0,1,0,0,0,1,0,0,pc=26 LOAD INP,,,,,,,,,0x05fea930,0x0000,MEMORY READ,,,,,,,15,28,28,1,0,1,1,,,,,,,,,,,,,,,,,
layer_7,27,LOAD WGT,LOAD,0,0,0,1,1,1,0,0,pc=27 LOAD WGT,,,,,,,,,0x005ffc1b,0x0000,MEMORY READ,,,,,,,2,9,72,0,0,0,0,,,,,,,,,,,,,,,,,
layer_7,28,LOAD INP,LOAD,0,1,0,0,1,0,0,0,pc=28 LOAD INP,,,,,,,,,0x05feaa9c,0x01e0,MEMORY READ,,,,,,,15,28,28,0,1,1,1,,,,,,,,,,,,,,,,,
layer_7,29,LOAD WGT,LOAD,0,0,0,1,2,0,0,0,pc=29 LOAD WGT,,,,,,,,,0x005ffc1b,0x0012,MEMORY READ,,,,,,,2,9,72,0,0,0,0,,,,,,,,,,,,,,,,,
layer_7,30,GEMM,COMPUTE,1,0,1,0,1,1,0,0,pc=30 GEMM,,,,,,,,,,,,,,,,,,,,,,,,,0,28,112,28,0,1,1,3,1,1,0,,,,,,
layer_7,31,GEMM,COMPUTE,1,0,1,0,0,2,0,0,pc=31 GEMM,,,,,,,,,,,,,,,,,,,,,,,,,0,112,196,28,0,1,1,3,1,1,0,,,,,,
layer_7,32,LOAD INP,LOAD,0,1,0,0,0,1,0,0,pc=32 LOAD INP,,,,,,,,,0x05feac40,0x0000,MEMORY READ,,,,,,,15,28,28,1,0,1,1,,,,,,,,,,,,,,,,,
layer_7,33,LOAD WGT,LOAD,0,0,0,1,1,1,0,0,pc=33 LOAD WGT,,,,,,,,,0x005ffc24,0x0000,MEMORY READ,,,,,,,2,9,72,0,0,0,0,,,,,,,,,,,,,,,,,
layer_7,34,LOAD INP,LOAD,0,1,0,0,1,0,0,0,pc=34 LOAD INP,,,,,,,,,0x05feadac,0x01e0,MEMORY READ,,,,,,,15,28,28,0,1,1,1,,,,,,,,,,,,,,,,,
layer_7,35,LOAD WGT,LOAD,0,0,0,1,2,0,0,0,pc=35 LOAD WGT,,,,,,,,,0x005ffc24,0x0012,MEMORY READ,,,,,,,2,9,72,0,0,0,0,,,,,,,,,,,,,,,,,
layer_7,36,GEMM,COMPUTE,1,0,1,0,1,1,0,0,pc=36 GEMM,,,,,,,,,,,,,,,,,,,,,,,,,0,28,112,28,0,1,1,3,1,1,0,,,,,,
layer_7,37,GEMM,COMPUTE,1,0,1,0,0,2,0,0,pc=37 GEMM,,,,,,,,,,,,,,,,,,,,,,,,,0,112,196,28,0,1,1,3,1,1,0,,,,,,
layer_7,38,LOAD INP,LOAD,0,1,0,0,0,1,0,0,pc=38 LOAD INP,,,,,,,,,0x05feaf50,0x0000,MEMORY READ,,,,,,,15,28,28,1,0,1,1,,,,,,,,,,,,,,,,,
layer_7,39,LOAD WGT,LOAD,0,0,0,1,1,1,0,0,pc=39 LOAD WGT,,,,,,,,,0x005ffc2d,0x0000,MEMORY READ,,,,,,,2,9,72,0,0,0,0,,,,,,,,,,,,,,,,,
layer_7,40,LOAD INP,LOAD,0,1,0,0,1,0,0,0,pc=40 LOAD INP,,,,,,,,,0x05feb0bc,0x01e0,MEMORY READ,,,,,,,15,28,28,0,1,1,1,,,,,,,,,,,,,,,,,
layer_7,41,LOAD WGT,LOAD,0,0,0,1,2,0,0,0,pc=41 LOAD WGT,,,,,,,,,0x005ffc2d,0x0012,MEMORY READ,,,,,,,2,9,72,0,0,0,0,,,,,,,,,,,,,,,,,
layer_7,42,GEMM,COMPUTE,1,0,1,0,1,1,0,0,pc=42 GEMM,,,,,,,,,,,,,,,,,,,,,,,,,0,28,112,28,0,1,1,3,1,1,0,,,,,,
layer_7,43,GEMM,COMPUTE,1,0,1,0,0,2,0,0,pc=43 GEMM,,,,,,,,,,,,,,,,,,,,,,,,,0,112,196,28,0,1,1,3,1,1,0,,,,,,
layer_7,44,LOAD INP,LOAD,0,1,0,0,0,1,0,0,pc=44 LOAD INP,,,,,,,,,0x05feb260,0x0000,MEMORY READ,,,,,,,15,28,28,1,0,1,1,,,,,,,,,,,,,,,,,
layer_7,45,LOAD WGT,LOAD,0,0,0,1,1,1,0,0,pc=45 LOAD WGT,,,,,,,,,0x005ffc36,0x0000,MEMORY READ,,,,,,,2,9,72,0,0,0,0,,,,,,,,,,,,,,,,,
layer_7,46,LOAD INP,LOAD,0,1,0,0,1,0,0,0,pc=46 LOAD INP,,,,,,,,,0x05feb3cc,0x01e0,MEMORY READ,,,,,,,15,28,28,0,1,1,1,,,,,,,,,,,,,,,,,
layer_7,47,LOAD WGT,LOAD,0,0,0,1,2,0,0,0,pc=47 LOAD WGT,,,,,,,,,0x005ffc36,0x0012,MEMORY READ,,,,,,,2,9,72,0,0,0,0,,,,,,,,,,,,,,,,,
layer_7,48,GEMM,COMPUTE,1,0,1,0,1,1,0,0,pc=48 GEMM,,,,,,,,,,,,,,,,,,,,,,,,,0,28,112,28,0,1,1,3,1,1,0,,,,,,
layer_7,49,GEMM,COMPUTE,1,0,1,0,0,2,0,0,pc=49 GEMM,,,,,,,,,,,,,,,,,,,,,,,,,0,112,196,28,0,1,1,3,1,1,0,,,,,,
layer_7,50,LOAD INP,LOAD,0,1,0,0,0,1,0,0,pc=50 LOAD INP,,,,,,,,,0x05feb570,0x0000,MEMORY READ,,,,,,,15,28,28,1,0,1,1,,,,,,,,,,,,,,,,,
layer_7,51,LOAD WGT,LOAD,0,0,0,1,1,1,0,0,pc=51 LOAD WGT,,,,,,,,,0x005ffc3f,0x0000,MEMORY READ,,,,,,,2,9,72,0,0,0,0,,,,,,,,,,,,,,,,,
layer_7,52,LOAD INP,LOAD,0,1,0,0,1,0,0,0,pc=52 LOAD INP,,,,,,,,,0x05feb6dc,0x01e0,MEMORY READ,,,,,,,15,28,28,0,1,1,1,,,,,,,,,,,,,,,,,
layer_7,53,LOAD WGT,LOAD,0,0,0,1,2,0,0,0,pc=53 LOAD WGT,,,,,,,,,0x005ffc3f,0x0012,MEMORY READ,,,,,,,2,9,72,0,0,0,0,,,,,,,,,,,,,,,,,
layer_7,54,GEMM,COMPUTE,1,0,1,0,1,1,0,0,pc=54 GEMM,,,,,,,,,,,,,,,,,,,,,,,,,0,28,112,28,0,1,1,3,1,1,0,,,,,,
layer_7,55,GEMM,COMPUTE,1,0,1,0,0,2,0,0,pc=55 GEMM,,,,,,,,,,,,,,,,,,,,,,,,,0,112,196,28,0,1,1,3,1,1,0,,,,,,
layer_7,56,NOP-MEMORY-STAGE,LOAD,0,1,0,0,0,1,0,0,pc=56 NOP-MEMORY-STAGE,,,,,,,,,,,,,,,,,,,,,,,,,,,,,,,,,,,,,,,,,
layer_7,57,LOAD ACC,COMPUTE,0,0,0,0,0,1,0,0,pc=57 LOAD ACC,,,,,,,,,0x005e25c0,0x0310,MEMORY READ,,,,,,,1,2,2,0,0,0,0,,,,,,,,,,,,,,,,,
layer_7,58,LOAD UOP,COMPUTE,0,0,0,0,0,1,0,0,pc=58 LOAD UOP,,,,,,,,,0x185800c4,0x00c4,MEMORY READ,,,,,,,1,1,1,0,0,0,0,,,,,,,,,,,,,,,,,
layer_7,59,ALU - add,COMPUTE,0,0,0,0,0,1,0,0,pc=59 ALU - add,,,,,,,,,,,,,,,,,,,,,,,,,0,196,197,,,,,,,,,2,392,1,392,1,0
layer_7,60,LOAD UOP,COMPUTE,0,0,0,0,0,1,0,0,pc=60 LOAD UOP,,,,,,,,,0x185800c5,0x00c5,MEMORY READ,,,,,,,1,1,1,0,0,0,0,,,,,,,,,,,,,,,,,
layer_7,61,ALU - max imm,COMPUTE,0,0,0,0,0,1,0,0,pc=61 ALU - max imm,,,,,,,,,,,,,,,,,,,,,,,,,0,197,198,,,,,,,,,1,0,0,784,1,1
layer_7,62,LOAD UOP,COMPUTE,0,0,0,0,0,1,0,0,pc=62 LOAD UOP,,,,,,,,,0x185800c6,0x00c6,MEMORY READ,,,,,,,1,1,1,0,0,0,0,,,,,,,,,,,,,,,,,
layer_7,63,ALU - add imm,COMPUTE,0,0,0,0,0,1,0,0,pc=63 ALU - add imm,,,,,,,,,,,,,,,,,,,,,,,,,0,198,199,,,,,,,,,1,0,0,784,1,1
layer_7,64,LOAD UOP,COMPUTE,0,0,0,0,0,1,0,0,pc=64 LOAD UOP,,,,,,,,,0x185800c7,0x00c7,MEMORY READ,,,,,,,1,1,1,0,0,0,0,,,,,,,,,,,,,,,,,
layer_7,65,ALU - shr,COMPUTE,0,0,0,0,0,1,0,0,pc=65 ALU - shr,,,,,,,,,,,,,,,,,,,,,,,,,0,199,200,,,,,,,,,1,0,0,784,1,1
layer_7,66,LOAD UOP,COMPUTE,0,0,0,0,0,1,0,0,pc=66 LOAD UOP,,,,,,,,,0x185800c8,0x00c8,MEMORY READ,,,,,,,1,1,1,0,0,0,0,,,,,,,,,,,,,,,,,
layer_7,67,ALU - min imm,COMPUTE,0,0,0,0,0,1,0,0,pc=67 ALU - min imm,,,,,,,,,,,,,,,,,,,,,,,,,0,200,201,,,,,,,,,1,0,0,784,1,1
layer_7,68,LOAD UOP,COMPUTE,0,0,0,0,0,1,0,0,pc=68 LOAD UOP,,,,,,,,,0x185800c9,0x00c9,MEMORY READ,,,,,,,1,1,1,0,0,0,0,,,,,,,,,,,,,,,,,
layer_7,69,ALU - max imm,COMPUTE,0,0,0,1,0,1,0,1,pc=69 ALU - max imm,,,,,,,,,,,,,,,,,,,,,,,,,0,201,202,,,,,,,,,1,0,0,784,1,1
layer_7,70,LOAD ACC,COMPUTE,0,0,0,0,0,1,0,1,pc=70 LOAD ACC,,,,,,,,,0x005e25c0,0x0622,MEMORY READ,,,,,,,1,2,2,0,0,0,0,,,,,,,,,,,,,,,,,
layer_7,71,LOAD UOP,COMPUTE,0,0,0,0,0,1,0,1,pc=71 LOAD UOP,,,,,,,,,0x185800ca,0x00ca,MEMORY READ,,,,,,,1,1,1,0,0,0,0,,,,,,,,,,,,,,,,,
layer_7,72,ALU - add,COMPUTE,0,0,0,0,0,1,0,1,pc=72 ALU - add,,,,,,,,,,,,,,,,,,,,,,,,,0,202,203,,,,,,,,,2,392,1,392,1,0
layer_7,73,LOAD UOP,COMPUTE,0,0,0,0,0,1,0,1,pc=73 LOAD UOP,,,,,,,,,0x185800cb,0x00cb,MEMORY READ,,,,,,,1,1,1,0,0,0,0,,,,,,,,,,,,,,,,,
layer_7,74,ALU - max imm,COMPUTE,0,0,0,0,0,1,0,1,pc=74 ALU - max imm,,,,,,,,,,,,,,,,,,,,,,,,,0,203,204,,,,,,,,,1,0,0,784,1,1
layer_7,75,LOAD UOP,COMPUTE,0,0,0,0,0,1,0,1,pc=75 LOAD UOP,,,,,,,,,0x185800cc,0x00cc,MEMORY READ,,,,,,,1,1,1,0,0,0,0,,,,,,,,,,,,,,,,,
layer_7,76,ALU - add imm,COMPUTE,0,0,0,0,0,1,0,1,pc=76 ALU - add imm,,,,,,,,,,,,,,,,,,,,,,,,,0,204,205,,,,,,,,,1,0,0,784,1,1
layer_7,77,LOAD UOP,COMPUTE,0,0,0,0,0,1,0,1,pc=77 LOAD UOP,,,,,,,,,0x185800cd,0x00cd,MEMORY READ,,,,,,,1,1,1,0,0,0,0,,,,,,,,,,,,,,,,,
layer_7,78,ALU - shr,COMPUTE,0,0,0,0,0,1,0,1,pc=78 ALU - shr,,,,,,,,,,,,,,,,,,,,,,,,,0,205,206,,,,,,,,,1,0,0,784,1,1
layer_7,79,LOAD UOP,COMPUTE,0,0,0,0,0,1,0,1,pc=79 LOAD UOP,,,,,,,,,0x185800ce,0x00ce,MEMORY READ,,,,,,,1,1,1,0,0,0,0,,,,,,,,,,,,,,,,,
layer_7,80,ALU - min imm,COMPUTE,0,0,0,0,0,1,0,1,pc=80 ALU - min imm,,,,,,,,,,,,,,,,,,,,,,,,,0,206,207,,,,,,,,,1,0,0,784,1,1
layer_7,81,LOAD UOP,COMPUTE,0,0,0,0,0,1,0,1,pc=81 LOAD UOP,,,,,,,,,0x185800cf,0x00cf,MEMORY READ,,,,,,,1,1,1,0,0,0,0,,,,,,,,,,,,,,,,,
layer_7,82,ALU - max imm,COMPUTE,0,0,0,1,0,1,0,2,pc=82 ALU - max imm,,,,,,,,,,,,,,,,,,,,,,,,,0,207,208,,,,,,,,,1,0,0,784,1,1
layer_7,83,STORE,STORE,1,0,1,0,0,1,1,1,pc=83 STORE,,,,,,,,,0x06040000,0x0000,MEMORY WRITE,,,,,,,2,392,784,0,0,0,0,,,,,,,,,,,,,,,,,
layer_7,84,STORE,STORE,1,0,1,0,0,1,2,0,pc=84 STORE,,,,,,,,,0x06040188,0x0312,MEMORY WRITE,,,,,,,2,392,784,0,0,0,0,,,,,,,,,,,,,,,,,
layer_7,85,GEMM,COMPUTE,0,1,1,0,0,2,1,0,pc=85 GEMM,,,,,,,,,,,,,,,,,,,,,,,,,1,0,14,28,0,0,1,2,0,0,392,,,,,,
layer_7,86,GEMM,COMPUTE,0,1,1,0,0,3,0,0,pc=86 GEMM,,,,,,,,,,,,,,,,,,,,,,,,,1,14,28,28,0,0,1,2,0,0,392,,,,,,
layer_7,87,NOP-MEMORY-STAGE,LOAD,0,1,0,0,0,2,0,0,pc=87 NOP-MEMORY-STAGE,,,,,,,,,,,,,,,,,,,,,,,,,,,,,,,,,,,,,,,,,
layer_7,88,LOAD INP,LOAD,0,1,0,0,0,1,0,0,pc=88 LOAD INP,,,,,,,,,0x05fea000,0x0000,MEMORY READ,,,,,,,15,28,28,1,0,1,1,,,,,,,,,,,,,,,,,
layer_7,89,LOAD WGT,LOAD,0,0,0,1,1,1,0,0,pc=89 LOAD WGT,,,,,,,,,0x005ffc90,0x0000,MEMORY READ,,,,,,,2,9,72,0,0,0,0,,,,,,,,,,,,,,,,,
layer_7,90,LOAD INP,LOAD,0,1,0,0,1,0,0,0,pc=90 LOAD INP,,,,,,,,,0x05fea16c,0x01e0,MEMORY READ,,,,,,,15,28,28,0,1,1,1,,,,,,,,,,,,,,,,,
layer_7,91,LOAD WGT,LOAD,0,0,0,1,2,0,0,0,pc=91 LOAD WGT,,,,,,,,,0x005ffc90,0x0012,MEMORY READ,,,,,,,2,9,72,0,0,0,0,,,,,,,,,,,,,,,,,
layer_7,92,GEMM,COMPUTE,1,0,1,0,1,1,0,0,pc=92 GEMM,,,,,,,,,,,,,,,,,,,,,,,,,0,28,112,28,0,1,1,3,1,1,0,,,,,,
layer_7,93,GEMM,COMPUTE,1,0,1,0,0,2,0,0,pc=93 GEMM,,,,,,,,,,,,,,,,,,,,,,,,,0,112,196,28,0,1,1,3,1,1,0,,,,,,
layer_7,94,LOAD INP,LOAD,0,1,0,0,0,1,0,0,pc=94 LOAD INP,,,,,,,,,0x05fea310,0x0000,MEMORY READ,,,,,,,15,28,28,1,0,1,1,,,,,,,,,,,,,,,,,
layer_7,95,LOAD WGT,LOAD,0,0,0,1,1,1,0,0,pc=95 LOAD WGT,,,,,,,,,0x005ffc99,0x0000,MEMORY READ,,,,,,,2,9,72,0,0,0,0,,,,,,,,,,,,,,,,,
layer_7,96,LOAD INP,LOAD,0,1,0,0,1,0,0,0,pc=96 LOAD INP,,,,,,,,,0x05fea47c,0x01e0,MEMORY READ,,,,,,,15,28,28,0,1,1,1,,,,,,,,,,,,,,,,,
layer_7,97,LOAD WGT,LOAD,0,0,0,1,2,0,0,0,pc=97 LOAD WGT,,,,,,,,,0x005ffc99,0x0012,MEMORY READ,,,,,,,2,9,72,0,0,0,0,,,,,,,,,,,,,,,,,
layer_7,98,GEMM,COMPUTE,1,0,1,0,1,1,0,0,pc=98 GEMM,,,,,,,,,,,,,,,,,,,,,,,,,0,28,112,28,0,1,1,3,1,1,0,,,,,,
layer_7,99,GEMM,COMPUTE,1,0,1,0,0,2,0,0,pc=99 GEMM,,,,,,,,,,,,,,,,,,,,,,,,,0,112,196,28,0,1,1,3,1,1,0,,,,,,
layer_7,100,LOAD INP,LOAD,0,1,0,0,0,1,0,0,pc=100 LOAD INP,,,,,,,,,0x05fea620,0x0000,MEMORY READ,,,,,,,15,28,28,1,0,1,1,,,,,,,,,,,,,,,,,
layer_7,101,LOAD WGT,LOAD,0,0,0,1,1,1,0,0,pc=101 LOAD WGT,,,,,,,,,0x005ffca2,0x0000,MEMORY READ,,,,,,,2,9,72,0,0,0,0,,,,,,,,,,,,,,,,,
layer_7,102,LOAD INP,LOAD,0,1,0,0,1,0,0,0,pc=102 LOAD INP,,,,,,,,,0x05fea78c,0x01e0,MEMORY READ,,,,,,,15,28,28,0,1,1,1,,,,,,,,,,,,,,,,,
layer_7,103,LOAD WGT,LOAD,0,0,0,1,2,0,0,0,pc=103 LOAD WGT,,,,,,,,,0x005ffca2,0x0012,MEMORY READ,,,,,,,2,9,72,0,0,0,0,,,,,,,,,,,,,,,,,
layer_7,104,GEMM,COMPUTE,1,0,1,0,1,1,0,0,pc=104 GEMM,,,,,,,,,,,,,,,,,,,,,,,,,0,28,112,28,0,1,1,3,1,1,0,,,,,,
layer_7,105,GEMM,COMPUTE,1,0,1,0,0,2,0,0,pc=105 GEMM,,,,,,,,,,,,,,,,,,,,,,,,,0,112,196,28,0,1,1,3,1,1,0,,,,,,
layer_7,106,LOAD INP,LOAD,0,1,0,0,0,1,0,0,pc=106 LOAD INP,,,,,,,,,0x05fea930,0x0000,MEMORY READ,,,,,,,15,28,28,1,0,1,1,,,,,,,,,,,,,,,,,
layer_7,107,LOAD WGT,LOAD,0,0,0,1,1,1,0,0,pc=107 LOAD WGT,,,,,,,,,0x005ffcab,0x0000,MEMORY READ,,,,,,,2,9,72,0,0,0,0,,,,,,,,,,,,,,,,,
layer_7,108,LOAD INP,LOAD,0,1,0,0,1,0,0,0,pc=108 LOAD INP,,,,,,,,,0x05feaa9c,0x01e0,MEMORY READ,,,,,,,15,28,28,0,1,1,1,,,,,,,,,,,,,,,,,
layer_7,109,LOAD WGT,LOAD,0,0,0,1,2,0,0,0,pc=109 LOAD WGT,,,,,,,,,0x005ffcab,0x0012,MEMORY READ,,,,,,,2,9,72,0,0,0,0,,,,,,,,,,,,,,,,,
layer_7,110,GEMM,COMPUTE,1,0,1,0,1,1,0,0,pc=110 GEMM,,,,,,,,,,,,,,,,,,,,,,,,,0,28,112,28,0,1,1,3,1,1,0,,,,,,
layer_7,111,GEMM,COMPUTE,1,0,1,0,0,2,0,0,pc=111 GEMM,,,,,,,,,,,,,,,,,,,,,,,,,0,112,196,28,0,1,1,3,1,1,0,,,,,,
layer_7,112,LOAD INP,LOAD,0,1,0,0,0,1,0,0,pc=112 LOAD INP,,,,,,,,,0x05feac40,0x0000,MEMORY READ,,,,,,,15,28,28,1,0,1,1,,,,,,,,,,,,,,,,,
layer_7,113,LOAD WGT,LOAD,0,0,0,1,1,1,0,0,pc=113 LOAD WGT,,,,,,,,,0x005ffcb4,0x0000,MEMORY READ,,,,,,,2,9,72,0,0,0,0,,,,,,,,,,,,,,,,,
layer_7,114,LOAD INP,LOAD,0,1,0,0,1,0,0,0,pc=114 LOAD INP,,,,,,,,,0x05feadac,0x01e0,MEMORY READ,,,,,,,15,28,28,0,1,1,1,,,,,,,,,,,,,,,,,
layer_7,115,LOAD WGT,LOAD,0,0,0,1,2,0,0,0,pc=115 LOAD WGT,,,,,,,,,0x005ffcb4,0x0012,MEMORY READ,,,,,,,2,9,72,0,0,0,0,,,,,,,,,,,,,,,,,
layer_7,116,GEMM,COMPUTE,1,0,1,0,1,1,0,0,pc=116 GEMM,,,,,,,,,,,,,,,,,,,,,,,,,0,28,112,28,0,1,1,3,1,1,0,,,,,,
layer_7,117,GEMM,COMPUTE,1,0,1,0,0,2,0,0,pc=117 GEMM,,,,,,,,,,,,,,,,,,,,,,,,,0,112,196,28,0,1,1,3,1,1,0,,,,,,
layer_7,118,LOAD INP,LOAD,0,1,0,0,0,1,0,0,pc=118 LOAD INP,,,,,,,,,0x05feaf50,0x0000,MEMORY READ,,,,,,,15,28,28,1,0,1,1,,,,,,,,,,,,,,,,,
layer_7,119,LOAD WGT,LOAD,0,0,0,1,1,1,0,0,pc=119 LOAD WGT,,,,,,,,,0x005ffcbd,0x0000,MEMORY READ,,,,,,,2,9,72,0,0,0,0,,,,,,,,,,,,,,,,,
layer_7,120,LOAD INP,LOAD,0,1,0,0,1,0,0,0,pc=120 LOAD INP,,,,,,,,,0x05feb0bc,0x01e0,MEMORY READ,,,,,,,15,28,28,0,1,1,1,,,,,,,,,,,,,,,,,
layer_7,121,LOAD WGT,LOAD,0,0,0,1,2,0,0,0,pc=121 LOAD WGT,,,,,,,,,0x005ffcbd,0x0012,MEMORY READ,,,,,,,2,9,72,0,0,0,0,,,,,,,,,,,,,,,,,
layer_7,122,GEMM,COMPUTE,1,0,1,0,1,1,0,0,pc=122 GEMM,,,,,,,,,,,,,,,,,,,,,,,,,0,28,112,28,0,1,1,3,1,1,0,,,,,,
layer_7,123,GEMM,COMPUTE,1,0,1,0,0,2,0,0,pc=123 GEMM,,,,,,,,,,,,,,,,,,,,,,,,,0,112,196,28,0,1,1,3,1,1,0,,,,,,
layer_7,124,LOAD INP,LOAD,0,1,0,0,0,1,0,0,pc=124 LOAD INP,,,,,,,,,0x05feb260,0x0000,MEMORY READ,,,,,,,15,28,28,1,0,1,1,,,,,,,,,,,,,,,,,
layer_7,125,LOAD WGT,LOAD,0,0,0,1,1,1,0,0,pc=125 LOAD WGT,,,,,,,,,0x005ffcc6,0x0000,MEMORY READ,,,,,,,2,9,72,0,0,0,0,,,,,,,,,,,,,,,,,
layer_7,126,LOAD INP,LOAD,0,1,0,0,1,0,0,0,pc=126 LOAD INP,,,,,,,,,0x05feb3cc,0x01e0,MEMORY READ,,,,,,,15,28,28,0,1,1,1,,,,,,,,,,,,,,,,,
layer_7,127,LOAD WGT,LOAD,0,0,0,1,2,0,0,0,pc=127 LOAD WGT,,,,,,,,,0x005ffcc6,0x0012,MEMORY READ,,,,,,,2,9,72,0,0,0,0,,,,,,,,,,,,,,,,,
layer_7,128,GEMM,COMPUTE,1,0,1,0,1,1,0,0,pc=128 GEMM,,,,,,,,,,,,,,,,,,,,,,,,,0,28,112,28,0,1,1,3,1,1,0,,,,,,
layer_7,129,GEMM,COMPUTE,1,0,1,0,0,2,0,0,pc=129 GEMM,,,,,,,,,,,,,,,,,,,,,,,,,0,112,196,28,0,1,1,3,1,1,0,,,,,,
layer_7,130,LOAD INP,LOAD,0,1,0,0,0,1,0,0,pc=130 LOAD INP,,,,,,,,,0x05feb570,0x0000,MEMORY READ,,,,,,,15,28,28,1,0,1,1,,,,,,,,,,,,,,,,,
layer_7,131,LOAD WGT,LOAD,0,0,0,1,1,1,0,0,pc=131 LOAD WGT,,,,,,,,,0x005ffccf,0x0000,MEMORY READ,,,,,,,2,9,72,0,0,0,0,,,,,,,,,,,,,,,,,
layer_7,132,LOAD INP,LOAD,0,1,0,0,1,0,0,0,pc=132 LOAD INP,,,,,,,,,0x05feb6dc,0x01e0,MEMORY READ,,,,,,,15,28,28,0,1,1,1,,,,,,,,,,,,,,,,,
layer_7,133,LOAD WGT,LOAD,0,0,0,1,2,0,0,0,pc=133 LOAD WGT,,,,,,,,,0x005ffccf,0x0012,MEMORY READ,,,,,,,2,9,72,0,0,0,0,,,,,,,,,,,,,,,,,
layer_7,134,GEMM,COMPUTE,1,0,1,0,1,1,0,0,pc=134 GEMM,,,,,,,,,,,,,,,,,,,,,,,,,0,28,112,28,0,1,1,3,1,1,0,,,,,,
layer_7,135,GEMM,COMPUTE,1,0,1,0,0,2,0,0,pc=135 GEMM,,,,,,,,,,,,,,,,,,,,,,,,,0,112,196,28,0,1,1,3,1,1,0,,,,,,
layer_7,136,NOP-MEMORY-STAGE,LOAD,0,1,0,0,0,1,0,0,pc=136 NOP-MEMORY-STAGE,,,,,,,,,,,,,,,,,,,,,,,,,,,,,,,,,,,,,,,,,
layer_7,137,LOAD ACC,COMPUTE,0,0,0,0,0,1,0,0,pc=137 LOAD ACC,,,,,,,,,0x005e25c2,0x0310,MEMORY READ,,,,,,,1,2,2,0,0,0,0,,,,,,,,,,,,,,,,,
layer_7,138,ALU - add,COMPUTE,0,0,0,0,0,1,0,0,pc=138 ALU - add,,,,,,,,,,,,,,,,,,,,,,,,,0,196,197,,,,,,,,,2,392,1,392,1,0
layer_7,139,ALU - max imm,COMPUTE,0,0,0,0,0,1,0,0,pc=139 ALU - max imm,,,,,,,,,,,,,,,,,,,,,,,,,0,197,198,,,,,,,,,1,0,0,784,1,1
layer_7,140,ALU - add imm,COMPUTE,0,0,0,0,0,1,0,0,pc=140 ALU - add imm,,,,,,,,,,,,,,,,,,,,,,,,,0,198,199,,,,,,,,,1,0,0,784,1,1
layer_7,141,ALU - shr,COMPUTE,0,0,0,0,0,1,0,0,pc=141 ALU - shr,,,,,,,,,,,,,,,,,,,,,,,,,0,199,200,,,,,,,,,1,0,0,784,1,1
layer_7,142,ALU - min imm,COMPUTE,0,0,0,0,0,1,0,0,pc=142 ALU - min imm,,,,,,,,,,,,,,,,,,,,,,,,,0,200,201,,,,,,,,,1,0,0,784,1,1
layer_7,143,ALU - max imm,COMPUTE,0,0,0,1,0,1,0,1,pc=143 ALU - max imm,,,,,,,,,,,,,,,,,,,,,,,,,0,201,202,,,,,,,,,1,0,0,784,1,1
layer_7,144,LOAD ACC,COMPUTE,0,0,0,0,0,1,0,1,pc=144 LOAD ACC,,,,,,,,,0x005e25c2,0x0622,MEMORY READ,,,,,,,1,2,2,0,0,0,0,,,,,,,,,,,,,,,,,
layer_7,145,ALU - add,COMPUTE,0,0,0,0,0,1,0,1,pc=145 ALU - add,,,,,,,,,,,,,,,,,,,,,,,,,0,202,203,,,,,,,,,2,392,1,392,1,0
layer_7,146,ALU - max imm,COMPUTE,0,0,0,0,0,1,0,1,pc=146 ALU - max imm,,,,,,,,,,,,,,,,,,,,,,,,,0,203,204,,,,,,,,,1,0,0,784,1,1
layer_7,147,ALU - add imm,COMPUTE,0,0,0,0,0,1,0,1,pc=147 ALU - add imm,,,,,,,,,,,,,,,,,,,,,,,,,0,204,205,,,,,,,,,1,0,0,784,1,1
layer_7,148,ALU - shr,COMPUTE,0,0,0,0,0,1,0,1,pc=148 ALU - shr,,,,,,,,,,,,,,,,,,,,,,,,,0,205,206,,,,,,,,,1,0,0,784,1,1
layer_7,149,ALU - min imm,COMPUTE,0,0,0,0,0,1,0,1,pc=149 ALU - min imm,,,,,,,,,,,,,,,,,,,,,,,,,0,206,207,,,,,,,,,1,0,0,784,1,1
layer_7,150,ALU - max imm,COMPUTE,0,0,0,1,0,1,0,2,pc=150 ALU - max imm,,,,,,,,,,,,,,,,,,,,,,,,,0,207,208,,,,,,,,,1,0,0,784,1,1
layer_7,151,STORE,STORE,1,0,1,0,0,1,1,1,pc=151 STORE,,,,,,,,,0x06040620,0x0000,MEMORY WRITE,,,,,,,2,392,784,0,0,0,0,,,,,,,,,,,,,,,,,
layer_7,152,STORE,STORE,1,0,1,0,0,1,2,0,pc=152 STORE,,,,,,,,,0x060407a8,0x0312,MEMORY WRITE,,,,,,,2,392,784,0,0,0,0,,,,,,,,,,,,,,,,,
layer_7,153,GEMM,COMPUTE,0,1,1,0,0,2,1,0,pc=153 GEMM,,,,,,,,,,,,,,,,,,,,,,,,,1,0,14,28,0,0,1,2,0,0,392,,,,,,
layer_7,154,GEMM,COMPUTE,0,1,1,0,0,3,0,0,pc=154 GEMM,,,,,,,,,,,,,,,,,,,,,,,,,1,14,28,28,0,0,1,2,0,0,392,,,,,,
layer_7,155,NOP-MEMORY-STAGE,LOAD,0,1,0,0,0,2,0,0,pc=155 NOP-MEMORY-STAGE,,,,,,,,,,,,,,,,,,,,,,,,,,,,,,,,,,,,,,,,,
layer_7,156,LOAD INP,LOAD,0,1,0,0,0,1,0,0,pc=156 LOAD INP,,,,,,,,,0x05fea000,0x0000,MEMORY READ,,,,,,,15,28,28,1,0,1,1,,,,,,,,,,,,,,,,,
layer_7,157,LOAD WGT,LOAD,0,0,0,1,1,1,0,0,pc=157 LOAD WGT,,,,,,,,,0x005ffd20,0x0000,MEMORY READ,,,,,,,2,9,72,0,0,0,0,,,,,,,,,,,,,,,,,
layer_7,158,LOAD INP,LOAD,0,1,0,0,1,0,0,0,pc=158 LOAD INP,,,,,,,,,0x05fea16c,0x01e0,MEMORY READ,,,,,,,15,28,28,0,1,1,1,,,,,,,,,,,,,,,,,
layer_7,159,LOAD WGT,LOAD,0,0,0,1,2,0,0,0,pc=159 LOAD WGT,,,,,,,,,0x005ffd20,0x0012,MEMORY READ,,,,,,,2,9,72,0,0,0,0,,,,,,,,,,,,,,,,,
layer_7,160,GEMM,COMPUTE,1,0,1,0,1,1,0,0,pc=160 GEMM,,,,,,,,,,,,,,,,,,,,,,,,,0,28,112,28,0,1,1,3,1,1,0,,,,,,
layer_7,161,GEMM,COMPUTE,1,0,1,0,0,2,0,0,pc=161 GEMM,,,,,,,,,,,,,,,,,,,,,,,,,0,112,196,28,0,1,1,3,1,1,0,,,,,,
layer_7,162,LOAD INP,LOAD,0,1,0,0,0,1,0,0,pc=162 LOAD INP,,,,,,,,,0x05fea310,0x0000,MEMORY READ,,,,,,,15,28,28,1,0,1,1,,,,,,,,,,,,,,,,,
layer_7,163,LOAD WGT,LOAD,0,0,0,1,1,1,0,0,pc=163 LOAD WGT,,,,,,,,,0x005ffd29,0x0000,MEMORY READ,,,,,,,2,9,72,0,0,0,0,,,,,,,,,,,,,,,,,
layer_7,164,LOAD INP,LOAD,0,1,0,0,1,0,0,0,pc=164 LOAD INP,,,,,,,,,0x05fea47c,0x01e0,MEMORY READ,,,,,,,15,28,28,0,1,1,1,,,,,,,,,,,,,,,,,
layer_7,165,LOAD WGT,LOAD,0,0,0,1,2,0,0,0,pc=165 LOAD WGT,,,,,,,,,0x005ffd29,0x0012,MEMORY READ,,,,,,,2,9,72,0,0,0,0,,,,,,,,,,,,,,,,,
layer_7,166,GEMM,COMPUTE,1,0,1,0,1,1,0,0,pc=166 GEMM,,,,,,,,,,,,,,,,,,,,,,,,,0,28,112,28,0,1,1,3,1,1,0,,,,,,
layer_7,167,GEMM,COMPUTE,1,0,1,0,0,2,0,0,pc=167 GEMM,,,,,,,,,,,,,,,,,,,,,,,,,0,112,196,28,0,1,1,3,1,1,0,,,,,,
layer_7,168,LOAD INP,LOAD,0,1,0,0,0,1,0,0,pc=168 LOAD INP,,,,,,,,,0x05fea620,0x0000,MEMORY READ,,,,,,,15,28,28,1,0,1,1,,,,,,,,,,,,,,,,,
layer_7,169,LOAD WGT,LOAD,0,0,0,1,1,1,0,0,pc=169 LOAD WGT,,,,,,,,,0x005ffd32,0x0000,MEMORY READ,,,,,,,2,9,72,0,0,0,0,,,,,,,,,,,,,,,,,
layer_7,170,LOAD INP,LOAD,0,1,0,0,1,0,0,0,pc=170 LOAD INP,,,,,,,,,0x05fea78c,0x01e0,MEMORY READ,,,,,,,15,28,28,0,1,1,1,,,,,,,,,,,,,,,,,
layer_7,171,LOAD WGT,LOAD,0,0,0,1,2,0,0,0,pc=171 LOAD WGT,,,,,,,,,0x005ffd32,0x0012,MEMORY READ,,,,,,,2,9,72,0,0,0,0,,,,,,,,,,,,,,,,,
layer_7,172,GEMM,COMPUTE,1,0,1,0,1,1,0,0,pc=172 GEMM,,,,,,,,,,,,,,,,,,,,,,,,,0,28,112,28,0,1,1,3,1,1,0,,,,,,
layer_7,173,GEMM,COMPUTE,1,0,1,0,0,2,0,0,pc=173 GEMM,,,,,,,,,,,,,,,,,,,,,,,,,0,112,196,28,0,1,1,3,1,1,0,,,,,,
layer_7,174,LOAD INP,LOAD,0,1,0,0,0,1,0,0,pc=174 LOAD INP,,,,,,,,,0x05fea930,0x0000,MEMORY READ,,,,,,,15,28,28,1,0,1,1,,,,,,,,,,,,,,,,,
layer_7,175,LOAD WGT,LOAD,0,0,0,1,1,1,0,0,pc=175 LOAD WGT,,,,,,,,,0x005ffd3b,0x0000,MEMORY READ,,,,,,,2,9,72,0,0,0,0,,,,,,,,,,,,,,,,,
layer_7,176,LOAD INP,LOAD,0,1,0,0,1,0,0,0,pc=176 LOAD INP,,,,,,,,,0x05feaa9c,0x01e0,MEMORY READ,,,,,,,15,28,28,0,1,1,1,,,,,,,,,,,,,,,,,
layer_7,177,LOAD WGT,LOAD,0,0,0,1,2,0,0,0,pc=177 LOAD WGT,,,,,,,,,0x005ffd3b,0x0012,MEMORY READ,,,,,,,2,9,72,0,0,0,0,,,,,,,,,,,,,,,,,
layer_7,178,GEMM,COMPUTE,1,0,1,0,1,1,0,0,pc=178 GEMM,,,,,,,,,,,,,,,,,,,,,,,,,0,28,112,28,0,1,1,3,1,1,0,,,,,,
layer_7,179,GEMM,COMPUTE,1,0,1,0,0,2,0,0,pc=179 GEMM,,,,,,,,,,,,,,,,,,,,,,,,,0,112,196,28,0,1,1,3,1,1,0,,,,,,
layer_7,180,LOAD INP,LOAD,0,1,0,0,0,1,0,0,pc=180 LOAD INP,,,,,,,,,0x05feac40,0x0000,MEMORY READ,,,,,,,15,28,28,1,0,1,1,,,,,,,,,,,,,,,,,
layer_7,181,LOAD WGT,LOAD,0,0,0,1,1,1,0,0,pc=181 LOAD WGT,,,,,,,,,0x005ffd44,0x0000,MEMORY READ,,,,,,,2,9,72,0,0,0,0,,,,,,,,,,,,,,,,,
layer_7,182,LOAD INP,LOAD,0,1,0,0,1,0,0,0,pc=182 LOAD INP,,,,,,,,,0x05feadac,0x01e0,MEMORY READ,,,,,,,15,28,28,0,1,1,1,,,,,,,,,,,,,,,,,
layer_7,183,LOAD WGT,LOAD,0,0,0,1,2,0,0,0,pc=183 LOAD WGT,,,,,,,,,0x005ffd44,0x0012,MEMORY READ,,,,,,,2,9,72,0,0,0,0,,,,,,,,,,,,,,,,,
layer_7,184,GEMM,COMPUTE,1,0,1,0,1,1,0,0,pc=184 GEMM,,,,,,,,,,,,,,,,,,,,,,,,,0,28,112,28,0,1,1,3,1,1,0,,,,,,
layer_7,185,GEMM,COMPUTE,1,0,1,0,0,2,0,0,pc=185 GEMM,,,,,,,,,,,,,,,,,,,,,,,,,0,112,196,28,0,1,1,3,1,1,0,,,,,,
layer_7,186,LOAD INP,LOAD,0,1,0,0,0,1,0,0,pc=186 LOAD INP,,,,,,,,,0x05feaf50,0x0000,MEMORY READ,,,,,,,15,28,28,1,0,1,1,,,,,,,,,,,,,,,,,
layer_7,187,LOAD WGT,LOAD,0,0,0,1,1,1,0,0,pc=187 LOAD WGT,,,,,,,,,0x005ffd4d,0x0000,MEMORY READ,,,,,,,2,9,72,0,0,0,0,,,,,,,,,,,,,,,,,
layer_7,188,LOAD INP,LOAD,0,1,0,0,1,0,0,0,pc=188 LOAD INP,,,,,,,,,0x05feb0bc,0x01e0,MEMORY READ,,,,,,,15,28,28,0,1,1,1,,,,,,,,,,,,,,,,,
layer_7,189,LOAD WGT,LOAD,0,0,0,1,2,0,0,0,pc=189 LOAD WGT,,,,,,,,,0x005ffd4d,0x0012,MEMORY READ,,,,,,,2,9,72,0,0,0,0,,,,,,,,,,,,,,,,,
layer_7,190,GEMM,COMPUTE,1,0,1,0,1,1,0,0,pc=190 GEMM,,,,,,,,,,,,,,,,,,,,,,,,,0,28,112,28,0,1,1,3,1,1,0,,,,,,
layer_7,191,GEMM,COMPUTE,1,0,1,0,0,2,0,0,pc=191 GEMM,,,,,,,,,,,,,,,,,,,,,,,,,0,112,196,28,0,1,1,3,1,1,0,,,,,,
layer_7,192,LOAD INP,LOAD,0,1,0,0,0,1,0,0,pc=192 LOAD INP,,,,,,,,,0x05feb260,0x0000,MEMORY READ,,,,,,,15,28,28,1,0,1,1,,,,,,,,,,,,,,,,,
layer_7,193,LOAD WGT,LOAD,0,0,0,1,1,1,0,0,pc=193 LOAD WGT,,,,,,,,,0x005ffd56,0x0000,MEMORY READ,,,,,,,2,9,72,0,0,0,0,,,,,,,,,,,,,,,,,
layer_7,194,LOAD INP,LOAD,0,1,0,0,1,0,0,0,pc=194 LOAD INP,,,,,,,,,0x05feb3cc,0x01e0,MEMORY READ,,,,,,,15,28,28,0,1,1,1,,,,,,,,,,,,,,,,,
layer_7,195,LOAD WGT,LOAD,0,0,0,1,2,0,0,0,pc=195 LOAD WGT,,,,,,,,,0x005ffd56,0x0012,MEMORY READ,,,,,,,2,9,72,0,0,0,0,,,,,,,,,,,,,,,,,
layer_7,196,GEMM,COMPUTE,1,0,1,0,1,1,0,0,pc=196 GEMM,,,,,,,,,,,,,,,,,,,,,,,,,0,28,112,28,0,1,1,3,1,1,0,,,,,,
layer_7,197,GEMM,COMPUTE,1,0,1,0,0,2,0,0,pc=197 GEMM,,,,,,,,,,,,,,,,,,,,,,,,,0,112,196,28,0,1,1,3,1,1,0,,,,,,
layer_7,198,LOAD INP,LOAD,0,1,0,0,0,1,0,0,pc=198 LOAD INP,,,,,,,,,0x05feb570,0x0000,MEMORY READ,,,,,,,15,28,28,1,0,1,1,,,,,,,,,,,,,,,,,
layer_7,199,LOAD WGT,LOAD,0,0,0,1,1,1,0,0,pc=199 LOAD WGT,,,,,,,,,0x005ffd5f,0x0000,MEMORY READ,,,,,,,2,9,72,0,0,0,0,,,,,,,,,,,,,,,,,
layer_7,200,LOAD INP,LOAD,0,1,0,0,1,0,0,0,pc=200 LOAD INP,,,,,,,,,0x05feb6dc,0x01e0,MEMORY READ,,,,,,,15,28,28,0,1,1,1,,,,,,,,,,,,,,,,,
layer_7,201,LOAD WGT,LOAD,0,0,0,1,2,0,0,0,pc=201 LOAD WGT,,,,,,,,,0x005ffd5f,0x0012,MEMORY READ,,,,,,,2,9,72,0,0,0,0,,,,,,,,,,,,,,,,,
layer_7,202,GEMM,COMPUTE,1,0,1,0,1,1,0,0,pc=202 GEMM,,,,,,,,,,,,,,,,,,,,,,,,,0,28,112,28,0,1,1,3,1,1,0,,,,,,
layer_7,203,GEMM,COMPUTE,1,0,1,0,0,2,0,0,pc=203 GEMM,,,,,,,,,,,,,,,,,,,,,,,,,0,112,196,28,0,1,1,3,1,1,0,,,,,,
layer_7,204,NOP-MEMORY-STAGE,LOAD,0,1,0,0,0,1,0,0,pc=204 NOP-MEMORY-STAGE,,,,,,,,,,,,,,,,,,,,,,,,,,,,,,,,,,,,,,,,,
layer_7,205,LOAD ACC,COMPUTE,0,0,0,0,0,1,0,0,pc=205 LOAD ACC,,,,,,,,,0x005e25c4,0x0310,MEMORY READ,,,,,,,1,2,2,0,0,0,0,,,,,,,,,,,,,,,,,
layer_7,206,ALU - add,COMPUTE,0,0,0,0,0,1,0,0,pc=206 ALU - add,,,,,,,,,,,,,,,,,,,,,,,,,0,196,197,,,,,,,,,2,392,1,392,1,0
layer_7,207,ALU - max imm,COMPUTE,0,0,0,0,0,1,0,0,pc=207 ALU - max imm,,,,,,,,,,,,,,,,,,,,,,,,,0,197,198,,,,,,,,,1,0,0,784,1,1
layer_7,208,ALU - add imm,COMPUTE,0,0,0,0,0,1,0,0,pc=208 ALU - add imm,,,,,,,,,,,,,,,,,,,,,,,,,0,198,199,,,,,,,,,1,0,0,784,1,1
layer_7,209,ALU - shr,COMPUTE,0,0,0,0,0,1,0,0,pc=209 ALU - shr,,,,,,,,,,,,,,,,,,,,,,,,,0,199,200,,,,,,,,,1,0,0,784,1,1
layer_7,210,ALU - min imm,COMPUTE,0,0,0,0,0,1,0,0,pc=210 ALU - min imm,,,,,,,,,,,,,,,,,,,,,,,,,0,200,201,,,,,,,,,1,0,0,784,1,1
layer_7,211,ALU - max imm,COMPUTE,0,0,0,1,0,1,0,1,pc=211 ALU - max imm,,,,,,,,,,,,,,,,,,,,,,,,,0,201,202,,,,,,,,,1,0,0,784,1,1
layer_7,212,LOAD ACC,COMPUTE,0,0,0,0,0,1,0,1,pc=212 LOAD ACC,,,,,,,,,0x005e25c4,0x0622,MEMORY READ,,,,,,,1,2,2,0,0,0,0,,,,,,,,,,,,,,,,,
layer_7,213,ALU - add,COMPUTE,0,0,0,0,0,1,0,1,pc=213 ALU - add,,,,,,,,,,,,,,,,,,,,,,,,,0,202,203,,,,,,,,,2,392,1,392,1,0
layer_7,214,ALU - max imm,COMPUTE,0,0,0,0,0,1,0,1,pc=214 ALU - max imm,,,,,,,,,,,,,,,,,,,,,,,,,0,203,204,,,,,,,,,1,0,0,784,1,1
layer_7,215,ALU - add imm,COMPUTE,0,0,0,0,0,1,0,1,pc=215 ALU - add imm,,,,,,,,,,,,,,,,,,,,,,,,,0,204,205,,,,,,,,,1,0,0,784,1,1
layer_7,216,ALU - shr,COMPUTE,0,0,0,0,0,1,0,1,pc=216 ALU - shr,,,,,,,,,,,,,,,,,,,,,,,,,0,205,206,,,,,,,,,1,0,0,784,1,1
layer_7,217,ALU - min imm,COMPUTE,0,0,0,0,0,1,0,1,pc=217 ALU - min imm,,,,,,,,,,,,,,,,,,,,,,,,,0,206,207,,,,,,,,,1,0,0,784,1,1
layer_7,218,ALU - max imm,COMPUTE,0,0,0,1,0,1,0,2,pc=218 ALU - max imm,,,,,,,,,,,,,,,,,,,,,,,,,0,207,208,,,,,,,,,1,0,0,784,1,1
layer_7,219,STORE,STORE,1,0,1,0,0,1,1,1,pc=219 STORE,,,,,,,,,0x06040c40,0x0000,MEMORY WRITE,,,,,,,2,392,784,0,0,0,0,,,,,,,,,,,,,,,,,
layer_7,220,STORE,STORE,1,0,1,0,0,1,2,0,pc=220 STORE,,,,,,,,,0x06040dc8,0x0312,MEMORY WRITE,,,,,,,2,392,784,0,0,0,0,,,,,,,,,,,,,,,,,
layer_7,221,GEMM,COMPUTE,0,1,1,0,0,2,1,0,pc=221 GEMM,,,,,,,,,,,,,,,,,,,,,,,,,1,0,14,28,0,0,1,2,0,0,392,,,,,,
layer_7,222,GEMM,COMPUTE,0,1,1,0,0,3,0,0,pc=222 GEMM,,,,,,,,,,,,,,,,,,,,,,,,,1,14,28,28,0,0,1,2,0,0,392,,,,,,
layer_7,223,NOP-MEMORY-STAGE,LOAD,0,1,0,0,0,2,0,0,pc=223 NOP-MEMORY-STAGE,,,,,,,,,,,,,,,,,,,,,,,,,,,,,,,,,,,,,,,,,
layer_7,224,LOAD INP,LOAD,0,1,0,0,0,1,0,0,pc=224 LOAD INP,,,,,,,,,0x05fea000,0x0000,MEMORY READ,,,,,,,15,28,28,1,0,1,1,,,,,,,,,,,,,,,,,
layer_7,225,LOAD WGT,LOAD,0,0,0,1,1,1,0,0,pc=225 LOAD WGT,,,,,,,,,0x005ffdb0,0x0000,MEMORY READ,,,,,,,2,9,72,0,0,0,0,,,,,,,,,,,,,,,,,
layer_7,226,LOAD INP,LOAD,0,1,0,0,1,0,0,0,pc=226 LOAD INP,,,,,,,,,0x05fea16c,0x01e0,MEMORY READ,,,,,,,15,28,28,0,1,1,1,,,,,,,,,,,,,,,,,
layer_7,227,LOAD WGT,LOAD,0,0,0,1,2,0,0,0,pc=227 LOAD WGT,,,,,,,,,0x005ffdb0,0x0012,MEMORY READ,,,,,,,2,9,72,0,0,0,0,,,,,,,,,,,,,,,,,
layer_7,228,GEMM,COMPUTE,1,0,1,0,1,1,0,0,pc=228 GEMM,,,,,,,,,,,,,,,,,,,,,,,,,0,28,112,28,0,1,1,3,1,1,0,,,,,,
layer_7,229,GEMM,COMPUTE,1,0,1,0,0,2,0,0,pc=229 GEMM,,,,,,,,,,,,,,,,,,,,,,,,,0,112,196,28,0,1,1,3,1,1,0,,,,,,
layer_7,230,LOAD INP,LOAD,0,1,0,0,0,1,0,0,pc=230 LOAD INP,,,,,,,,,0x05fea310,0x0000,MEMORY READ,,,,,,,15,28,28,1,0,1,1,,,,,,,,,,,,,,,,,
layer_7,231,LOAD WGT,LOAD,0,0,0,1,1,1,0,0,pc=231 LOAD WGT,,,,,,,,,0x005ffdb9,0x0000,MEMORY READ,,,,,,,2,9,72,0,0,0,0,,,,,,,,,,,,,,,,,
layer_7,232,LOAD INP,LOAD,0,1,0,0,1,0,0,0,pc=232 LOAD INP,,,,,,,,,0x05fea47c,0x01e0,MEMORY READ,,,,,,,15,28,28,0,1,1,1,,,,,,,,,,,,,,,,,
layer_7,233,LOAD WGT,LOAD,0,0,0,1,2,0,0,0,pc=233 LOAD WGT,,,,,,,,,0x005ffdb9,0x0012,MEMORY READ,,,,,,,2,9,72,0,0,0,0,,,,,,,,,,,,,,,,,
layer_7,234,GEMM,COMPUTE,1,0,1,0,1,1,0,0,pc=234 GEMM,,,,,,,,,,,,,,,,,,,,,,,,,0,28,112,28,0,1,1,3,1,1,0,,,,,,
layer_7,235,GEMM,COMPUTE,1,0,1,0,0,2,0,0,pc=235 GEMM,,,,,,,,,,,,,,,,,,,,,,,,,0,112,196,28,0,1,1,3,1,1,0,,,,,,
layer_7,236,LOAD INP,LOAD,0,1,0,0,0,1,0,0,pc=236 LOAD INP,,,,,,,,,0x05fea620,0x0000,MEMORY READ,,,,,,,15,28,28,1,0,1,1,,,,,,,,,,,,,,,,,
layer_7,237,LOAD WGT,LOAD,0,0,0,1,1,1,0,0,pc=237 LOAD WGT,,,,,,,,,0x005ffdc2,0x0000,MEMORY READ,,,,,,,2,9,72,0,0,0,0,,,,,,,,,,,,,,,,,
layer_7,238,LOAD INP,LOAD,0,1,0,0,1,0,0,0,pc=238 LOAD INP,,,,,,,,,0x05fea78c,0x01e0,MEMORY READ,,,,,,,15,28,28,0,1,1,1,,,,,,,,,,,,,,,,,
layer_7,239,LOAD WGT,LOAD,0,0,0,1,2,0,0,0,pc=239 LOAD WGT,,,,,,,,,0x005ffdc2,0x0012,MEMORY READ,,,,,,,2,9,72,0,0,0,0,,,,,,,,,,,,,,,,,
layer_7,240,GEMM,COMPUTE,1,0,1,0,1,1,0,0,pc=240 GEMM,,,,,,,,,,,,,,,,,,,,,,,,,0,28,112,28,0,1,1,3,1,1,0,,,,,,
layer_7,241,GEMM,COMPUTE,1,0,1,0,0,2,0,0,pc=241 GEMM,,,,,,,,,,,,,,,,,,,,,,,,,0,112,196,28,0,1,1,3,1,1,0,,,,,,
layer_7,242,LOAD INP,LOAD,0,1,0,0,0,1,0,0,pc=242 LOAD INP,,,,,,,,,0x05fea930,0x0000,MEMORY READ,,,,,,,15,28,28,1,0,1,1,,,,,,,,,,,,,,,,,
layer_7,243,LOAD WGT,LOAD,0,0,0,1,1,1,0,0,pc=243 LOAD WGT,,,,,,,,,0x005ffdcb,0x0000,MEMORY READ,,,,,,,2,9,72,0,0,0,0,,,,,,,,,,,,,,,,,
layer_7,244,LOAD INP,LOAD,0,1,0,0,1,0,0,0,pc=244 LOAD INP,,,,,,,,,0x05feaa9c,0x01e0,MEMORY READ,,,,,,,15,28,28,0,1,1,1,,,,,,,,,,,,,,,,,
layer_7,245,LOAD WGT,LOAD,0,0,0,1,2,0,0,0,pc=245 LOAD WGT,,,,,,,,,0x005ffdcb,0x0012,MEMORY READ,,,,,,,2,9,72,0,0,0,0,,,,,,,,,,,,,,,,,
layer_7,246,GEMM,COMPUTE,1,0,1,0,1,1,0,0,pc=246 GEMM,,,,,,,,,,,,,,,,,,,,,,,,,0,28,112,28,0,1,1,3,1,1,0,,,,,,
layer_7,247,GEMM,COMPUTE,1,0,1,0,0,2,0,0,pc=247 GEMM,,,,,,,,,,,,,,,,,,,,,,,,,0,112,196,28,0,1,1,3,1,1,0,,,,,,
layer_7,248,LOAD INP,LOAD,0,1,0,0,0,1,0,0,pc=248 LOAD INP,,,,,,,,,0x05feac40,0x0000,MEMORY READ,,,,,,,15,28,28,1,0,1,1,,,,,,,,,,,,,,,,,
layer_7,249,LOAD WGT,LOAD,0,0,0,1,1,1,0,0,pc=249 LOAD WGT,,,,,,,,,0x005ffdd4,0x0000,MEMORY READ,,,,,,,2,9,72,0,0,0,0,,,,,,,,,,,,,,,,,
layer_7,250,LOAD INP,LOAD,0,1,0,0,1,0,0,0,pc=250 LOAD INP,,,,,,,,,0x05feadac,0x01e0,MEMORY READ,,,,,,,15,28,28,0,1,1,1,,,,,,,,,,,,,,,,,
layer_7,251,LOAD WGT,LOAD,0,0,0,1,2,0,0,0,pc=251 LOAD WGT,,,,,,,,,0x005ffdd4,0x0012,MEMORY READ,,,,,,,2,9,72,0,0,0,0,,,,,,,,,,,,,,,,,
layer_7,252,GEMM,COMPUTE,1,0,1,0,1,1,0,0,pc=252 GEMM,,,,,,,,,,,,,,,,,,,,,,,,,0,28,112,28,0,1,1,3,1,1,0,,,,,,
layer_7,253,GEMM,COMPUTE,1,0,1,0,0,2,0,0,pc=253 GEMM,,,,,,,,,,,,,,,,,,,,,,,,,0,112,196,28,0,1,1,3,1,1,0,,,,,,
layer_7,254,LOAD INP,LOAD,0,1,0,0,0,1,0,0,pc=254 LOAD INP,,,,,,,,,0x05feaf50,0x0000,MEMORY READ,,,,,,,15,28,28,1,0,1,1,,,,,,,,,,,,,,,,,
layer_7,255,LOAD WGT,LOAD,0,0,0,1,1,1,0,0,pc=255 LOAD WGT,,,,,,,,,0x005ffddd,0x0000,MEMORY READ,,,,,,,2,9,72,0,0,0,0,,,,,,,,,,,,,,,,,
layer_7,256,LOAD INP,LOAD,0,1,0,0,1,0,0,0,pc=256 LOAD INP,,,,,,,,,0x05feb0bc,0x01e0,MEMORY READ,,,,,,,15,28,28,0,1,1,1,,,,,,,,,,,,,,,,,
layer_7,257,LOAD WGT,LOAD,0,0,0,1,2,0,0,0,pc=257 LOAD WGT,,,,,,,,,0x005ffddd,0x0012,MEMORY READ,,,,,,,2,9,72,0,0,0,0,,,,,,,,,,,,,,,,,
layer_7,258,GEMM,COMPUTE,1,0,1,0,1,1,0,0,pc=258 GEMM,,,,,,,,,,,,,,,,,,,,,,,,,0,28,112,28,0,1,1,3,1,1,0,,,,,,
layer_7,259,GEMM,COMPUTE,1,0,1,0,0,2,0,0,pc=259 GEMM,,,,,,,,,,,,,,,,,,,,,,,,,0,112,196,28,0,1,1,3,1,1,0,,,,,,
layer_7,260,LOAD INP,LOAD,0,1,0,0,0,1,0,0,pc=260 LOAD INP,,,,,,,,,0x05feb260,0x0000,MEMORY READ,,,,,,,15,28,28,1,0,1,1,,,,,,,,,,,,,,,,,
layer_7,261,LOAD WGT,LOAD,0,0,0,1,1,1,0,0,pc=261 LOAD WGT,,,,,,,,,0x005ffde6,0x0000,MEMORY READ,,,,,,,2,9,72,0,0,0,0,,,,,,,,,,,,,,,,,
layer_7,262,LOAD INP,LOAD,0,1,0,0,1,0,0,0,pc=262 LOAD INP,,,,,,,,,0x05feb3cc,0x01e0,MEMORY READ,,,,,,,15,28,28,0,1,1,1,,,,,,,,,,,,,,,,,
layer_7,263,LOAD WGT,LOAD,0,0,0,1,2,0,0,0,pc=263 LOAD WGT,,,,,,,,,0x005ffde6,0x0012,MEMORY READ,,,,,,,2,9,72,0,0,0,0,,,,,,,,,,,,,,,,,
layer_7,264,GEMM,COMPUTE,1,0,1,0,1,1,0,0,pc=264 GEMM,,,,,,,,,,,,,,,,,,,,,,,,,0,28,112,28,0,1,1,3,1,1,0,,,,,,
layer_7,265,GEMM,COMPUTE,1,0,1,0,0,2,0,0,pc=265 GEMM,,,,,,,,,,,,,,,,,,,,,,,,,0,112,196,28,0,1,1,3,1,1,0,,,,,,
layer_7,266,LOAD INP,LOAD,0,1,0,0,0,1,0,0,pc=266 LOAD INP,,,,,,,,,0x05feb570,0x0000,MEMORY READ,,,,,,,15,28,28,1,0,1,1,,,,,,,,,,,,,,,,,
layer_7,267,LOAD WGT,LOAD,0,0,0,1,1,1,0,0,pc=267 LOAD WGT,,,,,,,,,0x005ffdef,0x0000,MEMORY READ,,,,,,,2,9,72,0,0,0,0,,,,,,,,,,,,,,,,,
layer_7,268,LOAD INP,LOAD,0,1,0,0,1,0,0,0,pc=268 LOAD INP,,,,,,,,,0x05feb6dc,0x01e0,MEMORY READ,,,,,,,15,28,28,0,1,1,1,,,,,,,,,,,,,,,,,
layer_7,269,LOAD WGT,LOAD,0,0,0,1,2,0,0,0,pc=269 LOAD WGT,,,,,,,,,0x005ffdef,0x0012,MEMORY READ,,,,,,,2,9,72,0,0,0,0,,,,,,,,,,,,,,,,,
layer_7,270,GEMM,COMPUTE,1,0,1,0,1,1,0,0,pc=270 GEMM,,,,,,,,,,,,,,,,,,,,,,,,,0,28,112,28,0,1,1,3,1,1,0,,,,,,
layer_7,271,GEMM,COMPUTE,1,0,1,0,0,2,0,0,pc=271 GEMM,,,,,,,,,,,,,,,,,,,,,,,,,0,112,196,28,0,1,1,3,1,1,0,,,,,,
layer_7,272,NOP-MEMORY-STAGE,LOAD,0,1,0,0,0,1,0,0,pc=272 NOP-MEMORY-STAGE,,,,,,,,,,,,,,,,,,,,,,,,,,,,,,,,,,,,,,,,,
layer_7,273,LOAD ACC,COMPUTE,0,0,0,0,0,1,0,0,pc=273 LOAD ACC,,,,,,,,,0x005e25c6,0x0310,MEMORY READ,,,,,,,1,2,2,0,0,0,0,,,,,,,,,,,,,,,,,
layer_7,274,ALU - add,COMPUTE,0,0,0,0,0,1,0,0,pc=274 ALU - add,,,,,,,,,,,,,,,,,,,,,,,,,0,196,197,,,,,,,,,2,392,1,392,1,0
layer_7,275,ALU - max imm,COMPUTE,0,0,0,0,0,1,0,0,pc=275 ALU - max imm,,,,,,,,,,,,,,,,,,,,,,,,,0,197,198,,,,,,,,,1,0,0,784,1,1
layer_7,276,ALU - add imm,COMPUTE,0,0,0,0,0,1,0,0,pc=276 ALU - add imm,,,,,,,,,,,,,,,,,,,,,,,,,0,198,199,,,,,,,,,1,0,0,784,1,1
layer_7,277,ALU - shr,COMPUTE,0,0,0,0,0,1,0,0,pc=277 ALU - shr,,,,,,,,,,,,,,,,,,,,,,,,,0,199,200,,,,,,,,,1,0,0,784,1,1
layer_7,278,ALU - min imm,COMPUTE,0,0,0,0,0,1,0,0,pc=278 ALU - min imm,,,,,,,,,,,,,,,,,,,,,,,,,0,200,201,,,,,,,,,1,0,0,784,1,1
layer_7,279,ALU - max imm,COMPUTE,0,0,0,1,0,1,0,1,pc=279 ALU - max imm,,,,,,,,,,,,,,,,,,,,,,,,,0,201,202,,,,,,,,,1,0,0,784,1,1
layer_7,280,LOAD ACC,COMPUTE,0,0,0,0,0,1,0,1,pc=280 LOAD ACC,,,,,,,,,0x005e25c6,0x0622,MEMORY READ,,,,,,,1,2,2,0,0,0,0,,,,,,,,,,,,,,,,,
layer_7,281,ALU - add,COMPUTE,0,0,0,0,0,1,0,1,pc=281 ALU - add,,,,,,,,,,,,,,,,,,,,,,,,,0,202,203,,,,,,,,,2,392,1,392,1,0
layer_7,282,ALU - max imm,COMPUTE,0,0,0,0,0,1,0,1,pc=282 ALU - max imm,,,,,,,,,,,,,,,,,,,,,,,,,0,203,204,,,,,,,,,1,0,0,784,1,1
layer_7,283,ALU - add imm,COMPUTE,0,0,0,0,0,1,0,1,pc=283 ALU - add imm,,,,,,,,,,,,,,,,,,,,,,,,,0,204,205,,,,,,,,,1,0,0,784,1,1
layer_7,284,ALU - shr,COMPUTE,0,0,0,0,0,1,0,1,pc=284 ALU - shr,,,,,,,,,,,,,,,,,,,,,,,,,0,205,206,,,,,,,,,1,0,0,784,1,1
layer_7,285,ALU - min imm,COMPUTE,0,0,0,0,0,1,0,1,pc=285 ALU - min imm,,,,,,,,,,,,,,,,,,,,,,,,,0,206,207,,,,,,,,,1,0,0,784,1,1
layer_7,286,ALU - max imm,COMPUTE,0,0,0,1,0,1,0,2,pc=286 ALU - max imm,,,,,,,,,,,,,,,,,,,,,,,,,0,207,208,,,,,,,,,1,0,0,784,1,1
layer_7,287,STORE,STORE,1,0,1,0,0,1,1,1,pc=287 STORE,,,,,,,,,0x06041260,0x0000,MEMORY WRITE,,,,,,,2,392,784,0,0,0,0,,,,,,,,,,,,,,,,,
layer_7,288,STORE,STORE,1,0,1,0,0,1,2,0,pc=288 STORE,,,,,,,,,0x060413e8,0x0312,MEMORY WRITE,,,,,,,2,392,784,0,0,0,0,,,,,,,,,,,,,,,,,
layer_7,289,NOP-COMPUTE-STAGE,COMPUTE,0,1,0,0,0,1,1,0,pc=289 NOP-COMPUTE-STAGE,,,,,,,,,,,,,,,,,,,,,,,,,,,,,,,,,,,,,,,,,
layer_7,290,NOP-STORE-STAGE,STORE,0,0,1,0,0,1,2,0,pc=290 NOP-STORE-STAGE,,,,,,,,,,,,,,,,,,,,,,,,,,,,,,,,,,,,,,,,,
layer_7,291,NOP-MEMORY-STAGE,LOAD,0,1,0,0,0,0,2,0,pc=291 NOP-MEMORY-STAGE,,,,,,,,,,,,,,,,,,,,,,,,,,,,,,,,,,,,,,,,,
layer_7,292,NOP-MEMORY-STAGE,LOAD,0,0,0,1,1,0,2,0,pc=292 NOP-MEMORY-STAGE,,,,,,,,,,,,,,,,,,,,,,,,,,,,,,,,,,,,,,,,,
layer_7,293,NOP-COMPUTE-STAGE,COMPUTE,0,1,0,0,1,0,1,0,pc=293 NOP-COMPUTE-STAGE,,,,,,,,,,,,,,,,,,,,,,,,,,,,,,,,,,,,,,,,,
layer_7,294,NOP-COMPUTE-STAGE,COMPUTE,1,1,0,0,0,0,0,0,pc=294 NOP-COMPUTE-STAGE,,,,,,,,,,,,,,,,,,,,,,,,,,,,,,,,,,,,,,,,,
layer_7,295,FINISH,COMPUTE,,,,,0,0,0,0,pc=295 FINISH,,,,,,,,,,,,,,,,,,,,,,,,,,,,,,,,,,,,,,,,,
layer_8,0,NOP-STORE-STAGE,STORE,0,0,1,0,0,0,1,0,pc=0 NOP-STORE-STAGE,,,,,,,,,,,,,,,,,,,,,,,,,,,,,,,,,,,,,,,,,
layer_8,1,NOP-STORE-STAGE,STORE,0,0,1,0,0,0,2,0,pc=1 NOP-STORE-STAGE,,,,,,,,,,,,,,,,,,,,,,,,,,,,,,,,,,,,,,,,,
layer_8,2,LOAD UOP,COMPUTE,0,1,0,0,0,0,1,0,pc=2 LOAD UOP,,,,,,,,,0x18580000,0x0000,MEMORY READ,,,,,,,1,14,14,0,0,0,0,,,,,,,,,,,,,,,,,
layer_8,3,GEMM,COMPUTE,0,0,1,0,0,1,1,0,pc=3 GEMM,,,,,,,,,,,,,,,,,,,,,,,,,1,0,14,28,0,0,1,2,0,0,392,,,,,,
layer_8,4,LOAD UOP,COMPUTE,0,1,0,0,0,1,0,0,pc=4 LOAD UOP,,,,,,,,,0x1858000e,0x000e,MEMORY READ,,,,,,,1,14,14,0,0,0,0,,,,,,,,,,,,,,,,,
layer_8,5,GEMM,COMPUTE,0,0,1,0,0,2,0,0,pc=5 GEMM,,,,,,,,,,,,,,,,,,,,,,,,,1,14,28,28,0,0,1,2,0,0,392,,,,,,
layer_8,6,LOAD INP,LOAD,0,1,0,0,0,1,0,0,pc=6 LOAD INP,,,,,,,,,0x06040000,0x0000,MEMORY READ,,,,,,,15,28,28,1,0,1,1,,,,,,,,,,,,,,,,,
layer_8,7,LOAD WGT,LOAD,0,0,0,1,1,1,0,0,pc=7 LOAD WGT,,,,,,,,,0x00603400,0x0000,MEMORY READ,,,,,,,2,9,72,0,0,0,0,,,,,,,,,,,,,,,,,
layer_8,8,LOAD INP,LOAD,0,1,0,0,1,0,0,0,pc=8 LOAD INP,,,,,,,,,0x0604016c,0x01e0,MEMORY READ,,,,,,,15,28,28,0,1,1,1,,,,,,,,,,,,,,,,,
layer_8,9,LOAD WGT,LOAD,0,0,0,1,2,0,0,0,pc=9 LOAD WGT,,,,,,,,,0x00603400,0x0012,MEMORY READ,,,,,,,2,9,72,0,0,0,0,,,,,,,,,,,,,,,,,
layer_8,10,LOAD UOP,COMPUTE,1,0,0,0,1,0,0,0,pc=10 LOAD UOP,,,,,,,,,0x1858001c,0x001c,MEMORY READ,,,,,,,1,84,84,0,0,0,0,,,,,,,,,,,,,,,,,
layer_8,11,GEMM,COMPUTE,0,0,1,0,1,1,0,0,pc=11 GEMM,,,,,,,,,,,,,,,,,,,,,,,,,0,28,112,28,0,1,1,3,1,1,0,,,,,,
layer_8,12,LOAD UOP,COMPUTE,1,0,0,0,0,1,0,0,pc=12 LOAD UOP,,,,,,,,,0x18580070,0x0070,MEMORY READ,,,,,,,1,84,84,0,0,0,0,,,,,,,,,,,,,,,,,
layer_8,13,GEMM,COMPUTE,0,0,1,0,0,2,0,0,pc=13 GEMM,,,,,,,,,,,,,,,,,,,,,,,,,0,112,196,28,0,1,1,3,1,1,0,,,,,,
layer_8,14,LOAD INP,LOAD,0,1,0,0,0,1,0,0,pc=14 LOAD INP,,,,,,,,,0x06040310,0x0000,MEMORY READ,,,,,,,15,28,28,1,0,1,1,,,,,,,,,,,,,,,,,
layer_8,15,LOAD WGT,LOAD,0,0,0,1,1,1,0,0,pc=15 LOAD WGT,,,,,,,,,0x00603409,0x0000,MEMORY READ,,,,,,,2,9,72,0,0,0,0,,,,,,,,,,,,,,,,,
layer_8,16,LOAD INP,LOAD,0,1,0,0,1,0,0,0,pc=16 LOAD INP,,,,,,,,,0x0604047c,0x01e0,MEMORY READ,,,,,,,15,28,28,0,1,1,1,,,,,,,,,,,,,,,,,
layer_8,17,LOAD WGT,LOAD,0,0,0,1,2,0,0,0,pc=17 LOAD WGT,,,,,,,,,0x00603409,0x0012,MEMORY READ,,,,,,,2,9,72,0,0,0,0,,,,,,,,,,,,,,,,,
layer_8,18,GEMM,COMPUTE,1,0,1,0,1,1,0,0,pc=18 GEMM,,,,,,,,,,,,,,,,,,,,,,,,,0,28,112,28,0,1,1,3,1,1,0,,,,,,
layer_8,19,GEMM,COMPUTE,1,0,1,0,0,2,0,0,pc=19 GEMM,,,,,,,,,,,,,,,,,,,,,,,,,0,112,196,28,0,1,1,3,1,1,0,,,,,,
layer_8,20,LOAD INP,LOAD,0,1,0,0,0,1,0,0,pc=20 LOAD INP,,,,,,,,,0x06040620,0x0000,MEMORY READ,,,,,,,15,28,28,1,0,1,1,,,,,,,,,,,,,,,,,
layer_8,21,LOAD WGT,LOAD,0,0,0,1,1,1,0,0,pc=21 LOAD WGT,,,,,,,,,0x00603412,0x0000,MEMORY READ,,,,,,,2,9,72,0,0,0,0,,,,,,,,,,,,,,,,,
layer_8,22,LOAD INP,LOAD,0,1,0,0,1,0,0,0,pc=22 LOAD INP,,,,,,,,,0x0604078c,0x01e0,MEMORY READ,,,,,,,15,28,28,0,1,1,1,,,,,,,,,,,,,,,,,
layer_8,23,LOAD WGT,LOAD,0,0,0,1,2,0,0,0,pc=23 LOAD WGT,,,,,,,,,0x00603412,0x0012,MEMORY READ,,,,,,,2,9,72,0,0,0,0,,,,,,,,,,,,,,,,,
layer_8,24,GEMM,COMPUTE,1,0,1,0,1,1,0,0,pc=24 GEMM,,,,,,,,,,,,,,,,,,,,,,,,,0,28,112,28,0,1,1,3,1,1,0,,,,,,
layer_8,25,GEMM,COMPUTE,1,0,1,0,0,2,0,0,pc=25 GEMM,,,,,,,,,,,,,,,,,,,,,,,,,0,112,196,28,0,1,1,3,1,1,0,,,,,,
layer_8,26,LOAD INP,LOAD,0,1,0,0,0,1,0,0,pc=26 LOAD INP,,,,,,,,,0x06040930,0x0000,MEMORY READ,,,,,,,15,28,28,1,0,1,1,,,,,,,,,,,,,,,,,
layer_8,27,LOAD WGT,LOAD,0,0,0,1,1,1,0,0,pc=27 LOAD WGT,,,,,,,,,0x0060341b,0x0000,MEMORY READ,,,,,,,2,9,72,0,0,0,0,,,,,,,,,,,,,,,,,
layer_8,28,LOAD INP,LOAD,0,1,0,0,1,0,0,0,pc=28 LOAD INP,,,,,,,,,0x06040a9c,0x01e0,MEMORY READ,,,,,,,15,28,28,0,1,1,1,,,,,,,,,,,,,,,,,
layer_8,29,LOAD WGT,LOAD,0,0,0,1,2,0,0,0,pc=29 LOAD WGT,,,,,,,,,0x0060341b,0x0012,MEMORY READ,,,,,,,2,9,72,0,0,0,0,,,,,,,,,,,,,,,,,
layer_8,30,GEMM,COMPUTE,1,0,1,0,1,1,0,0,pc=30 GEMM,,,,,,,,,,,,,,,,,,,,,,,,,0,28,112,28,0,1,1,3,1,1,0,,,,,,
layer_8,31,GEMM,COMPUTE,1,0,1,0,0,2,0,0,pc=31 GEMM,,,,,,,,,,,,,,,,,,,,,,,,,0,112,196,28,0,1,1,3,1,1,0,,,,,,
layer_8,32,LOAD INP,LOAD,0,1,0,0,0,1,0,0,pc=32 LOAD INP,,,,,,,,,0x06040c40,0x0000,MEMORY READ,,,,,,,15,28,28,1,0,1,1,,,,,,,,,,,,,,,,,
layer_8,33,LOAD WGT,LOAD,0,0,0,1,1,1,0,0,pc=33 LOAD WGT,,,,,,,,,0x00603424,0x0000,MEMORY READ,,,,,,,2,9,72,0,0,0,0,,,,,,,,,,,,,,,,,
layer_8,34,LOAD INP,LOAD,0,1,0,0,1,0,0,0,pc=34 LOAD INP,,,,,,,,,0x06040dac,0x01e0,MEMORY READ,,,,,,,15,28,28,0,1,1,1,,,,,,,,,,,,,,,,,
layer_8,35,LOAD WGT,LOAD,0,0,0,1,2,0,0,0,pc=35 LOAD WGT,,,,,,,,,0x00603424,0x0012,MEMORY READ,,,,,,,2,9,72,0,0,0,0,,,,,,,,,,,,,,,,,
layer_8,36,GEMM,COMPUTE,1,0,1,0,1,1,0,0,pc=36 GEMM,,,,,,,,,,,,,,,,,,,,,,,,,0,28,112,28,0,1,1,3,1,1,0,,,,,,
layer_8,37,GEMM,COMPUTE,1,0,1,0,0,2,0,0,pc=37 GEMM,,,,,,,,,,,,,,,,,,,,,,,,,0,112,196,28,0,1,1,3,1,1,0,,,,,,
layer_8,38,LOAD INP,LOAD,0,1,0,0,0,1,0,0,pc=38 LOAD INP,,,,,,,,,0x06040f50,0x0000,MEMORY READ,,,,,,,15,28,28,1,0,1,1,,,,,,,,,,,,,,,,,
layer_8,39,LOAD WGT,LOAD,0,0,0,1,1,1,0,0,pc=39 LOAD WGT,,,,,,,,,0x0060342d,0x0000,MEMORY READ,,,,,,,2,9,72,0,0,0,0,,,,,,,,,,,,,,,,,
layer_8,40,LOAD INP,LOAD,0,1,0,0,1,0,0,0,pc=40 LOAD INP,,,,,,,,,0x060410bc,0x01e0,MEMORY READ,,,,,,,15,28,28,0,1,1,1,,,,,,,,,,,,,,,,,
layer_8,41,LOAD WGT,LOAD,0,0,0,1,2,0,0,0,pc=41 LOAD WGT,,,,,,,,,0x0060342d,0x0012,MEMORY READ,,,,,,,2,9,72,0,0,0,0,,,,,,,,,,,,,,,,,
layer_8,42,GEMM,COMPUTE,1,0,1,0,1,1,0,0,pc=42 GEMM,,,,,,,,,,,,,,,,,,,,,,,,,0,28,112,28,0,1,1,3,1,1,0,,,,,,
layer_8,43,GEMM,COMPUTE,1,0,1,0,0,2,0,0,pc=43 GEMM,,,,,,,,,,,,,,,,,,,,,,,,,0,112,196,28,0,1,1,3,1,1,0,,,,,,
layer_8,44,LOAD INP,LOAD,0,1,0,0,0,1,0,0,pc=44 LOAD INP,,,,,,,,,0x06041260,0x0000,MEMORY READ,,,,,,,15,28,28,1,0,1,1,,,,,,,,,,,,,,,,,
layer_8,45,LOAD WGT,LOAD,0,0,0,1,1,1,0,0,pc=45 LOAD WGT,,,,,,,,,0x00603436,0x0000,MEMORY READ,,,,,,,2,9,72,0,0,0,0,,,,,,,,,,,,,,,,,
layer_8,46,LOAD INP,LOAD,0,1,0,0,1,0,0,0,pc=46 LOAD INP,,,,,,,,,0x060413cc,0x01e0,MEMORY READ,,,,,,,15,28,28,0,1,1,1,,,,,,,,,,,,,,,,,
layer_8,47,LOAD WGT,LOAD,0,0,0,1,2,0,0,0,pc=47 LOAD WGT,,,,,,,,,0x00603436,0x0012,MEMORY READ,,,,,,,2,9,72,0,0,0,0,,,,,,,,,,,,,,,,,
layer_8,48,GEMM,COMPUTE,1,0,1,0,1,1,0,0,pc=48 GEMM,,,,,,,,,,,,,,,,,,,,,,,,,0,28,112,28,0,1,1,3,1,1,0,,,,,,
layer_8,49,GEMM,COMPUTE,1,0,1,0,0,2,0,0,pc=49 GEMM,,,,,,,,,,,,,,,,,,,,,,,,,0,112,196,28,0,1,1,3,1,1,0,,,,,,
layer_8,50,LOAD INP,LOAD,0,1,0,0,0,1,0,0,pc=50 LOAD INP,,,,,,,,,0x06041570,0x0000,MEMORY READ,,,,,,,15,28,28,1,0,1,1,,,,,,,,,,,,,,,,,
layer_8,51,LOAD WGT,LOAD,0,0,0,1,1,1,0,0,pc=51 LOAD WGT,,,,,,,,,0x0060343f,0x0000,MEMORY READ,,,,,,,2,9,72,0,0,0,0,,,,,,,,,,,,,,,,,
layer_8,52,LOAD INP,LOAD,0,1,0,0,1,0,0,0,pc=52 LOAD INP,,,,,,,,,0x060416dc,0x01e0,MEMORY READ,,,,,,,15,28,28,0,1,1,1,,,,,,,,,,,,,,,,,
layer_8,53,LOAD WGT,LOAD,0,0,0,1,2,0,0,0,pc=53 LOAD WGT,,,,,,,,,0x0060343f,0x0012,MEMORY READ,,,,,,,2,9,72,0,0,0,0,,,,,,,,,,,,,,,,,
layer_8,54,GEMM,COMPUTE,1,0,1,0,1,1,0,0,pc=54 GEMM,,,,,,,,,,,,,,,,,,,,,,,,,0,28,112,28,0,1,1,3,1,1,0,,,,,,
layer_8,55,GEMM,COMPUTE,1,0,1,0,0,2,0,0,pc=55 GEMM,,,,,,,,,,,,,,,,,,,,,,,,,0,112,196,28,0,1,1,3,1,1,0,,,,,,
layer_8,56,NOP-MEMORY-STAGE,LOAD,0,1,0,0,0,1,0,0,pc=56 NOP-MEMORY-STAGE,,,,,,,,,,,,,,,,,,,,,,,,,,,,,,,,,,,,,,,,,
layer_8,57,LOAD ACC,COMPUTE,0,0,0,0,0,1,0,0,pc=57 LOAD ACC,,,,,,,,,0x005e2500,0x0310,MEMORY READ,,,,,,,1,2,2,0,0,0,0,,,,,,,,,,,,,,,,,
layer_8,58,LOAD UOP,COMPUTE,0,0,0,0,0,1,0,0,pc=58 LOAD UOP,,,,,,,,,0x185800c4,0x00c4,MEMORY READ,,,,,,,1,1,1,0,0,0,0,,,,,,,,,,,,,,,,,
layer_8,59,ALU - add,COMPUTE,0,0,0,0,0,1,0,0,pc=59 ALU - add,,,,,,,,,,,,,,,,,,,,,,,,,0,196,197,,,,,,,,,2,392,1,392,1,0
layer_8,60,LOAD UOP,COMPUTE,0,0,0,0,0,1,0,0,pc=60 LOAD UOP,,,,,,,,,0x185800c5,0x00c5,MEMORY READ,,,,,,,1,1,1,0,0,0,0,,,,,,,,,,,,,,,,,
layer_8,61,ALU - add imm,COMPUTE,0,0,0,0,0,1,0,0,pc=61 ALU - add imm,,,,,,,,,,,,,,,,,,,,,,,,,0,197,198,,,,,,,,,1,0,0,784,1,1
layer_8,62,LOAD UOP,COMPUTE,0,0,0,0,0,1,0,0,pc=62 LOAD UOP,,,,,,,,,0x185800c6,0x00c6,MEMORY READ,,,,,,,1,1,1,0,0,0,0,,,,,,,,,,,,,,,,,
layer_8,63,ALU - shr,COMPUTE,0,0,0,0,0,1,0,0,pc=63 ALU - shr,,,,,,,,,,,,,,,,,,,,,,,,,0,198,199,,,,,,,,,1,0,0,784,1,1
layer_8,64,LOAD UOP,COMPUTE,0,0,0,0,0,1,0,0,pc=64 LOAD UOP,,,,,,,,,0x185800c7,0x00c7,MEMORY READ,,,,,,,1,1,1,0,0,0,0,,,,,,,,,,,,,,,,,
layer_8,65,ALU - min imm,COMPUTE,0,0,0,0,0,1,0,0,pc=65 ALU - min imm,,,,,,,,,,,,,,,,,,,,,,,,,0,199,200,,,,,,,,,1,0,0,784,1,1
layer_8,66,LOAD UOP,COMPUTE,0,0,0,0,0,1,0,0,pc=66 LOAD UOP,,,,,,,,,0x185800c8,0x00c8,MEMORY READ,,,,,,,1,1,1,0,0,0,0,,,,,,,,,,,,,,,,,
layer_8,67,ALU - max imm,COMPUTE,0,0,0,1,0,1,0,1,pc=67 ALU - max imm,,,,,,,,,,,,,,,,,,,,,,,,,0,200,201,,,,,,,,,1,0,0,784,1,1
layer_8,68,LOAD ACC,COMPUTE,0,0,0,0,0,1,0,1,pc=68 LOAD ACC,,,,,,,,,0x005e2500,0x0622,MEMORY READ,,,,,,,1,2,2,0,0,0,0,,,,,,,,,,,,,,,,,
layer_8,69,LOAD UOP,COMPUTE,0,0,0,0,0,1,0,1,pc=69 LOAD UOP,,,,,,,,,0x185800c9,0x00c9,MEMORY READ,,,,,,,1,1,1,0,0,0,0,,,,,,,,,,,,,,,,,
layer_8,70,ALU - add,COMPUTE,0,0,0,0,0,1,0,1,pc=70 ALU - add,,,,,,,,,,,,,,,,,,,,,,,,,0,201,202,,,,,,,,,2,392,1,392,1,0
layer_8,71,LOAD UOP,COMPUTE,0,0,0,0,0,1,0,1,pc=71 LOAD UOP,,,,,,,,,0x185800ca,0x00ca,MEMORY READ,,,,,,,1,1,1,0,0,0,0,,,,,,,,,,,,,,,,,
layer_8,72,ALU - add imm,COMPUTE,0,0,0,0,0,1,0,1,pc=72 ALU - add imm,,,,,,,,,,,,,,,,,,,,,,,,,0,202,203,,,,,,,,,1,0,0,784,1,1
layer_8,73,LOAD UOP,COMPUTE,0,0,0,0,0,1,0,1,pc=73 LOAD UOP,,,,,,,,,0x185800cb,0x00cb,MEMORY READ,,,,,,,1,1,1,0,0,0,0,,,,,,,,,,,,,,,,,
layer_8,74,ALU - shr,COMPUTE,0,0,0,0,0,1,0,1,pc=74 ALU - shr,,,,,,,,,,,,,,,,,,,,,,,,,0,203,204,,,,,,,,,1,0,0,784,1,1
layer_8,75,LOAD UOP,COMPUTE,0,0,0,0,0,1,0,1,pc=75 LOAD UOP,,,,,,,,,0x185800cc,0x00cc,MEMORY READ,,,,,,,1,1,1,0,0,0,0,,,,,,,,,,,,,,,,,
layer_8,76,ALU - min imm,COMPUTE,0,0,0,0,0,1,0,1,pc=76 ALU - min imm,,,,,,,,,,,,,,,,,,,,,,,,,0,204,205,,,,,,,,,1,0,0,784,1,1
layer_8,77,LOAD UOP,COMPUTE,0,0,0,0,0,1,0,1,pc=77 LOAD UOP,,,,,,,,,0x185800cd,0x00cd,MEMORY READ,,,,,,,1,1,1,0,0,0,0,,,,,,,,,,,,,,,,,
layer_8,78,ALU - max imm,COMPUTE,0,0,0,1,0,1,0,2,pc=78 ALU - max imm,,,,,,,,,,,,,,,,,,,,,,,,,0,205,206,,,,,,,,,1,0,0,784,1,1
layer_8,79,STORE,STORE,1,0,1,0,0,1,1,1,pc=79 STORE,,,,,,,,,0x06050000,0x0000,MEMORY WRITE,,,,,,,2,392,784,0,0,0,0,,,,,,,,,,,,,,,,,
layer_8,80,STORE,STORE,1,0,1,0,0,1,2,0,pc=80 STORE,,,,,,,,,0x06050188,0x0312,MEMORY WRITE,,,,,,,2,392,784,0,0,0,0,,,,,,,,,,,,,,,,,
layer_8,81,GEMM,COMPUTE,0,1,1,0,0,2,1,0,pc=81 GEMM,,,,,,,,,,,,,,,,,,,,,,,,,1,0,14,28,0,0,1,2,0,0,392,,,,,,
layer_8,82,GEMM,COMPUTE,0,1,1,0,0,3,0,0,pc=82 GEMM,,,,,,,,,,,,,,,,,,,,,,,,,1,14,28,28,0,0,1,2,0,0,392,,,,,,
layer_8,83,NOP-MEMORY-STAGE,LOAD,0,1,0,0,0,2,0,0,pc=83 NOP-MEMORY-STAGE,,,,,,,,,,,,,,,,,,,,,,,,,,,,,,,,,,,,,,,,,
layer_8,84,LOAD INP,LOAD,0,1,0,0,0,1,0,0,pc=84 LOAD INP,,,,,,,,,0x06040000,0x0000,MEMORY READ,,,,,,,15,28,28,1,0,1,1,,,,,,,,,,,,,,,,,
layer_8,85,LOAD WGT,LOAD,0,0,0,1,1,1,0,0,pc=85 LOAD WGT,,,,,,,,,0x00603490,0x0000,MEMORY READ,,,,,,,2,9,72,0,0,0,0,,,,,,,,,,,,,,,,,
layer_8,86,LOAD INP,LOAD,0,1,0,0,1,0,0,0,pc=86 LOAD INP,,,,,,,,,0x0604016c,0x01e0,MEMORY READ,,,,,,,15,28,28,0,1,1,1,,,,,,,,,,,,,,,,,
layer_8,87,LOAD WGT,LOAD,0,0,0,1,2,0,0,0,pc=87 LOAD WGT,,,,,,,,,0x00603490,0x0012,MEMORY READ,,,,,,,2,9,72,0,0,0,0,,,,,,,,,,,,,,,,,
layer_8,88,GEMM,COMPUTE,1,0,1,0,1,1,0,0,pc=88 GEMM,,,,,,,,,,,,,,,,,,,,,,,,,0,28,112,28,0,1,1,3,1,1,0,,,,,,
layer_8,89,GEMM,COMPUTE,1,0,1,0,0,2,0,0,pc=89 GEMM,,,,,,,,,,,,,,,,,,,,,,,,,0,112,196,28,0,1,1,3,1,1,0,,,,,,
layer_8,90,LOAD INP,LOAD,0,1,0,0,0,1,0,0,pc=90 LOAD INP,,,,,,,,,0x06040310,0x0000,MEMORY READ,,,,,,,15,28,28,1,0,1,1,,,,,,,,,,,,,,,,,
layer_8,91,LOAD WGT,LOAD,0,0,0,1,1,1,0,0,pc=91 LOAD WGT,,,,,,,,,0x00603499,0x0000,MEMORY READ,,,,,,,2,9,72,0,0,0,0,,,,,,,,,,,,,,,,,
layer_8,92,LOAD INP,LOAD,0,1,0,0,1,0,0,0,pc=92 LOAD INP,,,,,,,,,0x0604047c,0x01e0,MEMORY READ,,,,,,,15,28,28,0,1,1,1,,,,,,,,,,,,,,,,,
layer_8,93,LOAD WGT,LOAD,0,0,0,1,2,0,0,0,pc=93 LOAD WGT,,,,,,,,,0x00603499,0x0012,MEMORY READ,,,,,,,2,9,72,0,0,0,0,,,,,,,,,,,,,,,,,
layer_8,94,GEMM,COMPUTE,1,0,1,0,1,1,0,0,pc=94 GEMM,,,,,,,,,,,,,,,,,,,,,,,,,0,28,112,28,0,1,1,3,1,1,0,,,,,,
layer_8,95,GEMM,COMPUTE,1,0,1,0,0,2,0,0,pc=95 GEMM,,,,,,,,,,,,,,,,,,,,,,,,,0,112,196,28,0,1,1,3,1,1,0,,,,,,
layer_8,96,LOAD INP,LOAD,0,1,0,0,0,1,0,0,pc=96 LOAD INP,,,,,,,,,0x06040620,0x0000,MEMORY READ,,,,,,,15,28,28,1,0,1,1,,,,,,,,,,,,,,,,,
layer_8,97,LOAD WGT,LOAD,0,0,0,1,1,1,0,0,pc=97 LOAD WGT,,,,,,,,,0x006034a2,0x0000,MEMORY READ,,,,,,,2,9,72,0,0,0,0,,,,,,,,,,,,,,,,,
layer_8,98,LOAD INP,LOAD,0,1,0,0,1,0,0,0,pc=98 LOAD INP,,,,,,,,,0x0604078c,0x01e0,MEMORY READ,,,,,,,15,28,28,0,1,1,1,,,,,,,,,,,,,,,,,
layer_8,99,LOAD WGT,LOAD,0,0,0,1,2,0,0,0,pc=99 LOAD WGT,,,,,,,,,0x006034a2,0x0012,MEMORY READ,,,,,,,2,9,72,0,0,0,0,,,,,,,,,,,,,,,,,
layer_8,100,GEMM,COMPUTE,1,0,1,0,1,1,0,0,pc=100 GEMM,,,,,,,,,,,,,,,,,,,,,,,,,0,28,112,28,0,1,1,3,1,1,0,,,,,,
layer_8,101,GEMM,COMPUTE,1,0,1,0,0,2,0,0,pc=101 GEMM,,,,,,,,,,,,,,,,,,,,,,,,,0,112,196,28,0,1,1,3,1,1,0,,,,,,
layer_8,102,LOAD INP,LOAD,0,1,0,0,0,1,0,0,pc=102 LOAD INP,,,,,,,,,0x06040930,0x0000,MEMORY READ,,,,,,,15,28,28,1,0,1,1,,,,,,,,,,,,,,,,,
layer_8,103,LOAD WGT,LOAD,0,0,0,1,1,1,0,0,pc=103 LOAD WGT,,,,,,,,,0x006034ab,0x0000,MEMORY READ,,,,,,,2,9,72,0,0,0,0,,,,,,,,,,,,,,,,,
layer_8,104,LOAD INP,LOAD,0,1,0,0,1,0,0,0,pc=104 LOAD INP,,,,,,,,,0x06040a9c,0x01e0,MEMORY READ,,,,,,,15,28,28,0,1,1,1,,,,,,,,,,,,,,,,,
layer_8,105,LOAD WGT,LOAD,0,0,0,1,2,0,0,0,pc=105 LOAD WGT,,,,,,,,,0x006034ab,0x0012,MEMORY READ,,,,,,,2,9,72,0,0,0,0,,,,,,,,,,,,,,,,,
layer_8,106,GEMM,COMPUTE,1,0,1,0,1,1,0,0,pc=106 GEMM,,,,,,,,,,,,,,,,,,,,,,,,,0,28,112,28,0,1,1,3,1,1,0,,,,,,
layer_8,107,GEMM,COMPUTE,1,0,1,0,0,2,0,0,pc=107 GEMM,,,,,,,,,,,,,,,,,,,,,,,,,0,112,196,28,0,1,1,3,1,1,0,,,,,,
layer_8,108,LOAD INP,LOAD,0,1,0,0,0,1,0,0,pc=108 LOAD INP,,,,,,,,,0x06040c40,0x0000,MEMORY READ,,,,,,,15,28,28,1,0,1,1,,,,,,,,,,,,,,,,,
layer_8,109,LOAD WGT,LOAD,0,0,0,1,1,1,0,0,pc=109 LOAD WGT,,,,,,,,,0x006034b4,0x0000,MEMORY READ,,,,,,,2,9,72,0,0,0,0,,,,,,,,,,,,,,,,,
layer_8,110,LOAD INP,LOAD,0,1,0,0,1,0,0,0,pc=110 LOAD INP,,,,,,,,,0x06040dac,0x01e0,MEMORY READ,,,,,,,15,28,28,0,1,1,1,,,,,,,,,,,,,,,,,
layer_8,111,LOAD WGT,LOAD,0,0,0,1,2,0,0,0,pc=111 LOAD WGT,,,,,,,,,0x006034b4,0x0012,MEMORY READ,,,,,,,2,9,72,0,0,0,0,,,,,,,,,,,,,,,,,
layer_8,112,GEMM,COMPUTE,1,0,1,0,1,1,0,0,pc=112 GEMM,,,,,,,,,,,,,,,,,,,,,,,,,0,28,112,28,0,1,1,3,1,1,0,,,,,,
layer_8,113,GEMM,COMPUTE,1,0,1,0,0,2,0,0,pc=113 GEMM,,,,,,,,,,,,,,,,,,,,,,,,,0,112,196,28,0,1,1,3,1,1,0,,,,,,
layer_8,114,LOAD INP,LOAD,0,1,0,0,0,1,0,0,pc=114 LOAD INP,,,,,,,,,0x06040f50,0x0000,MEMORY READ,,,,,,,15,28,28,1,0,1,1,,,,,,,,,,,,,,,,,
layer_8,115,LOAD WGT,LOAD,0,0,0,1,1,1,0,0,pc=115 LOAD WGT,,,,,,,,,0x006034bd,0x0000,MEMORY READ,,,,,,,2,9,72,0,0,0,0,,,,,,,,,,,,,,,,,
layer_8,116,LOAD INP,LOAD,0,1,0,0,1,0,0,0,pc=116 LOAD INP,,,,,,,,,0x060410bc,0x01e0,MEMORY READ,,,,,,,15,28,28,0,1,1,1,,,,,,,,,,,,,,,,,
layer_8,117,LOAD WGT,LOAD,0,0,0,1,2,0,0,0,pc=117 LOAD WGT,,,,,,,,,0x006034bd,0x0012,MEMORY READ,,,,,,,2,9,72,0,0,0,0,,,,,,,,,,,,,,,,,
layer_8,118,GEMM,COMPUTE,1,0,1,0,1,1,0,0,pc=118 GEMM,,,,,,,,,,,,,,,,,,,,,,,,,0,28,112,28,0,1,1,3,1,1,0,,,,,,
layer_8,119,GEMM,COMPUTE,1,0,1,0,0,2,0,0,pc=119 GEMM,,,,,,,,,,,,,,,,,,,,,,,,,0,112,196,28,0,1,1,3,1,1,0,,,,,,
layer_8,120,LOAD INP,LOAD,0,1,0,0,0,1,0,0,pc=120 LOAD INP,,,,,,,,,0x06041260,0x0000,MEMORY READ,,,,,,,15,28,28,1,0,1,1,,,,,,,,,,,,,,,,,
layer_8,121,LOAD WGT,LOAD,0,0,0,1,1,1,0,0,pc=121 LOAD WGT,,,,,,,,,0x006034c6,0x0000,MEMORY READ,,,,,,,2,9,72,0,0,0,0,,,,,,,,,,,,,,,,,
layer_8,122,LOAD INP,LOAD,0,1,0,0,1,0,0,0,pc=122 LOAD INP,,,,,,,,,0x060413cc,0x01e0,MEMORY READ,,,,,,,15,28,28,0,1,1,1,,,,,,,,,,,,,,,,,
layer_8,123,LOAD WGT,LOAD,0,0,0,1,2,0,0,0,pc=123 LOAD WGT,,,,,,,,,0x006034c6,0x0012,MEMORY READ,,,,,,,2,9,72,0,0,0,0,,,,,,,,,,,,,,,,,
layer_8,124,GEMM,COMPUTE,1,0,1,0,1,1,0,0,pc=124 GEMM,,,,,,,,,,,,,,,,,,,,,,,,,0,28,112,28,0,1,1,3,1,1,0,,,,,,
layer_8,125,GEMM,COMPUTE,1,0,1,0,0,2,0,0,pc=125 GEMM,,,,,,,,,,,,,,,,,,,,,,,,,0,112,196,28,0,1,1,3,1,1,0,,,,,,
layer_8,126,LOAD INP,LOAD,0,1,0,0,0,1,0,0,pc=126 LOAD INP,,,,,,,,,0x06041570,0x0000,MEMORY READ,,,,,,,15,28,28,1,0,1,1,,,,,,,,,,,,,,,,,
layer_8,127,LOAD WGT,LOAD,0,0,0,1,1,1,0,0,pc=127 LOAD WGT,,,,,,,,,0x006034cf,0x0000,MEMORY READ,,,,,,,2,9,72,0,0,0,0,,,,,,,,,,,,,,,,,
layer_8,128,LOAD INP,LOAD,0,1,0,0,1,0,0,0,pc=128 LOAD INP,,,,,,,,,0x060416dc,0x01e0,MEMORY READ,,,,,,,15,28,28,0,1,1,1,,,,,,,,,,,,,,,,,
layer_8,129,LOAD WGT,LOAD,0,0,0,1,2,0,0,0,pc=129 LOAD WGT,,,,,,,,,0x006034cf,0x0012,MEMORY READ,,,,,,,2,9,72,0,0,0,0,,,,,,,,,,,,,,,,,
layer_8,130,GEMM,COMPUTE,1,0,1,0,1,1,0,0,pc=130 GEMM,,,,,,,,,,,,,,,,,,,,,,,,,0,28,112,28,0,1,1,3,1,1,0,,,,,,
layer_8,131,GEMM,COMPUTE,1,0,1,0,0,2,0,0,pc=131 GEMM,,,,,,,,,,,,,,,,,,,,,,,,,0,112,196,28,0,1,1,3,1,1,0,,,,,,
layer_8,132,NOP-MEMORY-STAGE,LOAD,0,1,0,0,0,1,0,0,pc=132 NOP-MEMORY-STAGE,,,,,,,,,,,,,,,,,,,,,,,,,,,,,,,,,,,,,,,,,
layer_8,133,LOAD ACC,COMPUTE,0,0,0,0,0,1,0,0,pc=133 LOAD ACC,,,,,,,,,0x005e2502,0x0310,MEMORY READ,,,,,,,1,2,2,0,0,0,0,,,,,,,,,,,,,,,,,
layer_8,134,ALU - add,COMPUTE,0,0,0,0,0,1,0,0,pc=134 ALU - add,,,,,,,,,,,,,,,,,,,,,,,,,0,196,197,,,,,,,,,2,392,1,392,1,0
layer_8,135,ALU - add imm,COMPUTE,0,0,0,0,0,1,0,0,pc=135 ALU - add imm,,,,,,,,,,,,,,,,,,,,,,,,,0,197,198,,,,,,,,,1,0,0,784,1,1
layer_8,136,ALU - shr,COMPUTE,0,0,0,0,0,1,0,0,pc=136 ALU - shr,,,,,,,,,,,,,,,,,,,,,,,,,0,198,199,,,,,,,,,1,0,0,784,1,1
layer_8,137,ALU - min imm,COMPUTE,0,0,0,0,0,1,0,0,pc=137 ALU - min imm,,,,,,,,,,,,,,,,,,,,,,,,,0,199,200,,,,,,,,,1,0,0,784,1,1
layer_8,138,ALU - max imm,COMPUTE,0,0,0,1,0,1,0,1,pc=138 ALU - max imm,,,,,,,,,,,,,,,,,,,,,,,,,0,200,201,,,,,,,,,1,0,0,784,1,1
layer_8,139,LOAD ACC,COMPUTE,0,0,0,0,0,1,0,1,pc=139 LOAD ACC,,,,,,,,,0x005e2502,0x0622,MEMORY READ,,,,,,,1,2,2,0,0,0,0,,,,,,,,,,,,,,,,,
layer_8,140,ALU - add,COMPUTE,0,0,0,0,0,1,0,1,pc=140 ALU - add,,,,,,,,,,,,,,,,,,,,,,,,,0,201,202,,,,,,,,,2,392,1,392,1,0
layer_8,141,ALU - add imm,COMPUTE,0,0,0,0,0,1,0,1,pc=141 ALU - add imm,,,,,,,,,,,,,,,,,,,,,,,,,0,202,203,,,,,,,,,1,0,0,784,1,1
layer_8,142,ALU - shr,COMPUTE,0,0,0,0,0,1,0,1,pc=142 ALU - shr,,,,,,,,,,,,,,,,,,,,,,,,,0,203,204,,,,,,,,,1,0,0,784,1,1
layer_8,143,ALU - min imm,COMPUTE,0,0,0,0,0,1,0,1,pc=143 ALU - min imm,,,,,,,,,,,,,,,,,,,,,,,,,0,204,205,,,,,,,,,1,0,0,784,1,1
layer_8,144,ALU - max imm,COMPUTE,0,0,0,1,0,1,0,2,pc=144 ALU - max imm,,,,,,,,,,,,,,,,,,,,,,,,,0,205,206,,,,,,,,,1,0,0,784,1,1
layer_8,145,STORE,STORE,1,0,1,0,0,1,1,1,pc=145 STORE,,,,,,,,,0x06050620,0x0000,MEMORY WRITE,,,,,,,2,392,784,0,0,0,0,,,,,,,,,,,,,,,,,
layer_8,146,STORE,STORE,1,0,1,0,0,1,2,0,pc=146 STORE,,,,,,,,,0x060507a8,0x0312,MEMORY WRITE,,,,,,,2,392,784,0,0,0,0,,,,,,,,,,,,,,,,,
layer_8,147,GEMM,COMPUTE,0,1,1,0,0,2,1,0,pc=147 GEMM,,,,,,,,,,,,,,,,,,,,,,,,,1,0,14,28,0,0,1,2,0,0,392,,,,,,
layer_8,148,GEMM,COMPUTE,0,1,1,0,0,3,0,0,pc=148 GEMM,,,,,,,,,,,,,,,,,,,,,,,,,1,14,28,28,0,0,1,2,0,0,392,,,,,,
layer_8,149,NOP-MEMORY-STAGE,LOAD,0,1,0,0,0,2,0,0,pc=149 NOP-MEMORY-STAGE,,,,,,,,,,,,,,,,,,,,,,,,,,,,,,,,,,,,,,,,,
layer_8,150,LOAD INP,LOAD,0,1,0,0,0,1,0,0,pc=150 LOAD INP,,,,,,,,,0x06040000,0x0000,MEMORY READ,,,,,,,15,28,28,1,0,1,1,,,,,,,,,,,,,,,,,
layer_8,151,LOAD WGT,LOAD,0,0,0,1,1,1,0,0,pc=151 LOAD WGT,,,,,,,,,0x00603520,0x0000,MEMORY READ,,,,,,,2,9,72,0,0,0,0,,,,,,,,,,,,,,,,,
layer_8,152,LOAD INP,LOAD,0,1,0,0,1,0,0,0,pc=152 LOAD INP,,,,,,,,,0x0604016c,0x01e0,MEMORY READ,,,,,,,15,28,28,0,1,1,1,,,,,,,,,,,,,,,,,
layer_8,153,LOAD WGT,LOAD,0,0,0,1,2,0,0,0,pc=153 LOAD WGT,,,,,,,,,0x00603520,0x0012,MEMORY READ,,,,,,,2,9,72,0,0,0,0,,,,,,,,,,,,,,,,,
layer_8,154,GEMM,COMPUTE,1,0,1,0,1,1,0,0,pc=154 GEMM,,,,,,,,,,,,,,,,,,,,,,,,,0,28,112,28,0,1,1,3,1,1,0,,,,,,
layer_8,155,GEMM,COMPUTE,1,0,1,0,0,2,0,0,pc=155 GEMM,,,,,,,,,,,,,,,,,,,,,,,,,0,112,196,28,0,1,1,3,1,1,0,,,,,,
layer_8,156,LOAD INP,LOAD,0,1,0,0,0,1,0,0,pc=156 LOAD INP,,,,,,,,,0x06040310,0x0000,MEMORY READ,,,,,,,15,28,28,1,0,1,1,,,,,,,,,,,,,,,,,
layer_8,157,LOAD WGT,LOAD,0,0,0,1,1,1,0,0,pc=157 LOAD WGT,,,,,,,,,0x00603529,0x0000,MEMORY READ,,,,,,,2,9,72,0,0,0,0,,,,,,,,,,,,,,,,,
layer_8,158,LOAD INP,LOAD,0,1,0,0,1,0,0,0,pc=158 LOAD INP,,,,,,,,,0x0604047c,0x01e0,MEMORY READ,,,,,,,15,28,28,0,1,1,1,,,,,,,,,,,,,,,,,
layer_8,159,LOAD WGT,LOAD,0,0,0,1,2,0,0,0,pc=159 LOAD WGT,,,,,,,,,0x00603529,0x0012,MEMORY READ,,,,,,,2,9,72,0,0,0,0,,,,,,,,,,,,,,,,,
layer_8,160,GEMM,COMPUTE,1,0,1,0,1,1,0,0,pc=160 GEMM,,,,,,,,,,,,,,,,,,,,,,,,,0,28,112,28,0,1,1,3,1,1,0,,,,,,
layer_8,161,GEMM,COMPUTE,1,0,1,0,0,2,0,0,pc=161 GEMM,,,,,,,,,,,,,,,,,,,,,,,,,0,112,196,28,0,1,1,3,1,1,0,,,,,,
layer_8,162,LOAD INP,LOAD,0,1,0,0,0,1,0,0,pc=162 LOAD INP,,,,,,,,,0x06040620,0x0000,MEMORY READ,,,,,,,15,28,28,1,0,1,1,,,,,,,,,,,,,,,,,
layer_8,163,LOAD WGT,LOAD,0,0,0,1,1,1,0,0,pc=163 LOAD WGT,,,,,,,,,0x00603532,0x0000,MEMORY READ,,,,,,,2,9,72,0,0,0,0,,,,,,,,,,,,,,,,,
layer_8,164,LOAD INP,LOAD,0,1,0,0,1,0,0,0,pc=164 LOAD INP,,,,,,,,,0x0604078c,0x01e0,MEMORY READ,,,,,,,15,28,28,0,1,1,1,,,,,,,,,,,,,,,,,
layer_8,165,LOAD WGT,LOAD,0,0,0,1,2,0,0,0,pc=165 LOAD WGT,,,,,,,,,0x00603532,0x0012,MEMORY READ,,,,,,,2,9,72,0,0,0,0,,,,,,,,,,,,,,,,,
layer_8,166,GEMM,COMPUTE,1,0,1,0,1,1,0,0,pc=166 GEMM,,,,,,,,,,,,,,,,,,,,,,,,,0,28,112,28,0,1,1,3,1,1,0,,,,,,
layer_8,167,GEMM,COMPUTE,1,0,1,0,0,2,0,0,pc=167 GEMM,,,,,,,,,,,,,,,,,,,,,,,,,0,112,196,28,0,1,1,3,1,1,0,,,,,,
layer_8,168,LOAD INP,LOAD,0,1,0,0,0,1,0,0,pc=168 LOAD INP,,,,,,,,,0x06040930,0x0000,MEMORY READ,,,,,,,15,28,28,1,0,1,1,,,,,,,,,,,,,,,,,
layer_8,169,LOAD WGT,LOAD,0,0,0,1,1,1,0,0,pc=169 LOAD WGT,,,,,,,,,0x0060353b,0x0000,MEMORY READ,,,,,,,2,9,72,0,0,0,0,,,,,,,,,,,,,,,,,
layer_8,170,LOAD INP,LOAD,0,1,0,0,1,0,0,0,pc=170 LOAD INP,,,,,,,,,0x06040a9c,0x01e0,MEMORY READ,,,,,,,15,28,28,0,1,1,1,,,,,,,,,,,,,,,,,
layer_8,171,LOAD WGT,LOAD,0,0,0,1,2,0,0,0,pc=171 LOAD WGT,,,,,,,,,0x0060353b,0x0012,MEMORY READ,,,,,,,2,9,72,0,0,0,0,,,,,,,,,,,,,,,,,
layer_8,172,GEMM,COMPUTE,1,0,1,0,1,1,0,0,pc=172 GEMM,,,,,,,,,,,,,,,,,,,,,,,,,0,28,112,28,0,1,1,3,1,1,0,,,,,,
layer_8,173,GEMM,COMPUTE,1,0,1,0,0,2,0,0,pc=173 GEMM,,,,,,,,,,,,,,,,,,,,,,,,,0,112,196,28,0,1,1,3,1,1,0,,,,,,
layer_8,174,LOAD INP,LOAD,0,1,0,0,0,1,0,0,pc=174 LOAD INP,,,,,,,,,0x06040c40,0x0000,MEMORY READ,,,,,,,15,28,28,1,0,1,1,,,,,,,,,,,,,,,,,
layer_8,175,LOAD WGT,LOAD,0,0,0,1,1,1,0,0,pc=175 LOAD WGT,,,,,,,,,0x00603544,0x0000,MEMORY READ,,,,,,,2,9,72,0,0,0,0,,,,,,,,,,,,,,,,,
layer_8,176,LOAD INP,LOAD,0,1,0,0,1,0,0,0,pc=176 LOAD INP,,,,,,,,,0x06040dac,0x01e0,MEMORY READ,,,,,,,15,28,28,0,1,1,1,,,,,,,,,,,,,,,,,
layer_8,177,LOAD WGT,LOAD,0,0,0,1,2,0,0,0,pc=177 LOAD WGT,,,,,,,,,0x00603544,0x0012,MEMORY READ,,,,,,,2,9,72,0,0,0,0,,,,,,,,,,,,,,,,,
layer_8,178,GEMM,COMPUTE,1,0,1,0,1,1,0,0,pc=178 GEMM,,,,,,,,,,,,,,,,,,,,,,,,,0,28,112,28,0,1,1,3,1,1,0,,,,,,
layer_8,179,GEMM,COMPUTE,1,0,1,0,0,2,0,0,pc=179 GEMM,,,,,,,,,,,,,,,,,,,,,,,,,0,112,196,28,0,1,1,3,1,1,0,,,,,,
layer_8,180,LOAD INP,LOAD,0,1,0,0,0,1,0,0,pc=180 LOAD INP,,,,,,,,,0x06040f50,0x0000,MEMORY READ,,,,,,,15,28,28,1,0,1,1,,,,,,,,,,,,,,,,,
layer_8,181,LOAD WGT,LOAD,0,0,0,1,1,1,0,0,pc=181 LOAD WGT,,,,,,,,,0x0060354d,0x0000,MEMORY READ,,,,,,,2,9,72,0,0,0,0,,,,,,,,,,,,,,,,,
layer_8,182,LOAD INP,LOAD,0,1,0,0,1,0,0,0,pc=182 LOAD INP,,,,,,,,,0x060410bc,0x01e0,MEMORY READ,,,,,,,15,28,28,0,1,1,1,,,,,,,,,,,,,,,,,
layer_8,183,LOAD WGT,LOAD,0,0,0,1,2,0,0,0,pc=183 LOAD WGT,,,,,,,,,0x0060354d,0x0012,MEMORY READ,,,,,,,2,9,72,0,0,0,0,,,,,,,,,,,,,,,,,
layer_8,184,GEMM,COMPUTE,1,0,1,0,1,1,0,0,pc=184 GEMM,,,,,,,,,,,,,,,,,,,,,,,,,0,28,112,28,0,1,1,3,1,1,0,,,,,,
layer_8,185,GEMM,COMPUTE,1,0,1,0,0,2,0,0,pc=185 GEMM,,,,,,,,,,,,,,,,,,,,,,,,,0,112,196,28,0,1,1,3,1,1,0,,,,,,
layer_8,186,LOAD INP,LOAD,0,1,0,0,0,1,0,0,pc=186 LOAD INP,,,,,,,,,0x06041260,0x0000,MEMORY READ,,,,,,,15,28,28,1,0,1,1,,,,,,,,,,,,,,,,,
layer_8,187,LOAD WGT,LOAD,0,0,0,1,1,1,0,0,pc=187 LOAD WGT,,,,,,,,,0x00603556,0x0000,MEMORY READ,,,,,,,2,9,72,0,0,0,0,,,,,,,,,,,,,,,,,
layer_8,188,LOAD INP,LOAD,0,1,0,0,1,0,0,0,pc=188 LOAD INP,,,,,,,,,0x060413cc,0x01e0,MEMORY READ,,,,,,,15,28,28,0,1,1,1,,,,,,,,,,,,,,,,,
layer_8,189,LOAD WGT,LOAD,0,0,0,1,2,0,0,0,pc=189 LOAD WGT,,,,,,,,,0x00603556,0x0012,MEMORY READ,,,,,,,2,9,72,0,0,0,0,,,,,,,,,,,,,,,,,
layer_8,190,GEMM,COMPUTE,1,0,1,0,1,1,0,0,pc=190 GEMM,,,,,,,,,,,,,,,,,,,,,,,,,0,28,112,28,0,1,1,3,1,1,0,,,,,,
layer_8,191,GEMM,COMPUTE,1,0,1,0,0,2,0,0,pc=191 GEMM,,,,,,,,,,,,,,,,,,,,,,,,,0,112,196,28,0,1,1,3,1,1,0,,,,,,
layer_8,192,LOAD INP,LOAD,0,1,0,0,0,1,0,0,pc=192 LOAD INP,,,,,,,,,0x06041570,0x0000,MEMORY READ,,,,,,,15,28,28,1,0,1,1,,,,,,,,,,,,,,,,,
layer_8,193,LOAD WGT,LOAD,0,0,0,1,1,1,0,0,pc=193 LOAD WGT,,,,,,,,,0x0060355f,0x0000,MEMORY READ,,,,,,,2,9,72,0,0,0,0,,,,,,,,,,,,,,,,,
layer_8,194,LOAD INP,LOAD,0,1,0,0,1,0,0,0,pc=194 LOAD INP,,,,,,,,,0x060416dc,0x01e0,MEMORY READ,,,,,,,15,28,28,0,1,1,1,,,,,,,,,,,,,,,,,
layer_8,195,LOAD WGT,LOAD,0,0,0,1,2,0,0,0,pc=195 LOAD WGT,,,,,,,,,0x0060355f,0x0012,MEMORY READ,,,,,,,2,9,72,0,0,0,0,,,,,,,,,,,,,,,,,
layer_8,196,GEMM,COMPUTE,1,0,1,0,1,1,0,0,pc=196 GEMM,,,,,,,,,,,,,,,,,,,,,,,,,0,28,112,28,0,1,1,3,1,1,0,,,,,,
layer_8,197,GEMM,COMPUTE,1,0,1,0,0,2,0,0,pc=197 GEMM,,,,,,,,,,,,,,,,,,,,,,,,,0,112,196,28,0,1,1,3,1,1,0,,,,,,
layer_8,198,NOP-MEMORY-STAGE,LOAD,0,1,0,0,0,1,0,0,pc=198 NOP-MEMORY-STAGE,,,,,,,,,,,,,,,,,,,,,,,,,,,,,,,,,,,,,,,,,
layer_8,199,LOAD ACC,COMPUTE,0,0,0,0,0,1,0,0,pc=199 LOAD ACC,,,,,,,,,0x005e2504,0x0310,MEMORY READ,,,,,,,1,2,2,0,0,0,0,,,,,,,,,,,,,,,,,
layer_8,200,ALU - add,COMPUTE,0,0,0,0,0,1,0,0,pc=200 ALU - add,,,,,,,,,,,,,,,,,,,,,,,,,0,196,197,,,,,,,,,2,392,1,392,1,0
layer_8,201,ALU - add imm,COMPUTE,0,0,0,0,0,1,0,0,pc=201 ALU - add imm,,,,,,,,,,,,,,,,,,,,,,,,,0,197,198,,,,,,,,,1,0,0,784,1,1
layer_8,202,ALU - shr,COMPUTE,0,0,0,0,0,1,0,0,pc=202 ALU - shr,,,,,,,,,,,,,,,,,,,,,,,,,0,198,199,,,,,,,,,1,0,0,784,1,1
layer_8,203,ALU - min imm,COMPUTE,0,0,0,0,0,1,0,0,pc=203 ALU - min imm,,,,,,,,,,,,,,,,,,,,,,,,,0,199,200,,,,,,,,,1,0,0,784,1,1
layer_8,204,ALU - max imm,COMPUTE,0,0,0,1,0,1,0,1,pc=204 ALU - max imm,,,,,,,,,,,,,,,,,,,,,,,,,0,200,201,,,,,,,,,1,0,0,784,1,1
layer_8,205,LOAD ACC,COMPUTE,0,0,0,0,0,1,0,1,pc=205 LOAD ACC,,,,,,,,,0x005e2504,0x0622,MEMORY READ,,,,,,,1,2,2,0,0,0,0,,,,,,,,,,,,,,,,,
layer_8,206,ALU - add,COMPUTE,0,0,0,0,0,1,0,1,pc=206 ALU - add,,,,,,,,,,,,,,,,,,,,,,,,,0,201,202,,,,,,,,,2,392,1,392,1,0
layer_8,207,ALU - add imm,COMPUTE,0,0,0,0,0,1,0,1,pc=207 ALU - add imm,,,,,,,,,,,,,,,,,,,,,,,,,0,202,203,,,,,,,,,1,0,0,784,1,1
layer_8,208,ALU - shr,COMPUTE,0,0,0,0,0,1,0,1,pc=208 ALU - shr,,,,,,,,,,,,,,,,,,,,,,,,,0,203,204,,,,,,,,,1,0,0,784,1,1
layer_8,209,ALU - min imm,COMPUTE,0,0,0,0,0,1,0,1,pc=209 ALU - min imm,,,,,,,,,,,,,,,,,,,,,,,,,0,204,205,,,,,,,,,1,0,0,784,1,1
layer_8,210,ALU - max imm,COMPUTE,0,0,0,1,0,1,0,2,pc=210 ALU - max imm,,,,,,,,,,,,,,,,,,,,,,,,,0,205,206,,,,,,,,,1,0,0,784,1,1
layer_8,211,STORE,STORE,1,0,1,0,0,1,1,1,pc=211 STORE,,,,,,,,,0x06050c40,0x0000,MEMORY WRITE,,,,,,,2,392,784,0,0,0,0,,,,,,,,,,,,,,,,,
layer_8,212,STORE,STORE,1,0,1,0,0,1,2,0,pc=212 STORE,,,,,,,,,0x06050dc8,0x0312,MEMORY WRITE,,,,,,,2,392,784,0,0,0,0,,,,,,,,,,,,,,,,,
layer_8,213,GEMM,COMPUTE,0,1,1,0,0,2,1,0,pc=213 GEMM,,,,,,,,,,,,,,,,,,,,,,,,,1,0,14,28,0,0,1,2,0,0,392,,,,,,
layer_8,214,GEMM,COMPUTE,0,1,1,0,0,3,0,0,pc=214 GEMM,,,,,,,,,,,,,,,,,,,,,,,,,1,14,28,28,0,0,1,2,0,0,392,,,,,,
layer_8,215,NOP-MEMORY-STAGE,LOAD,0,1,0,0,0,2,0,0,pc=215 NOP-MEMORY-STAGE,,,,,,,,,,,,,,,,,,,,,,,,,,,,,,,,,,,,,,,,,
layer_8,216,LOAD INP,LOAD,0,1,0,0,0,1,0,0,pc=216 LOAD INP,,,,,,,,,0x06040000,0x0000,MEMORY READ,,,,,,,15,28,28,1,0,1,1,,,,,,,,,,,,,,,,,
layer_8,217,LOAD WGT,LOAD,0,0,0,1,1,1,0,0,pc=217 LOAD WGT,,,,,,,,,0x006035b0,0x0000,MEMORY READ,,,,,,,2,9,72,0,0,0,0,,,,,,,,,,,,,,,,,
layer_8,218,LOAD INP,LOAD,0,1,0,0,1,0,0,0,pc=218 LOAD INP,,,,,,,,,0x0604016c,0x01e0,MEMORY READ,,,,,,,15,28,28,0,1,1,1,,,,,,,,,,,,,,,,,
layer_8,219,LOAD WGT,LOAD,0,0,0,1,2,0,0,0,pc=219 LOAD WGT,,,,,,,,,0x006035b0,0x0012,MEMORY READ,,,,,,,2,9,72,0,0,0,0,,,,,,,,,,,,,,,,,
layer_8,220,GEMM,COMPUTE,1,0,1,0,1,1,0,0,pc=220 GEMM,,,,,,,,,,,,,,,,,,,,,,,,,0,28,112,28,0,1,1,3,1,1,0,,,,,,
layer_8,221,GEMM,COMPUTE,1,0,1,0,0,2,0,0,pc=221 GEMM,,,,,,,,,,,,,,,,,,,,,,,,,0,112,196,28,0,1,1,3,1,1,0,,,,,,
layer_8,222,LOAD INP,LOAD,0,1,0,0,0,1,0,0,pc=222 LOAD INP,,,,,,,,,0x06040310,0x0000,MEMORY READ,,,,,,,15,28,28,1,0,1,1,,,,,,,,,,,,,,,,,
layer_8,223,LOAD WGT,LOAD,0,0,0,1,1,1,0,0,pc=223 LOAD WGT,,,,,,,,,0x006035b9,0x0000,MEMORY READ,,,,,,,2,9,72,0,0,0,0,,,,,,,,,,,,,,,,,
layer_8,224,LOAD INP,LOAD,0,1,0,0,1,0,0,0,pc=224 LOAD INP,,,,,,,,,0x0604047c,0x01e0,MEMORY READ,,,,,,,15,28,28,0,1,1,1,,,,,,,,,,,,,,,,,
layer_8,225,LOAD WGT,LOAD,0,0,0,1,2,0,0,0,pc=225 LOAD WGT,,,,,,,,,0x006035b9,0x0012,MEMORY READ,,,,,,,2,9,72,0,0,0,0,,,,,,,,,,,,,,,,,
layer_8,226,GEMM,COMPUTE,1,0,1,0,1,1,0,0,pc=226 GEMM,,,,,,,,,,,,,,,,,,,,,,,,,0,28,112,28,0,1,1,3,1,1,0,,,,,,
layer_8,227,GEMM,COMPUTE,1,0,1,0,0,2,0,0,pc=227 GEMM,,,,,,,,,,,,,,,,,,,,,,,,,0,112,196,28,0,1,1,3,1,1,0,,,,,,
layer_8,228,LOAD INP,LOAD,0,1,0,0,0,1,0,0,pc=228 LOAD INP,,,,,,,,,0x06040620,0x0000,MEMORY READ,,,,,,,15,28,28,1,0,1,1,,,,,,,,,,,,,,,,,
layer_8,229,LOAD WGT,LOAD,0,0,0,1,1,1,0,0,pc=229 LOAD WGT,,,,,,,,,0x006035c2,0x0000,MEMORY READ,,,,,,,2,9,72,0,0,0,0,,,,,,,,,,,,,,,,,
layer_8,230,LOAD INP,LOAD,0,1,0,0,1,0,0,0,pc=230 LOAD INP,,,,,,,,,0x0604078c,0x01e0,MEMORY READ,,,,,,,15,28,28,0,1,1,1,,,,,,,,,,,,,,,,,
layer_8,231,LOAD WGT,LOAD,0,0,0,1,2,0,0,0,pc=231 LOAD WGT,,,,,,,,,0x006035c2,0x0012,MEMORY READ,,,,,,,2,9,72,0,0,0,0,,,,,,,,,,,,,,,,,
layer_8,232,GEMM,COMPUTE,1,0,1,0,1,1,0,0,pc=232 GEMM,,,,,,,,,,,,,,,,,,,,,,,,,0,28,112,28,0,1,1,3,1,1,0,,,,,,
layer_8,233,GEMM,COMPUTE,1,0,1,0,0,2,0,0,pc=233 GEMM,,,,,,,,,,,,,,,,,,,,,,,,,0,112,196,28,0,1,1,3,1,1,0,,,,,,
layer_8,234,LOAD INP,LOAD,0,1,0,0,0,1,0,0,pc=234 LOAD INP,,,,,,,,,0x06040930,0x0000,MEMORY READ,,,,,,,15,28,28,1,0,1,1,,,,,,,,,,,,,,,,,
layer_8,235,LOAD WGT,LOAD,0,0,0,1,1,1,0,0,pc=235 LOAD WGT,,,,,,,,,0x006035cb,0x0000,MEMORY READ,,,,,,,2,9,72,0,0,0,0,,,,,,,,,,,,,,,,,
layer_8,236,LOAD INP,LOAD,0,1,0,0,1,0,0,0,pc=236 LOAD INP,,,,,,,,,0x06040a9c,0x01e0,MEMORY READ,,,,,,,15,28,28,0,1,1,1,,,,,,,,,,,,,,,,,
layer_8,237,LOAD WGT,LOAD,0,0,0,1,2,0,0,0,pc=237 LOAD WGT,,,,,,,,,0x006035cb,0x0012,MEMORY READ,,,,,,,2,9,72,0,0,0,0,,,,,,,,,,,,,,,,,
layer_8,238,GEMM,COMPUTE,1,0,1,0,1,1,0,0,pc=238 GEMM,,,,,,,,,,,,,,,,,,,,,,,,,0,28,112,28,0,1,1,3,1,1,0,,,,,,
layer_8,239,GEMM,COMPUTE,1,0,1,0,0,2,0,0,pc=239 GEMM,,,,,,,,,,,,,,,,,,,,,,,,,0,112,196,28,0,1,1,3,1,1,0,,,,,,
layer_8,240,LOAD INP,LOAD,0,1,0,0,0,1,0,0,pc=240 LOAD INP,,,,,,,,,0x06040c40,0x0000,MEMORY READ,,,,,,,15,28,28,1,0,1,1,,,,,,,,,,,,,,,,,
layer_8,241,LOAD WGT,LOAD,0,0,0,1,1,1,0,0,pc=241 LOAD WGT,,,,,,,,,0x006035d4,0x0000,MEMORY READ,,,,,,,2,9,72,0,0,0,0,,,,,,,,,,,,,,,,,
layer_8,242,LOAD INP,LOAD,0,1,0,0,1,0,0,0,pc=242 LOAD INP,,,,,,,,,0x06040dac,0x01e0,MEMORY READ,,,,,,,15,28,28,0,1,1,1,,,,,,,,,,,,,,,,,
layer_8,243,LOAD WGT,LOAD,0,0,0,1,2,0,0,0,pc=243 LOAD WGT,,,,,,,,,0x006035d4,0x0012,MEMORY READ,,,,,,,2,9,72,0,0,0,0,,,,,,,,,,,,,,,,,
layer_8,244,GEMM,COMPUTE,1,0,1,0,1,1,0,0,pc=244 GEMM,,,,,,,,,,,,,,,,,,,,,,,,,0,28,112,28,0,1,1,3,1,1,0,,,,,,
layer_8,245,GEMM,COMPUTE,1,0,1,0,0,2,0,0,pc=245 GEMM,,,,,,,,,,,,,,,,,,,,,,,,,0,112,196,28,0,1,1,3,1,1,0,,,,,,
layer_8,246,LOAD INP,LOAD,0,1,0,0,0,1,0,0,pc=246 LOAD INP,,,,,,,,,0x06040f50,0x0000,MEMORY READ,,,,,,,15,28,28,1,0,1,1,,,,,,,,,,,,,,,,,
layer_8,247,LOAD WGT,LOAD,0,0,0,1,1,1,0,0,pc=247 LOAD WGT,,,,,,,,,0x006035dd,0x0000,MEMORY READ,,,,,,,2,9,72,0,0,0,0,,,,,,,,,,,,,,,,,
layer_8,248,LOAD INP,LOAD,0,1,0,0,1,0,0,0,pc=248 LOAD INP,,,,,,,,,0x060410bc,0x01e0,MEMORY READ,,,,,,,15,28,28,0,1,1,1,,,,,,,,,,,,,,,,,
layer_8,249,LOAD WGT,LOAD,0,0,0,1,2,0,0,0,pc=249 LOAD WGT,,,,,,,,,0x006035dd,0x0012,MEMORY READ,,,,,,,2,9,72,0,0,0,0,,,,,,,,,,,,,,,,,
layer_8,250,GEMM,COMPUTE,1,0,1,0,1,1,0,0,pc=250 GEMM,,,,,,,,,,,,,,,,,,,,,,,,,0,28,112,28,0,1,1,3,1,1,0,,,,,,
layer_8,251,GEMM,COMPUTE,1,0,1,0,0,2,0,0,pc=251 GEMM,,,,,,,,,,,,,,,,,,,,,,,,,0,112,196,28,0,1,1,3,1,1,0,,,,,,
layer_8,252,LOAD INP,LOAD,0,1,0,0,0,1,0,0,pc=252 LOAD INP,,,,,,,,,0x06041260,0x0000,MEMORY READ,,,,,,,15,28,28,1,0,1,1,,,,,,,,,,,,,,,,,
layer_8,253,LOAD WGT,LOAD,0,0,0,1,1,1,0,0,pc=253 LOAD WGT,,,,,,,,,0x006035e6,0x0000,MEMORY READ,,,,,,,2,9,72,0,0,0,0,,,,,,,,,,,,,,,,,
layer_8,254,LOAD INP,LOAD,0,1,0,0,1,0,0,0,pc=254 LOAD INP,,,,,,,,,0x060413cc,0x01e0,MEMORY READ,,,,,,,15,28,28,0,1,1,1,,,,,,,,,,,,,,,,,
layer_8,255,LOAD WGT,LOAD,0,0,0,1,2,0,0,0,pc=255 LOAD WGT,,,,,,,,,0x006035e6,0x0012,MEMORY READ,,,,,,,2,9,72,0,0,0,0,,,,,,,,,,,,,,,,,
layer_8,256,GEMM,COMPUTE,1,0,1,0,1,1,0,0,pc=256 GEMM,,,,,,,,,,,,,,,,,,,,,,,,,0,28,112,28,0,1,1,3,1,1,0,,,,,,
layer_8,257,GEMM,COMPUTE,1,0,1,0,0,2,0,0,pc=257 GEMM,,,,,,,,,,,,,,,,,,,,,,,,,0,112,196,28,0,1,1,3,1,1,0,,,,,,
layer_8,258,LOAD INP,LOAD,0,1,0,0,0,1,0,0,pc=258 LOAD INP,,,,,,,,,0x06041570,0x0000,MEMORY READ,,,,,,,15,28,28,1,0,1,1,,,,,,,,,,,,,,,,,
layer_8,259,LOAD WGT,LOAD,0,0,0,1,1,1,0,0,pc=259 LOAD WGT,,,,,,,,,0x006035ef,0x0000,MEMORY READ,,,,,,,2,9,72,0,0,0,0,,,,,,,,,,,,,,,,,
layer_8,260,LOAD INP,LOAD,0,1,0,0,1,0,0,0,pc=260 LOAD INP,,,,,,,,,0x060416dc,0x01e0,MEMORY READ,,,,,,,15,28,28,0,1,1,1,,,,,,,,,,,,,,,,,
layer_8,261,LOAD WGT,LOAD,0,0,0,1,2,0,0,0,pc=261 LOAD WGT,,,,,,,,,0x006035ef,0x0012,MEMORY READ,,,,,,,2,9,72,0,0,0,0,,,,,,,,,,,,,,,,,
layer_8,262,GEMM,COMPUTE,1,0,1,0,1,1,0,0,pc=262 GEMM,,,,,,,,,,,,,,,,,,,,,,,,,0,28,112,28,0,1,1,3,1,1,0,,,,,,
layer_8,263,GEMM,COMPUTE,1,0,1,0,0,2,0,0,pc=263 GEMM,,,,,,,,,,,,,,,,,,,,,,,,,0,112,196,28,0,1,1,3,1,1,0,,,,,,
layer_8,264,NOP-MEMORY-STAGE,LOAD,0,1,0,0,0,1,0,0,pc=264 NOP-MEMORY-STAGE,,,,,,,,,,,,,,,,,,,,,,,,,,,,,,,,,,,,,,,,,
layer_8,265,LOAD ACC,COMPUTE,0,0,0,0,0,1,0,0,pc=265 LOAD ACC,,,,,,,,,0x005e2506,0x0310,MEMORY READ,,,,,,,1,2,2,0,0,0,0,,,,,,,,,,,,,,,,,
layer_8,266,ALU - add,COMPUTE,0,0,0,0,0,1,0,0,pc=266 ALU - add,,,,,,,,,,,,,,,,,,,,,,,,,0,196,197,,,,,,,,,2,392,1,392,1,0
layer_8,267,ALU - add imm,COMPUTE,0,0,0,0,0,1,0,0,pc=267 ALU - add imm,,,,,,,,,,,,,,,,,,,,,,,,,0,197,198,,,,,,,,,1,0,0,784,1,1
layer_8,268,ALU - shr,COMPUTE,0,0,0,0,0,1,0,0,pc=268 ALU - shr,,,,,,,,,,,,,,,,,,,,,,,,,0,198,199,,,,,,,,,1,0,0,784,1,1
layer_8,269,ALU - min imm,COMPUTE,0,0,0,0,0,1,0,0,pc=269 ALU - min imm,,,,,,,,,,,,,,,,,,,,,,,,,0,199,200,,,,,,,,,1,0,0,784,1,1
layer_8,270,ALU - max imm,COMPUTE,0,0,0,1,0,1,0,1,pc=270 ALU - max imm,,,,,,,,,,,,,,,,,,,,,,,,,0,200,201,,,,,,,,,1,0,0,784,1,1
layer_8,271,LOAD ACC,COMPUTE,0,0,0,0,0,1,0,1,pc=271 LOAD ACC,,,,,,,,,0x005e2506,0x0622,MEMORY READ,,,,,,,1,2,2,0,0,0,0,,,,,,,,,,,,,,,,,
layer_8,272,ALU - add,COMPUTE,0,0,0,0,0,1,0,1,pc=272 ALU - add,,,,,,,,,,,,,,,,,,,,,,,,,0,201,202,,,,,,,,,2,392,1,392,1,0
layer_8,273,ALU - add imm,COMPUTE,0,0,0,0,0,1,0,1,pc=273 ALU - add imm,,,,,,,,,,,,,,,,,,,,,,,,,0,202,203,,,,,,,,,1,0,0,784,1,1
layer_8,274,ALU - shr,COMPUTE,0,0,0,0,0,1,0,1,pc=274 ALU - shr,,,,,,,,,,,,,,,,,,,,,,,,,0,203,204,,,,,,,,,1,0,0,784,1,1
layer_8,275,ALU - min imm,COMPUTE,0,0,0,0,0,1,0,1,pc=275 ALU - min imm,,,,,,,,,,,,,,,,,,,,,,,,,0,204,205,,,,,,,,,1,0,0,784,1,1
layer_8,276,ALU - max imm,COMPUTE,0,0,0,1,0,1,0,2,pc=276 ALU - max imm,,,,,,,,,,,,,,,,,,,,,,,,,0,205,206,,,,,,,,,1,0,0,784,1,1
layer_8,277,STORE,STORE,1,0,1,0,0,1,1,1,pc=277 STORE,,,,,,,,,0x06051260,0x0000,MEMORY WRITE,,,,,,,2,392,784,0,0,0,0,,,,,,,,,,,,,,,,,
layer_8,278,STORE,STORE,1,0,1,0,0,1,2,0,pc=278 STORE,,,,,,,,,0x060513e8,0x0312,MEMORY WRITE,,,,,,,2,392,784,0,0,0,0,,,,,,,,,,,,,,,,,
layer_8,279,NOP-COMPUTE-STAGE,COMPUTE,0,1,0,0,0,1,1,0,pc=279 NOP-COMPUTE-STAGE,,,,,,,,,,,,,,,,,,,,,,,,,,,,,,,,,,,,,,,,,
layer_8,280,NOP-STORE-STAGE,STORE,0,0,1,0,0,1,2,0,pc=280 NOP-STORE-STAGE,,,,,,,,,,,,,,,,,,,,,,,,,,,,,,,,,,,,,,,,,
layer_8,281,NOP-MEMORY-STAGE,LOAD,0,1,0,0,0,0,2,0,pc=281 NOP-MEMORY-STAGE,,,,,,,,,,,,,,,,,,,,,,,,,,,,,,,,,,,,,,,,,
layer_8,282,NOP-MEMORY-STAGE,LOAD,0,0,0,1,1,0,2,0,pc=282 NOP-MEMORY-STAGE,,,,,,,,,,,,,,,,,,,,,,,,,,,,,,,,,,,,,,,,,
layer_8,283,NOP-COMPUTE-STAGE,COMPUTE,0,1,0,0,1,0,1,0,pc=283 NOP-COMPUTE-STAGE,,,,,,,,,,,,,,,,,,,,,,,,,,,,,,,,,,,,,,,,,
layer_8,284,NOP-COMPUTE-STAGE,COMPUTE,1,1,0,0,0,0,0,0,pc=284 NOP-COMPUTE-STAGE,,,,,,,,,,,,,,,,,,,,,,,,,,,,,,,,,,,,,,,,,
layer_8,285,FINISH,COMPUTE,,,,,0,0,0,0,pc=285 FINISH,,,,,,,,,,,,,,,,,,,,,,,,,,,,,,,,,,,,,,,,,
layer_9,0,NOP-STORE-STAGE,STORE,0,0,1,0,0,0,1,0,pc=0 NOP-STORE-STAGE,,,,,,,,,,,,,,,,,,,,,,,,,,,,,,,,,,,,,,,,,
layer_9,1,NOP-STORE-STAGE,STORE,0,0,1,0,0,0,2,0,pc=1 NOP-STORE-STAGE,,,,,,,,,,,,,,,,,,,,,,,,,,,,,,,,,,,,,,,,,
layer_9,2,LOAD UOP,COMPUTE,0,1,0,0,0,0,1,0,pc=2 LOAD UOP,,,,,,,,,0x18580000,0x0000,MEMORY READ,,,,,,,1,7,7,0,0,0,0,,,,,,,,,,,,,,,,,
layer_9,3,GEMM,COMPUTE,0,0,1,0,0,1,1,0,pc=3 GEMM,,,,,,,,,,,,,,,,,,,,,,,,,1,0,7,14,0,0,1,8,0,0,98,,,,,,
layer_9,4,LOAD UOP,COMPUTE,0,1,0,0,0,1,0,0,pc=4 LOAD UOP,,,,,,,,,0x18580007,0x0007,MEMORY READ,,,,,,,1,7,7,0,0,0,0,,,,,,,,,,,,,,,,,
layer_9,5,GEMM,COMPUTE,0,0,1,0,0,2,0,0,pc=5 GEMM,,,,,,,,,,,,,,,,,,,,,,,,,1,7,14,14,0,0,1,8,0,0,98,,,,,,
layer_9,6,LOAD INP,LOAD,0,1,0,0,0,1,0,0,pc=6 LOAD INP,,,,,,,,,0x06040000,0x0000,MEMORY READ,,,,,,,13,27,28,0,0,0,0,,,,,,,,,,,,,,,,,
layer_9,7,LOAD WGT,LOAD,0,0,0,1,1,1,0,0,pc=7 LOAD WGT,,,,,,,,,0x005fca80,0x0000,MEMORY READ,,,,,,,8,1,8,0,0,0,0,,,,,,,,,,,,,,,,,
layer_9,8,LOAD INP,LOAD,0,1,0,0,1,0,0,0,pc=8 LOAD INP,,,,,,,,,0x06040000,0x015f,MEMORY READ,,,,,,,13,27,28,0,0,0,0,,,,,,,,,,,,,,,,,
layer_9,9,LOAD WGT,LOAD,0,0,0,1,2,0,0,0,pc=9 LOAD WGT,,,,,,,,,0x005fcac0,0x0008,MEMORY READ,,,,,,,8,1,8,0,0,0,0,,,,,,,,,,,,,,,,,
layer_9,10,LOAD UOP,COMPUTE,1,0,0,0,1,0,0,0,pc=10 LOAD UOP,,,,,,,,,0x1858000e,0x000e,MEMORY READ,,,,,,,1,7,7,0,0,0,0,,,,,,,,,,,,,,,,,
layer_9,11,GEMM,COMPUTE,0,0,1,0,1,1,0,0,pc=11 GEMM,,,,,,,,,,,,,,,,,,,,,,,,,0,14,21,14,0,2,1,8,1,0,98,,,,,,
layer_9,12,LOAD UOP,COMPUTE,1,0,0,0,0,1,0,0,pc=12 LOAD UOP,,,,,,,,,0x18580015,0x0015,MEMORY READ,,,,,,,1,7,7,0,0,0,0,,,,,,,,,,,,,,,,,
layer_9,13,GEMM,COMPUTE,0,0,1,0,0,2,0,0,pc=13 GEMM,,,,,,,,,,,,,,,,,,,,,,,,,0,21,28,14,0,2,1,8,1,0,98,,,,,,
layer_9,14,LOAD INP,LOAD,0,1,0,0,0,1,0,0,pc=14 LOAD INP,,,,,,,,,0x06040310,0x0000,MEMORY READ,,,,,,,13,27,28,0,0,0,0,,,,,,,,,,,,,,,,,
layer_9,15,LOAD WGT,LOAD,0,0,0,1,1,1,0,0,pc=15 LOAD WGT,,,,,,,,,0x005fca81,0x0000,MEMORY READ,,,,,,,8,1,8,0,0,0,0,,,,,,,,,,,,,,,,,
layer_9,16,LOAD INP,LOAD,0,1,0,0,1,0,0,0,pc=16 LOAD INP,,,,,,,,,0x06040310,0x015f,MEMORY READ,,,,,,,13,27,28,0,0,0,0,,,,,,,,,,,,,,,,,
layer_9,17,LOAD WGT,LOAD,0,0,0,1,2,0,0,0,pc=17 LOAD WGT,,,,,,,,,0x005fcac1,0x0008,MEMORY READ,,,,,,,8,1,8,0,0,0,0,,,,,,,,,,,,,,,,,
layer_9,18,GEMM,COMPUTE,1,0,1,0,1,1,0,0,pc=18 GEMM,,,,,,,,,,,,,,,,,,,,,,,,,0,14,21,14,0,2,1,8,1,0,98,,,,,,
layer_9,19,GEMM,COMPUTE,1,0,1,0,0,2,0,0,pc=19 GEMM,,,,,,,,,,,,,,,,,,,,,,,,,0,21,28,14,0,2,1,8,1,0,98,,,,,,
layer_9,20,LOAD INP,LOAD,0,1,0,0,0,1,0,0,pc=20 LOAD INP,,,,,,,,,0x06040620,0x0000,MEMORY READ,,,,,,,13,27,28,0,0,0,0,,,,,,,,,,,,,,,,,
layer_9,21,LOAD WGT,LOAD,0,0,0,1,1,1,0,0,pc=21 LOAD WGT,,,,,,,,,0x005fca82,0x0000,MEMORY READ,,,,,,,8,1,8,0,0,0,0,,,,,,,,,,,,,,,,,
layer_9,22,LOAD INP,LOAD,0,1,0,0,1,0,0,0,pc=22 LOAD INP,,,,,,,,,0x06040620,0x015f,MEMORY READ,,,,,,,13,27,28,0,0,0,0,,,,,,,,,,,,,,,,,
layer_9,23,LOAD WGT,LOAD,0,0,0,1,2,0,0,0,pc=23 LOAD WGT,,,,,,,,,0x005fcac2,0x0008,MEMORY READ,,,,,,,8,1,8,0,0,0,0,,,,,,,,,,,,,,,,,
layer_9,24,GEMM,COMPUTE,1,0,1,0,1,1,0,0,pc=24 GEMM,,,,,,,,,,,,,,,,,,,,,,,,,0,14,21,14,0,2,1,8,1,0,98,,,,,,
layer_9,25,GEMM,COMPUTE,1,0,1,0,0,2,0,0,pc=25 GEMM,,,,,,,,,,,,,,,,,,,,,,,,,0,21,28,14,0,2,1,8,1,0,98,,,,,,
layer_9,26,LOAD INP,LOAD,0,1,0,0,0,1,0,0,pc=26 LOAD INP,,,,,,,,,0x06040930,0x0000,MEMORY READ,,,,,,,13,27,28,0,0,0,0,,,,,,,,,,,,,,,,,
layer_9,27,LOAD WGT,LOAD,0,0,0,1,1,1,0,0,pc=27 LOAD WGT,,,,,,,,,0x005fca83,0x0000,MEMORY READ,,,,,,,8,1,8,0,0,0,0,,,,,,,,,,,,,,,,,
layer_9,28,LOAD INP,LOAD,0,1,0,0,1,0,0,0,pc=28 LOAD INP,,,,,,,,,0x06040930,0x015f,MEMORY READ,,,,,,,13,27,28,0,0,0,0,,,,,,,,,,,,,,,,,
layer_9,29,LOAD WGT,LOAD,0,0,0,1,2,0,0,0,pc=29 LOAD WGT,,,,,,,,,0x005fcac3,0x0008,MEMORY READ,,,,,,,8,1,8,0,0,0,0,,,,,,,,,,,,,,,,,
layer_9,30,GEMM,COMPUTE,1,0,1,0,1,1,0,0,pc=30 GEMM,,,,,,,,,,,,,,,,,,,,,,,,,0,14,21,14,0,2,1,8,1,0,98,,,,,,
layer_9,31,GEMM,COMPUTE,1,0,1,0,0,2,0,0,pc=31 GEMM,,,,,,,,,,,,,,,,,,,,,,,,,0,21,28,14,0,2,1,8,1,0,98,,,,,,
layer_9,32,LOAD INP,LOAD,0,1,0,0,0,1,0,0,pc=32 LOAD INP,,,,,,,,,0x06040c40,0x0000,MEMORY READ,,,,,,,13,27,28,0,0,0,0,,,,,,,,,,,,,,,,,
layer_9,33,LOAD WGT,LOAD,0,0,0,1,1,1,0,0,pc=33 LOAD WGT,,,,,,,,,0x005fca84,0x0000,MEMORY READ,,,,,,,8,1,8,0,0,0,0,,,,,,,,,,,,,,,,,
layer_9,34,LOAD INP,LOAD,0,1,0,0,1,0,0,0,pc=34 LOAD INP,,,,,,,,,0x06040c40,0x015f,MEMORY READ,,,,,,,13,27,28,0,0,0,0,,,,,,,,,,,,,,,,,
layer_9,35,LOAD WGT,LOAD,0,0,0,1,2,0,0,0,pc=35 LOAD WGT,,,,,,,,,0x005fcac4,0x0008,MEMORY READ,,,,,,,8,1,8,0,0,0,0,,,,,,,,,,,,,,,,,
layer_9,36,GEMM,COMPUTE,1,0,1,0,1,1,0,0,pc=36 GEMM,,,,,,,,,,,,,,,,,,,,,,,,,0,14,21,14,0,2,1,8,1,0,98,,,,,,
layer_9,37,GEMM,COMPUTE,1,0,1,0,0,2,0,0,pc=37 GEMM,,,,,,,,,,,,,,,,,,,,,,,,,0,21,28,14,0,2,1,8,1,0,98,,,,,,
layer_9,38,LOAD INP,LOAD,0,1,0,0,0,1,0,0,pc=38 LOAD INP,,,,,,,,,0x06040f50,0x0000,MEMORY READ,,,,,,,13,27,28,0,0,0,0,,,,,,,,,,,,,,,,,
layer_9,39,LOAD WGT,LOAD,0,0,0,1,1,1,0,0,pc=39 LOAD WGT,,,,,,,,,0x005fca85,0x0000,MEMORY READ,,,,,,,8,1,8,0,0,0,0,,,,,,,,,,,,,,,,,
layer_9,40,LOAD INP,LOAD,0,1,0,0,1,0,0,0,pc=40 LOAD INP,,,,,,,,,0x06040f50,0x015f,MEMORY READ,,,,,,,13,27,28,0,0,0,0,,,,,,,,,,,,,,,,,
layer_9,41,LOAD WGT,LOAD,0,0,0,1,2,0,0,0,pc=41 LOAD WGT,,,,,,,,,0x005fcac5,0x0008,MEMORY READ,,,,,,,8,1,8,0,0,0,0,,,,,,,,,,,,,,,,,
layer_9,42,GEMM,COMPUTE,1,0,1,0,1,1,0,0,pc=42 GEMM,,,,,,,,,,,,,,,,,,,,,,,,,0,14,21,14,0,2,1,8,1,0,98,,,,,,
layer_9,43,GEMM,COMPUTE,1,0,1,0,0,2,0,0,pc=43 GEMM,,,,,,,,,,,,,,,,,,,,,,,,,0,21,28,14,0,2,1,8,1,0,98,,,,,,
layer_9,44,LOAD INP,LOAD,0,1,0,0,0,1,0,0,pc=44 LOAD INP,,,,,,,,,0x06041260,0x0000,MEMORY READ,,,,,,,13,27,28,0,0,0,0,,,,,,,,,,,,,,,,,
layer_9,45,LOAD WGT,LOAD,0,0,0,1,1,1,0,0,pc=45 LOAD WGT,,,,,,,,,0x005fca86,0x0000,MEMORY READ,,,,,,,8,1,8,0,0,0,0,,,,,,,,,,,,,,,,,
layer_9,46,LOAD INP,LOAD,0,1,0,0,1,0,0,0,pc=46 LOAD INP,,,,,,,,,0x06041260,0x015f,MEMORY READ,,,,,,,13,27,28,0,0,0,0,,,,,,,,,,,,,,,,,
layer_9,47,LOAD WGT,LOAD,0,0,0,1,2,0,0,0,pc=47 LOAD WGT,,,,,,,,,0x005fcac6,0x0008,MEMORY READ,,,,,,,8,1,8,0,0,0,0,,,,,,,,,,,,,,,,,
layer_9,48,GEMM,COMPUTE,1,0,1,0,1,1,0,0,pc=48 GEMM,,,,,,,,,,,,,,,,,,,,,,,,,0,14,21,14,0,2,1,8,1,0,98,,,,,,
layer_9,49,GEMM,COMPUTE,1,0,1,0,0,2,0,0,pc=49 GEMM,,,,,,,,,,,,,,,,,,,,,,,,,0,21,28,14,0,2,1,8,1,0,98,,,,,,
layer_9,50,LOAD INP,LOAD,0,1,0,0,0,1,0,0,pc=50 LOAD INP,,,,,,,,,0x06041570,0x0000,MEMORY READ,,,,,,,13,27,28,0,0,0,0,,,,,,,,,,,,,,,,,
layer_9,51,LOAD WGT,LOAD,0,0,0,1,1,1,0,0,pc=51 LOAD WGT,,,,,,,,,0x005fca87,0x0000,MEMORY READ,,,,,,,8,1,8,0,0,0,0,,,,,,,,,,,,,,,,,
layer_9,52,LOAD INP,LOAD,0,1,0,0,1,0,0,0,pc=52 LOAD INP,,,,,,,,,0x06041570,0x015f,MEMORY READ,,,,,,,13,27,28,0,0,0,0,,,,,,,,,,,,,,,,,
layer_9,53,LOAD WGT,LOAD,0,0,0,1,2,0,0,0,pc=53 LOAD WGT,,,,,,,,,0x005fcac7,0x0008,MEMORY READ,,,,,,,8,1,8,0,0,0,0,,,,,,,,,,,,,,,,,
layer_9,54,GEMM,COMPUTE,1,0,1,0,1,1,0,0,pc=54 GEMM,,,,,,,,,,,,,,,,,,,,,,,,,0,14,21,14,0,2,1,8,1,0,98,,,,,,
layer_9,55,GEMM,COMPUTE,1,0,1,0,0,2,0,0,pc=55 GEMM,,,,,,,,,,,,,,,,,,,,,,,,,0,21,28,14,0,2,1,8,1,0,98,,,,,,
layer_9,56,NOP-MEMORY-STAGE,LOAD,0,1,0,0,0,1,0,0,pc=56 NOP-MEMORY-STAGE,,,,,,,,,,,,,,,,,,,,,,,,,,,,,,,,,,,,,,,,,
layer_9,57,LOAD ACC,COMPUTE,0,0,0,0,0,1,0,0,pc=57 LOAD ACC,,,,,,,,,0x005e24c0,0x0310,MEMORY READ,,,,,,,1,8,8,0,0,0,0,,,,,,,,,,,,,,,,,
layer_9,58,LOAD UOP,COMPUTE,0,0,0,0,0,1,0,0,pc=58 LOAD UOP,,,,,,,,,0x1858001c,0x001c,MEMORY READ,,,,,,,1,1,1,0,0,0,0,,,,,,,,,,,,,,,,,
layer_9,59,ALU - add,COMPUTE,0,0,0,0,0,1,0,0,pc=59 ALU - add,,,,,,,,,,,,,,,,,,,,,,,,,0,28,29,,,,,,,,,8,98,1,98,1,0
layer_9,60,LOAD UOP,COMPUTE,0,0,0,0,0,1,0,0,pc=60 LOAD UOP,,,,,,,,,0x1858001d,0x001d,MEMORY READ,,,,,,,1,1,1,0,0,0,0,,,,,,,,,,,,,,,,,
layer_9,61,ALU - add imm,COMPUTE,0,0,0,0,0,1,0,0,pc=61 ALU - add imm,,,,,,,,,,,,,,,,,,,,,,,,,0,29,30,,,,,,,,,1,0,0,784,1,1
layer_9,62,LOAD UOP,COMPUTE,0,0,0,0,0,1,0,0,pc=62 LOAD UOP,,,,,,,,,0x1858001e,0x001e,MEMORY READ,,,,,,,1,1,1,0,0,0,0,,,,,,,,,,,,,,,,,
layer_9,63,ALU - shr,COMPUTE,0,0,0,0,0,1,0,0,pc=63 ALU - shr,,,,,,,,,,,,,,,,,,,,,,,,,0,30,31,,,,,,,,,1,0,0,784,1,1
layer_9,64,LOAD UOP,COMPUTE,0,0,0,0,0,1,0,0,pc=64 LOAD UOP,,,,,,,,,0x1858001f,0x001f,MEMORY READ,,,,,,,1,1,1,0,0,0,0,,,,,,,,,,,,,,,,,
layer_9,65,ALU - min imm,COMPUTE,0,0,0,0,0,1,0,0,pc=65 ALU - min imm,,,,,,,,,,,,,,,,,,,,,,,,,0,31,32,,,,,,,,,1,0,0,784,1,1
layer_9,66,LOAD UOP,COMPUTE,0,0,0,0,0,1,0,0,pc=66 LOAD UOP,,,,,,,,,0x18580020,0x0020,MEMORY READ,,,,,,,1,1,1,0,0,0,0,,,,,,,,,,,,,,,,,
layer_9,67,ALU - max imm,COMPUTE,0,0,0,1,0,1,0,1,pc=67 ALU - max imm,,,,,,,,,,,,,,,,,,,,,,,,,0,32,33,,,,,,,,,1,0,0,784,1,1
layer_9,68,LOAD ACC,COMPUTE,0,0,0,0,0,1,0,1,pc=68 LOAD ACC,,,,,,,,,0x005e24c8,0x0628,MEMORY READ,,,,,,,1,8,8,0,0,0,0,,,,,,,,,,,,,,,,,
layer_9,69,LOAD UOP,COMPUTE,0,0,0,0,0,1,0,1,pc=69 LOAD UOP,,,,,,,,,0x18580021,0x0021,MEMORY READ,,,,,,,1,1,1,0,0,0,0,,,,,,,,,,,,,,,,,
layer_9,70,ALU - add,COMPUTE,0,0,0,0,0,1,0,1,pc=70 ALU - add,,,,,,,,,,,,,,,,,,,,,,,,,0,33,34,,,,,,,,,8,98,1,98,1,0
layer_9,71,LOAD UOP,COMPUTE,0,0,0,0,0,1,0,1,pc=71 LOAD UOP,,,,,,,,,0x18580022,0x0022,MEMORY READ,,,,,,,1,1,1,0,0,0,0,,,,,,,,,,,,,,,,,
layer_9,72,ALU - add imm,COMPUTE,0,0,0,0,0,1,0,1,pc=72 ALU - add imm,,,,,,,,,,,,,,,,,,,,,,,,,0,34,35,,,,,,,,,1,0,0,784,1,1
layer_9,73,LOAD UOP,COMPUTE,0,0,0,0,0,1,0,1,pc=73 LOAD UOP,,,,,,,,,0x18580023,0x0023,MEMORY READ,,,,,,,1,1,1,0,0,0,0,,,,,,,,,,,,,,,,,
layer_9,74,ALU - shr,COMPUTE,0,0,0,0,0,1,0,1,pc=74 ALU - shr,,,,,,,,,,,,,,,,,,,,,,,,,0,35,36,,,,,,,,,1,0,0,784,1,1
layer_9,75,LOAD UOP,COMPUTE,0,0,0,0,0,1,0,1,pc=75 LOAD UOP,,,,,,,,,0x18580024,0x0024,MEMORY READ,,,,,,,1,1,1,0,0,0,0,,,,,,,,,,,,,,,,,
layer_9,76,ALU - min imm,COMPUTE,0,0,0,0,0,1,0,1,pc=76 ALU - min imm,,,,,,,,,,,,,,,,,,,,,,,,,0,36,37,,,,,,,,,1,0,0,784,1,1
layer_9,77,LOAD UOP,COMPUTE,0,0,0,0,0,1,0,1,pc=77 LOAD UOP,,,,,,,,,0x18580025,0x0025,MEMORY READ,,,,,,,1,1,1,0,0,0,0,,,,,,,,,,,,,,,,,
layer_9,78,ALU - max imm,COMPUTE,0,0,0,1,0,1,0,2,pc=78 ALU - max imm,,,,,,,,,,,,,,,,,,,,,,,,,0,37,38,,,,,,,,,1,0,0,784,1,1
layer_9,79,STORE,STORE,1,0,1,0,0,1,1,1,pc=79 STORE,,,,,,,,,0x05fea000,0x0000,MEMORY WRITE,,,,,,,8,98,196,0,0,0,0,,,,,,,,,,,,,,,,,
layer_9,80,STORE,STORE,1,0,1,0,0,1,2,0,pc=80 STORE,,,,,,,,,0x05fea620,0x0318,MEMORY WRITE,,,,,,,8,98,196,0,0,0,0,,,,,,,,,,,,,,,,,
layer_9,81,GEMM,COMPUTE,0,1,1,0,0,2,1,0,pc=81 GEMM,,,,,,,,,,,,,,,,,,,,,,,,,1,0,7,14,0,0,1,8,0,0,98,,,,,,
layer_9,82,GEMM,COMPUTE,0,1,1,0,0,3,0,0,pc=82 GEMM,,,,,,,,,,,,,,,,,,,,,,,,,1,7,14,14,0,0,1,8,0,0,98,,,,,,
layer_9,83,NOP-MEMORY-STAGE,LOAD,0,1,0,0,0,2,0,0,pc=83 NOP-MEMORY-STAGE,,,,,,,,,,,,,,,,,,,,,,,,,,,,,,,,,,,,,,,,,
layer_9,84,LOAD INP,LOAD,0,1,0,0,0,1,0,0,pc=84 LOAD INP,,,,,,,,,0x06040188,0x0000,MEMORY READ,,,,,,,13,27,28,0,0,0,0,,,,,,,,,,,,,,,,,
layer_9,85,LOAD WGT,LOAD,0,0,0,1,1,1,0,0,pc=85 LOAD WGT,,,,,,,,,0x005fca80,0x0000,MEMORY READ,,,,,,,8,1,8,0,0,0,0,,,,,,,,,,,,,,,,,
layer_9,86,LOAD INP,LOAD,0,1,0,0,1,0,0,0,pc=86 LOAD INP,,,,,,,,,0x06040188,0x015f,MEMORY READ,,,,,,,13,27,28,0,0,0,0,,,,,,,,,,,,,,,,,
layer_9,87,LOAD WGT,LOAD,0,0,0,1,2,0,0,0,pc=87 LOAD WGT,,,,,,,,,0x005fcac0,0x0008,MEMORY READ,,,,,,,8,1,8,0,0,0,0,,,,,,,,,,,,,,,,,
layer_9,88,GEMM,COMPUTE,1,0,1,0,1,1,0,0,pc=88 GEMM,,,,,,,,,,,,,,,,,,,,,,,,,0,14,21,14,0,2,1,8,1,0,98,,,,,,
layer_9,89,GEMM,COMPUTE,1,0,1,0,0,2,0,0,pc=89 GEMM,,,,,,,,,,,,,,,,,,,,,,,,,0,21,28,14,0,2,1,8,1,0,98,,,,,,
layer_9,90,LOAD INP,LOAD,0,1,0,0,0,1,0,0,pc=90 LOAD INP,,,,,,,,,0x06040498,0x0000,MEMORY READ,,,,,,,13,27,28,0,0,0,0,,,,,,,,,,,,,,,,,
layer_9,91,LOAD WGT,LOAD,0,0,0,1,1,1,0,0,pc=91 LOAD WGT,,,,,,,,,0x005fca81,0x0000,MEMORY READ,,,,,,,8,1,8,0,0,0,0,,,,,,,,,,,,,,,,,
layer_9,92,LOAD INP,LOAD,0,1,0,0,1,0,0,0,pc=92 LOAD INP,,,,,,,,,0x06040498,0x015f,MEMORY READ,,,,,,,13,27,28,0,0,0,0,,,,,,,,,,,,,,,,,
layer_9,93,LOAD WGT,LOAD,0,0,0,1,2,0,0,0,pc=93 LOAD WGT,,,,,,,,,0x005fcac1,0x0008,MEMORY READ,,,,,,,8,1,8,0,0,0,0,,,,,,,,,,,,,,,,,
layer_9,94,GEMM,COMPUTE,1,0,1,0,1,1,0,0,pc=94 GEMM,,,,,,,,,,,,,,,,,,,,,,,,,0,14,21,14,0,2,1,8,1,0,98,,,,,,
layer_9,95,GEMM,COMPUTE,1,0,1,0,0,2,0,0,pc=95 GEMM,,,,,,,,,,,,,,,,,,,,,,,,,0,21,28,14,0,2,1,8,1,0,98,,,,,,
layer_9,96,LOAD INP,LOAD,0,1,0,0,0,1,0,0,pc=96 LOAD INP,,,,,,,,,0x060407a8,0x0000,MEMORY READ,,,,,,,13,27,28,0,0,0,0,,,,,,,,,,,,,,,,,
layer_9,97,LOAD WGT,LOAD,0,0,0,1,1,1,0,0,pc=97 LOAD WGT,,,,,,,,,0x005fca82,0x0000,MEMORY READ,,,,,,,8,1,8,0,0,0,0,,,,,,,,,,,,,,,,,
layer_9,98,LOAD INP,LOAD,0,1,0,0,1,0,0,0,pc=98 LOAD INP,,,,,,,,,0x060407a8,0x015f,MEMORY READ,,,,,,,13,27,28,0,0,0,0,,,,,,,,,,,,,,,,,
layer_9,99,LOAD WGT,LOAD,0,0,0,1,2,0,0,0,pc=99 LOAD WGT,,,,,,,,,0x005fcac2,0x0008,MEMORY READ,,,,,,,8,1,8,0,0,0,0,,,,,,,,,,,,,,,,,
layer_9,100,GEMM,COMPUTE,1,0,1,0,1,1,0,0,pc=100 GEMM,,,,,,,,,,,,,,,,,,,,,,,,,0,14,21,14,0,2,1,8,1,0,98,,,,,,
layer_9,101,GEMM,COMPUTE,1,0,1,0,0,2,0,0,pc=101 GEMM,,,,,,,,,,,,,,,,,,,,,,,,,0,21,28,14,0,2,1,8,1,0,98,,,,,,
layer_9,102,LOAD INP,LOAD,0,1,0,0,0,1,0,0,pc=102 LOAD INP,,,,,,,,,0x06040ab8,0x0000,MEMORY READ,,,,,,,13,27,28,0,0,0,0,,,,,,,,,,,,,,,,,
layer_9,103,LOAD WGT,LOAD,0,0,0,1,1,1,0,0,pc=103 LOAD WGT,,,,,,,,,0x005fca83,0x0000,MEMORY READ,,,,,,,8,1,8,0,0,0,0,,,,,,,,,,,,,,,,,
layer_9,104,LOAD INP,LOAD,0,1,0,0,1,0,0,0,pc=104 LOAD INP,,,,,,,,,0x06040ab8,0x015f,MEMORY READ,,,,,,,13,27,28,0,0,0,0,,,,,,,,,,,,,,,,,
layer_9,105,LOAD WGT,LOAD,0,0,0,1,2,0,0,0,pc=105 LOAD WGT,,,,,,,,,0x005fcac3,0x0008,MEMORY READ,,,,,,,8,1,8,0,0,0,0,,,,,,,,,,,,,,,,,
layer_9,106,GEMM,COMPUTE,1,0,1,0,1,1,0,0,pc=106 GEMM,,,,,,,,,,,,,,,,,,,,,,,,,0,14,21,14,0,2,1,8,1,0,98,,,,,,
layer_9,107,GEMM,COMPUTE,1,0,1,0,0,2,0,0,pc=107 GEMM,,,,,,,,,,,,,,,,,,,,,,,,,0,21,28,14,0,2,1,8,1,0,98,,,,,,
layer_9,108,LOAD INP,LOAD,0,1,0,0,0,1,0,0,pc=108 LOAD INP,,,,,,,,,0x06040dc8,0x0000,MEMORY READ,,,,,,,13,27,28,0,0,0,0,,,,,,,,,,,,,,,,,
layer_9,109,LOAD WGT,LOAD,0,0,0,1,1,1,0,0,pc=109 LOAD WGT,,,,,,,,,0x005fca84,0x0000,MEMORY READ,,,,,,,8,1,8,0,0,0,0,,,,,,,,,,,,,,,,,
layer_9,110,LOAD INP,LOAD,0,1,0,0,1,0,0,0,pc=110 LOAD INP,,,,,,,,,0x06040dc8,0x015f,MEMORY READ,,,,,,,13,27,28,0,0,0,0,,,,,,,,,,,,,,,,,
layer_9,111,LOAD WGT,LOAD,0,0,0,1,2,0,0,0,pc=111 LOAD WGT,,,,,,,,,0x005fcac4,0x0008,MEMORY READ,,,,,,,8,1,8,0,0,0,0,,,,,,,,,,,,,,,,,
layer_9,112,GEMM,COMPUTE,1,0,1,0,1,1,0,0,pc=112 GEMM,,,,,,,,,,,,,,,,,,,,,,,,,0,14,21,14,0,2,1,8,1,0,98,,,,,,
layer_9,113,GEMM,COMPUTE,1,0,1,0,0,2,0,0,pc=113 GEMM,,,,,,,,,,,,,,,,,,,,,,,,,0,21,28,14,0,2,1,8,1,0,98,,,,,,
layer_9,114,LOAD INP,LOAD,0,1,0,0,0,1,0,0,pc=114 LOAD INP,,,,,,,,,0x060410d8,0x0000,MEMORY READ,,,,,,,13,27,28,0,0,0,0,,,,,,,,,,,,,,,,,
layer_9,115,LOAD WGT,LOAD,0,0,0,1,1,1,0,0,pc=115 LOAD WGT,,,,,,,,,0x005fca85,0x0000,MEMORY READ,,,,,,,8,1,8,0,0,0,0,,,,,,,,,,,,,,,,,
layer_9,116,LOAD INP,LOAD,0,1,0,0,1,0,0,0,pc=116 LOAD INP,,,,,,,,,0x060410d8,0x015f,MEMORY READ,,,,,,,13,27,28,0,0,0,0,,,,,,,,,,,,,,,,,
layer_9,117,LOAD WGT,LOAD,0,0,0,1,2,0,0,0,pc=117 LOAD WGT,,,,,,,,,0x005fcac5,0x0008,MEMORY READ,,,,,,,8,1,8,0,0,0,0,,,,,,,,,,,,,,,,,
layer_9,118,GEMM,COMPUTE,1,0,1,0,1,1,0,0,pc=118 GEMM,,,,,,,,,,,,,,,,,,,,,,,,,0,14,21,14,0,2,1,8,1,0,98,,,,,,
layer_9,119,GEMM,COMPUTE,1,0,1,0,0,2,0,0,pc=119 GEMM,,,,,,,,,,,,,,,,,,,,,,,,,0,21,28,14,0,2,1,8,1,0,98,,,,,,
layer_9,120,LOAD INP,LOAD,0,1,0,0,0,1,0,0,pc=120 LOAD INP,,,,,,,,,0x060413e8,0x0000,MEMORY READ,,,,,,,13,27,28,0,0,0,0,,,,,,,,,,,,,,,,,
layer_9,121,LOAD WGT,LOAD,0,0,0,1,1,1,0,0,pc=121 LOAD WGT,,,,,,,,,0x005fca86,0x0000,MEMORY READ,,,,,,,8,1,8,0,0,0,0,,,,,,,,,,,,,,,,,
layer_9,122,LOAD INP,LOAD,0,1,0,0,1,0,0,0,pc=122 LOAD INP,,,,,,,,,0x060413e8,0x015f,MEMORY READ,,,,,,,13,27,28,0,0,0,0,,,,,,,,,,,,,,,,,
layer_9,123,LOAD WGT,LOAD,0,0,0,1,2,0,0,0,pc=123 LOAD WGT,,,,,,,,,0x005fcac6,0x0008,MEMORY READ,,,,,,,8,1,8,0,0,0,0,,,,,,,,,,,,,,,,,
layer_9,124,GEMM,COMPUTE,1,0,1,0,1,1,0,0,pc=124 GEMM,,,,,,,,,,,,,,,,,,,,,,,,,0,14,21,14,0,2,1,8,1,0,98,,,,,,
layer_9,125,GEMM,COMPUTE,1,0,1,0,0,2,0,0,pc=125 GEMM,,,,,,,,,,,,,,,,,,,,,,,,,0,21,28,14,0,2,1,8,1,0,98,,,,,,
layer_9,126,LOAD INP,LOAD,0,1,0,0,0,1,0,0,pc=126 LOAD INP,,,,,,,,,0x060416f8,0x0000,MEMORY READ,,,,,,,13,27,28,0,0,0,0,,,,,,,,,,,,,,,,,
layer_9,127,LOAD WGT,LOAD,0,0,0,1,1,1,0,0,pc=127 LOAD WGT,,,,,,,,,0x005fca87,0x0000,MEMORY READ,,,,,,,8,1,8,0,0,0,0,,,,,,,,,,,,,,,,,
layer_9,128,LOAD INP,LOAD,0,1,0,0,1,0,0,0,pc=128 LOAD INP,,,,,,,,,0x060416f8,0x015f,MEMORY READ,,,,,,,13,27,28,0,0,0,0,,,,,,,,,,,,,,,,,
layer_9,129,LOAD WGT,LOAD,0,0,0,1,2,0,0,0,pc=129 LOAD WGT,,,,,,,,,0x005fcac7,0x0008,MEMORY READ,,,,,,,8,1,8,0,0,0,0,,,,,,,,,,,,,,,,,
layer_9,130,GEMM,COMPUTE,1,0,1,0,1,1,0,0,pc=130 GEMM,,,,,,,,,,,,,,,,,,,,,,,,,0,14,21,14,0,2,1,8,1,0,98,,,,,,
layer_9,131,GEMM,COMPUTE,1,0,1,0,0,2,0,0,pc=131 GEMM,,,,,,,,,,,,,,,,,,,,,,,,,0,21,28,14,0,2,1,8,1,0,98,,,,,,
layer_9,132,NOP-MEMORY-STAGE,LOAD,0,1,0,0,0,1,0,0,pc=132 NOP-MEMORY-STAGE,,,,,,,,,,,,,,,,,,,,,,,,,,,,,,,,,,,,,,,,,
layer_9,133,LOAD ACC,COMPUTE,0,0,0,0,0,1,0,0,pc=133 LOAD ACC,,,,,,,,,0x005e24c0,0x0310,MEMORY READ,,,,,,,1,8,8,0,0,0,0,,,,,,,,,,,,,,,,,
layer_9,134,ALU - add,COMPUTE,0,0,0,0,0,1,0,0,pc=134 ALU - add,,,,,,,,,,,,,,,,,,,,,,,,,0,28,29,,,,,,,,,8,98,1,98,1,0
layer_9,135,ALU - add imm,COMPUTE,0,0,0,0,0,1,0,0,pc=135 ALU - add imm,,,,,,,,,,,,,,,,,,,,,,,,,0,29,30,,,,,,,,,1,0,0,784,1,1
layer_9,136,ALU - shr,COMPUTE,0,0,0,0,0,1,0,0,pc=136 ALU - shr,,,,,,,,,,,,,,,,,,,,,,,,,0,30,31,,,,,,,,,1,0,0,784,1,1
layer_9,137,ALU - min imm,COMPUTE,0,0,0,0,0,1,0,0,pc=137 ALU - min imm,,,,,,,,,,,,,,,,,,,,,,,,,0,31,32,,,,,,,,,1,0,0,784,1,1
layer_9,138,ALU - max imm,COMPUTE,0,0,0,1,0,1,0,1,pc=138 ALU - max imm,,,,,,,,,,,,,,,,,,,,,,,,,0,32,33,,,,,,,,,1,0,0,784,1,1
layer_9,139,LOAD ACC,COMPUTE,0,0,0,0,0,1,0,1,pc=139 LOAD ACC,,,,,,,,,0x005e24c8,0x0628,MEMORY READ,,,,,,,1,8,8,0,0,0,0,,,,,,,,,,,,,,,,,
layer_9,140,ALU - add,COMPUTE,0,0,0,0,0,1,0,1,pc=140 ALU - add,,,,,,,,,,,,,,,,,,,,,,,,,0,33,34,,,,,,,,,8,98,1,98,1,0
layer_9,141,ALU - add imm,COMPUTE,0,0,0,0,0,1,0,1,pc=141 ALU - add imm,,,,,,,,,,,,,,,,,,,,,,,,,0,34,35,,,,,,,,,1,0,0,784,1,1
layer_9,142,ALU - shr,COMPUTE,0,0,0,0,0,1,0,1,pc=142 ALU - shr,,,,,,,,,,,,,,,,,,,,,,,,,0,35,36,,,,,,,,,1,0,0,784,1,1
layer_9,143,ALU - min imm,COMPUTE,0,0,0,0,0,1,0,1,pc=143 ALU - min imm,,,,,,,,,,,,,,,,,,,,,,,,,0,36,37,,,,,,,,,1,0,0,784,1,1
layer_9,144,ALU - max imm,COMPUTE,0,0,0,1,0,1,0,2,pc=144 ALU - max imm,,,,,,,,,,,,,,,,,,,,,,,,,0,37,38,,,,,,,,,1,0,0,784,1,1
layer_9,145,STORE,STORE,1,0,1,0,0,1,1,1,pc=145 STORE,,,,,,,,,0x05fea062,0x0000,MEMORY WRITE,,,,,,,8,98,196,0,0,0,0,,,,,,,,,,,,,,,,,
layer_9,146,STORE,STORE,1,0,1,0,0,1,2,0,pc=146 STORE,,,,,,,,,0x05fea682,0x0318,MEMORY WRITE,,,,,,,8,98,196,0,0,0,0,,,,,,,,,,,,,,,,,
layer_9,147,NOP-COMPUTE-STAGE,COMPUTE,0,1,0,0,0,1,1,0,pc=147 NOP-COMPUTE-STAGE,,,,,,,,,,,,,,,,,,,,,,,,,,,,,,,,,,,,,,,,,
layer_9,148,NOP-STORE-STAGE,STORE,0,0,1,0,0,1,2,0,pc=148 NOP-STORE-STAGE,,,,,,,,,,,,,,,,,,,,,,,,,,,,,,,,,,,,,,,,,
layer_9,149,NOP-MEMORY-STAGE,LOAD,0,1,0,0,0,0,2,0,pc=149 NOP-MEMORY-STAGE,,,,,,,,,,,,,,,,,,,,,,,,,,,,,,,,,,,,,,,,,
layer_9,150,NOP-MEMORY-STAGE,LOAD,0,0,0,1,1,0,2,0,pc=150 NOP-MEMORY-STAGE,,,,,,,,,,,,,,,,,,,,,,,,,,,,,,,,,,,,,,,,,
layer_9,151,NOP-COMPUTE-STAGE,COMPUTE,0,1,0,0,1,0,1,0,pc=151 NOP-COMPUTE-STAGE,,,,,,,,,,,,,,,,,,,,,,,,,,,,,,,,,,,,,,,,,
layer_9,152,NOP-COMPUTE-STAGE,COMPUTE,1,1,0,0,0,0,0,0,pc=152 NOP-COMPUTE-STAGE,,,,,,,,,,,,,,,,,,,,,,,,,,,,,,,,,,,,,,,,,
layer_9,153,FINISH,COMPUTE,,,,,0,0,0,0,pc=153 FINISH,,,,,,,,,,,,,,,,,,,,,,,,,,,,,,,,,,,,,,,,,
layer_10,0,NOP-STORE-STAGE,STORE,0,0,1,0,0,0,1,0,pc=0 NOP-STORE-STAGE,,,,,,,,,,,,,,,,,,,,,,,,,,,,,,,,,,,,,,,,,
layer_10,1,NOP-STORE-STAGE,STORE,0,0,1,0,0,0,2,0,pc=1 NOP-STORE-STAGE,,,,,,,,,,,,,,,,,,,,,,,,,,,,,,,,,,,,,,,,,
layer_10,2,LOAD UOP,COMPUTE,0,1,0,0,0,0,1,0,pc=2 LOAD UOP,,,,,,,,,0x18580000,0x0000,MEMORY READ,,,,,,,1,14,14,0,0,0,0,,,,,,,,,,,,,,,,,
layer_10,3,GEMM,COMPUTE,0,0,1,0,0,1,1,0,pc=3 GEMM,,,,,,,,,,,,,,,,,,,,,,,,,1,0,14,14,0,0,1,4,0,0,196,,,,,,
layer_10,4,LOAD UOP,COMPUTE,0,1,0,0,0,1,0,0,pc=4 LOAD UOP,,,,,,,,,0x1858000e,0x000e,MEMORY READ,,,,,,,1,14,14,0,0,0,0,,,,,,,,,,,,,,,,,
layer_10,5,GEMM,COMPUTE,0,0,1,0,0,2,0,0,pc=5 GEMM,,,,,,,,,,,,,,,,,,,,,,,,,1,14,28,14,0,0,1,4,0,0,196,,,,,,
layer_10,6,LOAD INP,LOAD,0,1,0,0,0,1,0,0,pc=6 LOAD INP,,,,,,,,,0x06040000,0x0000,MEMORY READ,,,,,,,28,28,28,1,0,1,0,,,,,,,,,,,,,,,,,
layer_10,7,LOAD WGT,LOAD,0,0,0,1,1,1,0,0,pc=7 LOAD WGT,,,,,,,,,0x00603800,0x0000,MEMORY READ,,,,,,,4,9,72,0,0,0,0,,,,,,,,,,,,,,,,,
layer_10,8,LOAD INP,LOAD,0,1,0,0,1,0,0,0,pc=8 LOAD INP,,,,,,,,,0x06040000,0x0349,MEMORY READ,,,,,,,28,28,28,1,0,1,0,,,,,,,,,,,,,,,,,
layer_10,9,LOAD WGT,LOAD,0,0,0,1,2,0,0,0,pc=9 LOAD WGT,,,,,,,,,0x00603920,0x0024,MEMORY READ,,,,,,,4,9,72,0,0,0,0,,,,,,,,,,,,,,,,,
layer_10,10,LOAD UOP,COMPUTE,1,0,0,0,1,0,0,0,pc=10 LOAD UOP,,,,,,,,,0x1858001c,0x001c,MEMORY READ,,,,,,,1,168,168,0,0,0,0,,,,,,,,,,,,,,,,,
layer_10,11,GEMM,COMPUTE,0,0,1,0,1,1,0,0,pc=11 GEMM,,,,,,,,,,,,,,,,,,,,,,,,,0,28,196,14,0,2,1,3,1,1,0,,,,,,
layer_10,12,LOAD UOP,COMPUTE,1,0,0,0,0,1,0,0,pc=12 LOAD UOP,,,,,,,,,0x185800c4,0x00c4,MEMORY READ,,,,,,,1,168,168,0,0,0,0,,,,,,,,,,,,,,,,,
layer_10,13,GEMM,COMPUTE,0,0,1,0,0,2,0,0,pc=13 GEMM,,,,,,,,,,,,,,,,,,,,,,,,,0,196,364,14,0,2,1,3,1,1,0,,,,,,
layer_10,14,LOAD INP,LOAD,0,1,0,0,0,1,0,0,pc=14 LOAD INP,,,,,,,,,0x06040310,0x0000,MEMORY READ,,,,,,,28,28,28,1,0,1,0,,,,,,,,,,,,,,,,,
layer_10,15,LOAD WGT,LOAD,0,0,0,1,1,1,0,0,pc=15 LOAD WGT,,,,,,,,,0x00603809,0x0000,MEMORY READ,,,,,,,4,9,72,0,0,0,0,,,,,,,,,,,,,,,,,
layer_10,16,LOAD INP,LOAD,0,1,0,0,1,0,0,0,pc=16 LOAD INP,,,,,,,,,0x06040310,0x0349,MEMORY READ,,,,,,,28,28,28,1,0,1,0,,,,,,,,,,,,,,,,,
layer_10,17,LOAD WGT,LOAD,0,0,0,1,2,0,0,0,pc=17 LOAD WGT,,,,,,,,,0x00603929,0x0024,MEMORY READ,,,,,,,4,9,72,0,0,0,0,,,,,,,,,,,,,,,,,
layer_10,18,GEMM,COMPUTE,1,0,1,0,1,1,0,0,pc=18 GEMM,,,,,,,,,,,,,,,,,,,,,,,,,0,28,196,14,0,2,1,3,1,1,0,,,,,,
layer_10,19,GEMM,COMPUTE,1,0,1,0,0,2,0,0,pc=19 GEMM,,,,,,,,,,,,,,,,,,,,,,,,,0,196,364,14,0,2,1,3,1,1,0,,,,,,
layer_10,20,LOAD INP,LOAD,0,1,0,0,0,1,0,0,pc=20 LOAD INP,,,,,,,,,0x06040620,0x0000,MEMORY READ,,,,,,,28,28,28,1,0,1,0,,,,,,,,,,,,,,,,,
layer_10,21,LOAD WGT,LOAD,0,0,0,1,1,1,0,0,pc=21 LOAD WGT,,,,,,,,,0x00603812,0x0000,MEMORY READ,,,,,,,4,9,72,0,0,0,0,,,,,,,,,,,,,,,,,
layer_10,22,LOAD INP,LOAD,0,1,0,0,1,0,0,0,pc=22 LOAD INP,,,,,,,,,0x06040620,0x0349,MEMORY READ,,,,,,,28,28,28,1,0,1,0,,,,,,,,,,,,,,,,,
layer_10,23,LOAD WGT,LOAD,0,0,0,1,2,0,0,0,pc=23 LOAD WGT,,,,,,,,,0x00603932,0x0024,MEMORY READ,,,,,,,4,9,72,0,0,0,0,,,,,,,,,,,,,,,,,
layer_10,24,GEMM,COMPUTE,1,0,1,0,1,1,0,0,pc=24 GEMM,,,,,,,,,,,,,,,,,,,,,,,,,0,28,196,14,0,2,1,3,1,1,0,,,,,,
layer_10,25,GEMM,COMPUTE,1,0,1,0,0,2,0,0,pc=25 GEMM,,,,,,,,,,,,,,,,,,,,,,,,,0,196,364,14,0,2,1,3,1,1,0,,,,,,
layer_10,26,LOAD INP,LOAD,0,1,0,0,0,1,0,0,pc=26 LOAD INP,,,,,,,,,0x06040930,0x0000,MEMORY READ,,,,,,,28,28,28,1,0,1,0,,,,,,,,,,,,,,,,,
layer_10,27,LOAD WGT,LOAD,0,0,0,1,1,1,0,0,pc=27 LOAD WGT,,,,,,,,,0x0060381b,0x0000,MEMORY READ,,,,,,,4,9,72,0,0,0,0,,,,,,,,,,,,,,,,,
layer_10,28,LOAD INP,LOAD,0,1,0,0,1,0,0,0,pc=28 LOAD INP,,,,,,,,,0x06040930,0x0349,MEMORY READ,,,,,,,28,28,28,1,0,1,0,,,,,,,,,,,,,,,,,
layer_10,29,LOAD WGT,LOAD,0,0,0,1,2,0,0,0,pc=29 LOAD WGT,,,,,,,,,0x0060393b,0x0024,MEMORY READ,,,,,,,4,9,72,0,0,0,0,,,,,,,,,,,,,,,,,
layer_10,30,GEMM,COMPUTE,1,0,1,0,1,1,0,0,pc=30 GEMM,,,,,,,,,,,,,,,,,,,,,,,,,0,28,196,14,0,2,1,3,1,1,0,,,,,,
layer_10,31,GEMM,COMPUTE,1,0,1,0,0,2,0,0,pc=31 GEMM,,,,,,,,,,,,,,,,,,,,,,,,,0,196,364,14,0,2,1,3,1,1,0,,,,,,
layer_10,32,LOAD INP,LOAD,0,1,0,0,0,1,0,0,pc=32 LOAD INP,,,,,,,,,0x06040c40,0x0000,MEMORY READ,,,,,,,28,28,28,1,0,1,0,,,,,,,,,,,,,,,,,
layer_10,33,LOAD WGT,LOAD,0,0,0,1,1,1,0,0,pc=33 LOAD WGT,,,,,,,,,0x00603824,0x0000,MEMORY READ,,,,,,,4,9,72,0,0,0,0,,,,,,,,,,,,,,,,,
layer_10,34,LOAD INP,LOAD,0,1,0,0,1,0,0,0,pc=34 LOAD INP,,,,,,,,,0x06040c40,0x0349,MEMORY READ,,,,,,,28,28,28,1,0,1,0,,,,,,,,,,,,,,,,,
layer_10,35,LOAD WGT,LOAD,0,0,0,1,2,0,0,0,pc=35 LOAD WGT,,,,,,,,,0x00603944,0x0024,MEMORY READ,,,,,,,4,9,72,0,0,0,0,,,,,,,,,,,,,,,,,
layer_10,36,GEMM,COMPUTE,1,0,1,0,1,1,0,0,pc=36 GEMM,,,,,,,,,,,,,,,,,,,,,,,,,0,28,196,14,0,2,1,3,1,1,0,,,,,,
layer_10,37,GEMM,COMPUTE,1,0,1,0,0,2,0,0,pc=37 GEMM,,,,,,,,,,,,,,,,,,,,,,,,,0,196,364,14,0,2,1,3,1,1,0,,,,,,
layer_10,38,LOAD INP,LOAD,0,1,0,0,0,1,0,0,pc=38 LOAD INP,,,,,,,,,0x06040f50,0x0000,MEMORY READ,,,,,,,28,28,28,1,0,1,0,,,,,,,,,,,,,,,,,
layer_10,39,LOAD WGT,LOAD,0,0,0,1,1,1,0,0,pc=39 LOAD WGT,,,,,,,,,0x0060382d,0x0000,MEMORY READ,,,,,,,4,9,72,0,0,0,0,,,,,,,,,,,,,,,,,
layer_10,40,LOAD INP,LOAD,0,1,0,0,1,0,0,0,pc=40 LOAD INP,,,,,,,,,0x06040f50,0x0349,MEMORY READ,,,,,,,28,28,28,1,0,1,0,,,,,,,,,,,,,,,,,
layer_10,41,LOAD WGT,LOAD,0,0,0,1,2,0,0,0,pc=41 LOAD WGT,,,,,,,,,0x0060394d,0x0024,MEMORY READ,,,,,,,4,9,72,0,0,0,0,,,,,,,,,,,,,,,,,
layer_10,42,GEMM,COMPUTE,1,0,1,0,1,1,0,0,pc=42 GEMM,,,,,,,,,,,,,,,,,,,,,,,,,0,28,196,14,0,2,1,3,1,1,0,,,,,,
layer_10,43,GEMM,COMPUTE,1,0,1,0,0,2,0,0,pc=43 GEMM,,,,,,,,,,,,,,,,,,,,,,,,,0,196,364,14,0,2,1,3,1,1,0,,,,,,
layer_10,44,LOAD INP,LOAD,0,1,0,0,0,1,0,0,pc=44 LOAD INP,,,,,,,,,0x06041260,0x0000,MEMORY READ,,,,,,,28,28,28,1,0,1,0,,,,,,,,,,,,,,,,,
layer_10,45,LOAD WGT,LOAD,0,0,0,1,1,1,0,0,pc=45 LOAD WGT,,,,,,,,,0x00603836,0x0000,MEMORY READ,,,,,,,4,9,72,0,0,0,0,,,,,,,,,,,,,,,,,
layer_10,46,LOAD INP,LOAD,0,1,0,0,1,0,0,0,pc=46 LOAD INP,,,,,,,,,0x06041260,0x0349,MEMORY READ,,,,,,,28,28,28,1,0,1,0,,,,,,,,,,,,,,,,,
layer_10,47,LOAD WGT,LOAD,0,0,0,1,2,0,0,0,pc=47 LOAD WGT,,,,,,,,,0x00603956,0x0024,MEMORY READ,,,,,,,4,9,72,0,0,0,0,,,,,,,,,,,,,,,,,
layer_10,48,GEMM,COMPUTE,1,0,1,0,1,1,0,0,pc=48 GEMM,,,,,,,,,,,,,,,,,,,,,,,,,0,28,196,14,0,2,1,3,1,1,0,,,,,,
layer_10,49,GEMM,COMPUTE,1,0,1,0,0,2,0,0,pc=49 GEMM,,,,,,,,,,,,,,,,,,,,,,,,,0,196,364,14,0,2,1,3,1,1,0,,,,,,
layer_10,50,LOAD INP,LOAD,0,1,0,0,0,1,0,0,pc=50 LOAD INP,,,,,,,,,0x06041570,0x0000,MEMORY READ,,,,,,,28,28,28,1,0,1,0,,,,,,,,,,,,,,,,,
layer_10,51,LOAD WGT,LOAD,0,0,0,1,1,1,0,0,pc=51 LOAD WGT,,,,,,,,,0x0060383f,0x0000,MEMORY READ,,,,,,,4,9,72,0,0,0,0,,,,,,,,,,,,,,,,,
layer_10,52,LOAD INP,LOAD,0,1,0,0,1,0,0,0,pc=52 LOAD INP,,,,,,,,,0x06041570,0x0349,MEMORY READ,,,,,,,28,28,28,1,0,1,0,,,,,,,,,,,,,,,,,
layer_10,53,LOAD WGT,LOAD,0,0,0,1,2,0,0,0,pc=53 LOAD WGT,,,,,,,,,0x0060395f,0x0024,MEMORY READ,,,,,,,4,9,72,0,0,0,0,,,,,,,,,,,,,,,,,
layer_10,54,GEMM,COMPUTE,1,0,1,0,1,1,0,0,pc=54 GEMM,,,,,,,,,,,,,,,,,,,,,,,,,0,28,196,14,0,2,1,3,1,1,0,,,,,,
layer_10,55,GEMM,COMPUTE,1,0,1,0,0,2,0,0,pc=55 GEMM,,,,,,,,,,,,,,,,,,,,,,,,,0,196,364,14,0,2,1,3,1,1,0,,,,,,
layer_10,56,NOP-MEMORY-STAGE,LOAD,0,1,0,0,0,1,0,0,pc=56 NOP-MEMORY-STAGE,,,,,,,,,,,,,,,,,,,,,,,,,,,,,,,,,,,,,,,,,
layer_10,57,LOAD ACC,COMPUTE,0,0,0,0,0,1,0,0,pc=57 LOAD ACC,,,,,,,,,0x005e2440,0x0310,MEMORY READ,,,,,,,1,4,4,0,0,0,0,,,,,,,,,,,,,,,,,
layer_10,58,LOAD UOP,COMPUTE,0,0,0,0,0,1,0,0,pc=58 LOAD UOP,,,,,,,,,0x1858016c,0x016c,MEMORY READ,,,,,,,1,1,1,0,0,0,0,,,,,,,,,,,,,,,,,
layer_10,59,ALU - add,COMPUTE,0,0,0,0,0,1,0,0,pc=59 ALU - add,,,,,,,,,,,,,,,,,,,,,,,,,0,364,365,,,,,,,,,4,196,1,196,1,0
layer_10,60,LOAD UOP,COMPUTE,0,0,0,0,0,1,0,0,pc=60 LOAD UOP,,,,,,,,,0x1858016d,0x016d,MEMORY READ,,,,,,,1,1,1,0,0,0,0,,,,,,,,,,,,,,,,,
layer_10,61,ALU - max imm,COMPUTE,0,0,0,0,0,1,0,0,pc=61 ALU - max imm,,,,,,,,,,,,,,,,,,,,,,,,,0,365,366,,,,,,,,,1,0,0,784,1,1
layer_10,62,LOAD UOP,COMPUTE,0,0,0,0,0,1,0,0,pc=62 LOAD UOP,,,,,,,,,0x1858016e,0x016e,MEMORY READ,,,,,,,1,1,1,0,0,0,0,,,,,,,,,,,,,,,,,
layer_10,63,ALU - add imm,COMPUTE,0,0,0,0,0,1,0,0,pc=63 ALU - add imm,,,,,,,,,,,,,,,,,,,,,,,,,0,366,367,,,,,,,,,1,0,0,784,1,1
layer_10,64,LOAD UOP,COMPUTE,0,0,0,0,0,1,0,0,pc=64 LOAD UOP,,,,,,,,,0x1858016f,0x016f,MEMORY READ,,,,,,,1,1,1,0,0,0,0,,,,,,,,,,,,,,,,,
layer_10,65,ALU - shr,COMPUTE,0,0,0,0,0,1,0,0,pc=65 ALU - shr,,,,,,,,,,,,,,,,,,,,,,,,,0,367,368,,,,,,,,,1,0,0,784,1,1
layer_10,66,LOAD UOP,COMPUTE,0,0,0,0,0,1,0,0,pc=66 LOAD UOP,,,,,,,,,0x18580170,0x0170,MEMORY READ,,,,,,,1,1,1,0,0,0,0,,,,,,,,,,,,,,,,,
layer_10,67,ALU - min imm,COMPUTE,0,0,0,0,0,1,0,0,pc=67 ALU - min imm,,,,,,,,,,,,,,,,,,,,,,,,,0,368,369,,,,,,,,,1,0,0,784,1,1
layer_10,68,LOAD UOP,COMPUTE,0,0,0,0,0,1,0,0,pc=68 LOAD UOP,,,,,,,,,0x18580171,0x0171,MEMORY READ,,,,,,,1,1,1,0,0,0,0,,,,,,,,,,,,,,,,,
layer_10,69,ALU - max imm,COMPUTE,0,0,0,1,0,1,0,1,pc=69 ALU - max imm,,,,,,,,,,,,,,,,,,,,,,,,,0,369,370,,,,,,,,,1,0,0,784,1,1
layer_10,70,LOAD ACC,COMPUTE,0,0,0,0,0,1,0,1,pc=70 LOAD ACC,,,,,,,,,0x005e2444,0x0624,MEMORY READ,,,,,,,1,4,4,0,0,0,0,,,,,,,,,,,,,,,,,
layer_10,71,LOAD UOP,COMPUTE,0,0,0,0,0,1,0,1,pc=71 LOAD UOP,,,,,,,,,0x18580172,0x0172,MEMORY READ,,,,,,,1,1,1,0,0,0,0,,,,,,,,,,,,,,,,,
layer_10,72,ALU - add,COMPUTE,0,0,0,0,0,1,0,1,pc=72 ALU - add,,,,,,,,,,,,,,,,,,,,,,,,,0,370,371,,,,,,,,,4,196,1,196,1,0
layer_10,73,LOAD UOP,COMPUTE,0,0,0,0,0,1,0,1,pc=73 LOAD UOP,,,,,,,,,0x18580173,0x0173,MEMORY READ,,,,,,,1,1,1,0,0,0,0,,,,,,,,,,,,,,,,,
layer_10,74,ALU - max imm,COMPUTE,0,0,0,0,0,1,0,1,pc=74 ALU - max imm,,,,,,,,,,,,,,,,,,,,,,,,,0,371,372,,,,,,,,,1,0,0,784,1,1
layer_10,75,LOAD UOP,COMPUTE,0,0,0,0,0,1,0,1,pc=75 LOAD UOP,,,,,,,,,0x18580174,0x0174,MEMORY READ,,,,,,,1,1,1,0,0,0,0,,,,,,,,,,,,,,,,,
layer_10,76,ALU - add imm,COMPUTE,0,0,0,0,0,1,0,1,pc=76 ALU - add imm,,,,,,,,,,,,,,,,,,,,,,,,,0,372,373,,,,,,,,,1,0,0,784,1,1
layer_10,77,LOAD UOP,COMPUTE,0,0,0,0,0,1,0,1,pc=77 LOAD UOP,,,,,,,,,0x18580175,0x0175,MEMORY READ,,,,,,,1,1,1,0,0,0,0,,,,,,,,,,,,,,,,,
layer_10,78,ALU - shr,COMPUTE,0,0,0,0,0,1,0,1,pc=78 ALU - shr,,,,,,,,,,,,,,,,,,,,,,,,,0,373,374,,,,,,,,,1,0,0,784,1,1
layer_10,79,LOAD UOP,COMPUTE,0,0,0,0,0,1,0,1,pc=79 LOAD UOP,,,,,,,,,0x18580176,0x0176,MEMORY READ,,,,,,,1,1,1,0,0,0,0,,,,,,,,,,,,,,,,,
layer_10,80,ALU - min imm,COMPUTE,0,0,0,0,0,1,0,1,pc=80 ALU - min imm,,,,,,,,,,,,,,,,,,,,,,,,,0,374,375,,,,,,,,,1,0,0,784,1,1
layer_10,81,LOAD UOP,COMPUTE,0,0,0,0,0,1,0,1,pc=81 LOAD UOP,,,,,,,,,0x18580177,0x0177,MEMORY READ,,,,,,,1,1,1,0,0,0,0,,,,,,,,,,,,,,,,,
layer_10,82,ALU - max imm,COMPUTE,0,0,0,1,0,1,0,2,pc=82 ALU - max imm,,,,,,,,,,,,,,,,,,,,,,,,,0,375,376,,,,,,,,,1,0,0,784,1,1
layer_10,83,STORE,STORE,1,0,1,0,0,1,1,1,pc=83 STORE,,,,,,,,,0x06050000,0x0000,MEMORY WRITE,,,,,,,1,784,784,0,0,0,0,,,,,,,,,,,,,,,,,
layer_10,84,STORE,STORE,1,0,1,0,0,1,2,0,pc=84 STORE,,,,,,,,,0x06050310,0x0314,MEMORY WRITE,,,,,,,1,784,784,0,0,0,0,,,,,,,,,,,,,,,,,
layer_10,85,GEMM,COMPUTE,0,1,1,0,0,2,1,0,pc=85 GEMM,,,,,,,,,,,,,,,,,,,,,,,,,1,0,14,14,0,0,1,4,0,0,196,,,,,,
layer_10,86,GEMM,COMPUTE,0,1,1,0,0,3,0,0,pc=86 GEMM,,,,,,,,,,,,,,,,,,,,,,,,,1,14,28,14,0,0,1,4,0,0,196,,,,,,
layer_10,87,NOP-MEMORY-STAGE,LOAD,0,1,0,0,0,2,0,0,pc=87 NOP-MEMORY-STAGE,,,,,,,,,,,,,,,,,,,,,,,,,,,,,,,,,,,,,,,,,
layer_10,88,LOAD INP,LOAD,0,1,0,0,0,1,0,0,pc=88 LOAD INP,,,,,,,,,0x06040000,0x0000,MEMORY READ,,,,,,,28,28,28,1,0,1,0,,,,,,,,,,,,,,,,,
layer_10,89,LOAD WGT,LOAD,0,0,0,1,1,1,0,0,pc=89 LOAD WGT,,,,,,,,,0x00603a40,0x0000,MEMORY READ,,,,,,,4,9,72,0,0,0,0,,,,,,,,,,,,,,,,,
layer_10,90,LOAD INP,LOAD,0,1,0,0,1,0,0,0,pc=90 LOAD INP,,,,,,,,,0x06040000,0x0349,MEMORY READ,,,,,,,28,28,28,1,0,1,0,,,,,,,,,,,,,,,,,
layer_10,91,LOAD WGT,LOAD,0,0,0,1,2,0,0,0,pc=91 LOAD WGT,,,,,,,,,0x00603b60,0x0024,MEMORY READ,,,,,,,4,9,72,0,0,0,0,,,,,,,,,,,,,,,,,
layer_10,92,GEMM,COMPUTE,1,0,1,0,1,1,0,0,pc=92 GEMM,,,,,,,,,,,,,,,,,,,,,,,,,0,28,196,14,0,2,1,3,1,1,0,,,,,,
layer_10,93,GEMM,COMPUTE,1,0,1,0,0,2,0,0,pc=93 GEMM,,,,,,,,,,,,,,,,,,,,,,,,,0,196,364,14,0,2,1,3,1,1,0,,,,,,
layer_10,94,LOAD INP,LOAD,0,1,0,0,0,1,0,0,pc=94 LOAD INP,,,,,,,,,0x06040310,0x0000,MEMORY READ,,,,,,,28,28,28,1,0,1,0,,,,,,,,,,,,,,,,,
layer_10,95,LOAD WGT,LOAD,0,0,0,1,1,1,0,0,pc=95 LOAD WGT,,,,,,,,,0x00603a49,0x0000,MEMORY READ,,,,,,,4,9,72,0,0,0,0,,,,,,,,,,,,,,,,,
layer_10,96,LOAD INP,LOAD,0,1,0,0,1,0,0,0,pc=96 LOAD INP,,,,,,,,,0x06040310,0x0349,MEMORY READ,,,,,,,28,28,28,1,0,1,0,,,,,,,,,,,,,,,,,
layer_10,97,LOAD WGT,LOAD,0,0,0,1,2,0,0,0,pc=97 LOAD WGT,,,,,,,,,0x00603b69,0x0024,MEMORY READ,,,,,,,4,9,72,0,0,0,0,,,,,,,,,,,,,,,,,
layer_10,98,GEMM,COMPUTE,1,0,1,0,1,1,0,0,pc=98 GEMM,,,,,,,,,,,,,,,,,,,,,,,,,0,28,196,14,0,2,1,3,1,1,0,,,,,,
layer_10,99,GEMM,COMPUTE,1,0,1,0,0,2,0,0,pc=99 GEMM,,,,,,,,,,,,,,,,,,,,,,,,,0,196,364,14,0,2,1,3,1,1,0,,,,,,
layer_10,100,LOAD INP,LOAD,0,1,0,0,0,1,0,0,pc=100 LOAD INP,,,,,,,,,0x06040620,0x0000,MEMORY READ,,,,,,,28,28,28,1,0,1,0,,,,,,,,,,,,,,,,,
layer_10,101,LOAD WGT,LOAD,0,0,0,1,1,1,0,0,pc=101 LOAD WGT,,,,,,,,,0x00603a52,0x0000,MEMORY READ,,,,,,,4,9,72,0,0,0,0,,,,,,,,,,,,,,,,,
layer_10,102,LOAD INP,LOAD,0,1,0,0,1,0,0,0,pc=102 LOAD INP,,,,,,,,,0x06040620,0x0349,MEMORY READ,,,,,,,28,28,28,1,0,1,0,,,,,,,,,,,,,,,,,
layer_10,103,LOAD WGT,LOAD,0,0,0,1,2,0,0,0,pc=103 LOAD WGT,,,,,,,,,0x00603b72,0x0024,MEMORY READ,,,,,,,4,9,72,0,0,0,0,,,,,,,,,,,,,,,,,
layer_10,104,GEMM,COMPUTE,1,0,1,0,1,1,0,0,pc=104 GEMM,,,,,,,,,,,,,,,,,,,,,,,,,0,28,196,14,0,2,1,3,1,1,0,,,,,,
layer_10,105,GEMM,COMPUTE,1,0,1,0,0,2,0,0,pc=105 GEMM,,,,,,,,,,,,,,,,,,,,,,,,,0,196,364,14,0,2,1,3,1,1,0,,,,,,
layer_10,106,LOAD INP,LOAD,0,1,0,0,0,1,0,0,pc=106 LOAD INP,,,,,,,,,0x06040930,0x0000,MEMORY READ,,,,,,,28,28,28,1,0,1,0,,,,,,,,,,,,,,,,,
layer_10,107,LOAD WGT,LOAD,0,0,0,1,1,1,0,0,pc=107 LOAD WGT,,,,,,,,,0x00603a5b,0x0000,MEMORY READ,,,,,,,4,9,72,0,0,0,0,,,,,,,,,,,,,,,,,
layer_10,108,LOAD INP,LOAD,0,1,0,0,1,0,0,0,pc=108 LOAD INP,,,,,,,,,0x06040930,0x0349,MEMORY READ,,,,,,,28,28,28,1,0,1,0,,,,,,,,,,,,,,,,,
layer_10,109,LOAD WGT,LOAD,0,0,0,1,2,0,0,0,pc=109 LOAD WGT,,,,,,,,,0x00603b7b,0x0024,MEMORY READ,,,,,,,4,9,72,0,0,0,0,,,,,,,,,,,,,,,,,
layer_10,110,GEMM,COMPUTE,1,0,1,0,1,1,0,0,pc=110 GEMM,,,,,,,,,,,,,,,,,,,,,,,,,0,28,196,14,0,2,1,3,1,1,0,,,,,,
layer_10,111,GEMM,COMPUTE,1,0,1,0,0,2,0,0,pc=111 GEMM,,,,,,,,,,,,,,,,,,,,,,,,,0,196,364,14,0,2,1,3,1,1,0,,,,,,
layer_10,112,LOAD INP,LOAD,0,1,0,0,0,1,0,0,pc=112 LOAD INP,,,,,,,,,0x06040c40,0x0000,MEMORY READ,,,,,,,28,28,28,1,0,1,0,,,,,,,,,,,,,,,,,
layer_10,113,LOAD WGT,LOAD,0,0,0,1,1,1,0,0,pc=113 LOAD WGT,,,,,,,,,0x00603a64,0x0000,MEMORY READ,,,,,,,4,9,72,0,0,0,0,,,,,,,,,,,,,,,,,
layer_10,114,LOAD INP,LOAD,0,1,0,0,1,0,0,0,pc=114 LOAD INP,,,,,,,,,0x06040c40,0x0349,MEMORY READ,,,,,,,28,28,28,1,0,1,0,,,,,,,,,,,,,,,,,
layer_10,115,LOAD WGT,LOAD,0,0,0,1,2,0,0,0,pc=115 LOAD WGT,,,,,,,,,0x00603b84,0x0024,MEMORY READ,,,,,,,4,9,72,0,0,0,0,,,,,,,,,,,,,,,,,
layer_10,116,GEMM,COMPUTE,1,0,1,0,1,1,0,0,pc=116 GEMM,,,,,,,,,,,,,,,,,,,,,,,,,0,28,196,14,0,2,1,3,1,1,0,,,,,,
layer_10,117,GEMM,COMPUTE,1,0,1,0,0,2,0,0,pc=117 GEMM,,,,,,,,,,,,,,,,,,,,,,,,,0,196,364,14,0,2,1,3,1,1,0,,,,,,
layer_10,118,LOAD INP,LOAD,0,1,0,0,0,1,0,0,pc=118 LOAD INP,,,,,,,,,0x06040f50,0x0000,MEMORY READ,,,,,,,28,28,28,1,0,1,0,,,,,,,,,,,,,,,,,
layer_10,119,LOAD WGT,LOAD,0,0,0,1,1,1,0,0,pc=119 LOAD WGT,,,,,,,,,0x00603a6d,0x0000,MEMORY READ,,,,,,,4,9,72,0,0,0,0,,,,,,,,,,,,,,,,,
layer_10,120,LOAD INP,LOAD,0,1,0,0,1,0,0,0,pc=120 LOAD INP,,,,,,,,,0x06040f50,0x0349,MEMORY READ,,,,,,,28,28,28,1,0,1,0,,,,,,,,,,,,,,,,,
layer_10,121,LOAD WGT,LOAD,0,0,0,1,2,0,0,0,pc=121 LOAD WGT,,,,,,,,,0x00603b8d,0x0024,MEMORY READ,,,,,,,4,9,72,0,0,0,0,,,,,,,,,,,,,,,,,
layer_10,122,GEMM,COMPUTE,1,0,1,0,1,1,0,0,pc=122 GEMM,,,,,,,,,,,,,,,,,,,,,,,,,0,28,196,14,0,2,1,3,1,1,0,,,,,,
layer_10,123,GEMM,COMPUTE,1,0,1,0,0,2,0,0,pc=123 GEMM,,,,,,,,,,,,,,,,,,,,,,,,,0,196,364,14,0,2,1,3,1,1,0,,,,,,
layer_10,124,LOAD INP,LOAD,0,1,0,0,0,1,0,0,pc=124 LOAD INP,,,,,,,,,0x06041260,0x0000,MEMORY READ,,,,,,,28,28,28,1,0,1,0,,,,,,,,,,,,,,,,,
layer_10,125,LOAD WGT,LOAD,0,0,0,1,1,1,0,0,pc=125 LOAD WGT,,,,,,,,,0x00603a76,0x0000,MEMORY READ,,,,,,,4,9,72,0,0,0,0,,,,,,,,,,,,,,,,,
layer_10,126,LOAD INP,LOAD,0,1,0,0,1,0,0,0,pc=126 LOAD INP,,,,,,,,,0x06041260,0x0349,MEMORY READ,,,,,,,28,28,28,1,0,1,0,,,,,,,,,,,,,,,,,
layer_10,127,LOAD WGT,LOAD,0,0,0,1,2,0,0,0,pc=127 LOAD WGT,,,,,,,,,0x00603b96,0x0024,MEMORY READ,,,,,,,4,9,72,0,0,0,0,,,,,,,,,,,,,,,,,
layer_10,128,GEMM,COMPUTE,1,0,1,0,1,1,0,0,pc=128 GEMM,,,,,,,,,,,,,,,,,,,,,,,,,0,28,196,14,0,2,1,3,1,1,0,,,,,,
layer_10,129,GEMM,COMPUTE,1,0,1,0,0,2,0,0,pc=129 GEMM,,,,,,,,,,,,,,,,,,,,,,,,,0,196,364,14,0,2,1,3,1,1,0,,,,,,
layer_10,130,LOAD INP,LOAD,0,1,0,0,0,1,0,0,pc=130 LOAD INP,,,,,,,,,0x06041570,0x0000,MEMORY READ,,,,,,,28,28,28,1,0,1,0,,,,,,,,,,,,,,,,,
layer_10,131,LOAD WGT,LOAD,0,0,0,1,1,1,0,0,pc=131 LOAD WGT,,,,,,,,,0x00603a7f,0x0000,MEMORY READ,,,,,,,4,9,72,0,0,0,0,,,,,,,,,,,,,,,,,
layer_10,132,LOAD INP,LOAD,0,1,0,0,1,0,0,0,pc=132 LOAD INP,,,,,,,,,0x06041570,0x0349,MEMORY READ,,,,,,,28,28,28,1,0,1,0,,,,,,,,,,,,,,,,,
layer_10,133,LOAD WGT,LOAD,0,0,0,1,2,0,0,0,pc=133 LOAD WGT,,,,,,,,,0x00603b9f,0x0024,MEMORY READ,,,,,,,4,9,72,0,0,0,0,,,,,,,,,,,,,,,,,
layer_10,134,GEMM,COMPUTE,1,0,1,0,1,1,0,0,pc=134 GEMM,,,,,,,,,,,,,,,,,,,,,,,,,0,28,196,14,0,2,1,3,1,1,0,,,,,,
layer_10,135,GEMM,COMPUTE,1,0,1,0,0,2,0,0,pc=135 GEMM,,,,,,,,,,,,,,,,,,,,,,,,,0,196,364,14,0,2,1,3,1,1,0,,,,,,
layer_10,136,NOP-MEMORY-STAGE,LOAD,0,1,0,0,0,1,0,0,pc=136 NOP-MEMORY-STAGE,,,,,,,,,,,,,,,,,,,,,,,,,,,,,,,,,,,,,,,,,
layer_10,137,LOAD ACC,COMPUTE,0,0,0,0,0,1,0,0,pc=137 LOAD ACC,,,,,,,,,0x005e2448,0x0310,MEMORY READ,,,,,,,1,4,4,0,0,0,0,,,,,,,,,,,,,,,,,
layer_10,138,ALU - add,COMPUTE,0,0,0,0,0,1,0,0,pc=138 ALU - add,,,,,,,,,,,,,,,,,,,,,,,,,0,364,365,,,,,,,,,4,196,1,196,1,0
layer_10,139,ALU - max imm,COMPUTE,0,0,0,0,0,1,0,0,pc=139 ALU - max imm,,,,,,,,,,,,,,,,,,,,,,,,,0,365,366,,,,,,,,,1,0,0,784,1,1
layer_10,140,ALU - add imm,COMPUTE,0,0,0,0,0,1,0,0,pc=140 ALU - add imm,,,,,,,,,,,,,,,,,,,,,,,,,0,366,367,,,,,,,,,1,0,0,784,1,1
layer_10,141,ALU - shr,COMPUTE,0,0,0,0,0,1,0,0,pc=141 ALU - shr,,,,,,,,,,,,,,,,,,,,,,,,,0,367,368,,,,,,,,,1,0,0,784,1,1
layer_10,142,ALU - min imm,COMPUTE,0,0,0,0,0,1,0,0,pc=142 ALU - min imm,,,,,,,,,,,,,,,,,,,,,,,,,0,368,369,,,,,,,,,1,0,0,784,1,1
layer_10,143,ALU - max imm,COMPUTE,0,0,0,1,0,1,0,1,pc=143 ALU - max imm,,,,,,,,,,,,,,,,,,,,,,,,,0,369,370,,,,,,,,,1,0,0,784,1,1
layer_10,144,LOAD ACC,COMPUTE,0,0,0,0,0,1,0,1,pc=144 LOAD ACC,,,,,,,,,0x005e244c,0x0624,MEMORY READ,,,,,,,1,4,4,0,0,0,0,,,,,,,,,,,,,,,,,
layer_10,145,ALU - add,COMPUTE,0,0,0,0,0,1,0,1,pc=145 ALU - add,,,,,,,,,,,,,,,,,,,,,,,,,0,370,371,,,,,,,,,4,196,1,196,1,0
layer_10,146,ALU - max imm,COMPUTE,0,0,0,0,0,1,0,1,pc=146 ALU - max imm,,,,,,,,,,,,,,,,,,,,,,,,,0,371,372,,,,,,,,,1,0,0,784,1,1
layer_10,147,ALU - add imm,COMPUTE,0,0,0,0,0,1,0,1,pc=147 ALU - add imm,,,,,,,,,,,,,,,,,,,,,,,,,0,372,373,,,,,,,,,1,0,0,784,1,1
layer_10,148,ALU - shr,COMPUTE,0,0,0,0,0,1,0,1,pc=148 ALU - shr,,,,,,,,,,,,,,,,,,,,,,,,,0,373,374,,,,,,,,,1,0,0,784,1,1
layer_10,149,ALU - min imm,COMPUTE,0,0,0,0,0,1,0,1,pc=149 ALU - min imm,,,,,,,,,,,,,,,,,,,,,,,,,0,374,375,,,,,,,,,1,0,0,784,1,1
layer_10,150,ALU - max imm,COMPUTE,0,0,0,1,0,1,0,2,pc=150 ALU - max imm,,,,,,,,,,,,,,,,,,,,,,,,,0,375,376,,,,,,,,,1,0,0,784,1,1
layer_10,151,STORE,STORE,1,0,1,0,0,1,1,1,pc=151 STORE,,,,,,,,,0x06050620,0x0000,MEMORY WRITE,,,,,,,1,784,784,0,0,0,0,,,,,,,,,,,,,,,,,
layer_10,152,STORE,STORE,1,0,1,0,0,1,2,0,pc=152 STORE,,,,,,,,,0x06050930,0x0314,MEMORY WRITE,,,,,,,1,784,784,0,0,0,0,,,,,,,,,,,,,,,,,
layer_10,153,NOP-COMPUTE-STAGE,COMPUTE,0,1,0,0,0,1,1,0,pc=153 NOP-COMPUTE-STAGE,,,,,,,,,,,,,,,,,,,,,,,,,,,,,,,,,,,,,,,,,
layer_10,154,NOP-STORE-STAGE,STORE,0,0,1,0,0,1,2,0,pc=154 NOP-STORE-STAGE,,,,,,,,,,,,,,,,,,,,,,,,,,,,,,,,,,,,,,,,,
layer_10,155,NOP-MEMORY-STAGE,LOAD,0,1,0,0,0,0,2,0,pc=155 NOP-MEMORY-STAGE,,,,,,,,,,,,,,,,,,,,,,,,,,,,,,,,,,,,,,,,,
layer_10,156,NOP-MEMORY-STAGE,LOAD,0,0,0,1,1,0,2,0,pc=156 NOP-MEMORY-STAGE,,,,,,,,,,,,,,,,,,,,,,,,,,,,,,,,,,,,,,,,,
layer_10,157,NOP-COMPUTE-STAGE,COMPUTE,0,1,0,0,1,0,1,0,pc=157 NOP-COMPUTE-STAGE,,,,,,,,,,,,,,,,,,,,,,,,,,,,,,,,,,,,,,,,,
layer_10,158,NOP-COMPUTE-STAGE,COMPUTE,1,1,0,0,0,0,0,0,pc=158 NOP-COMPUTE-STAGE,,,,,,,,,,,,,,,,,,,,,,,,,,,,,,,,,,,,,,,,,
layer_10,159,FINISH,COMPUTE,,,,,0,0,0,0,pc=159 FINISH,,,,,,,,,,,,,,,,,,,,,,,,,,,,,,,,,,,,,,,,,
layer_11,0,NOP-STORE-STAGE,STORE,0,0,1,0,0,0,1,0,pc=0 NOP-STORE-STAGE,,,,,,,,,,,,,,,,,,,,,,,,,,,,,,,,,,,,,,,,,
layer_11,1,NOP-STORE-STAGE,STORE,0,0,1,0,0,0,2,0,pc=1 NOP-STORE-STAGE,,,,,,,,,,,,,,,,,,,,,,,,,,,,,,,,,,,,,,,,,
layer_11,2,LOAD UOP,COMPUTE,0,1,0,0,0,0,1,0,pc=2 LOAD UOP,,,,,,,,,0x18580000,0x0000,MEMORY READ,,,,,,,1,14,14,0,0,0,0,,,,,,,,,,,,,,,,,
layer_11,3,GEMM,COMPUTE,0,0,1,0,0,1,1,0,pc=3 GEMM,,,,,,,,,,,,,,,,,,,,,,,,,1,0,14,14,0,0,1,4,0,0,196,,,,,,
layer_11,4,LOAD UOP,COMPUTE,0,1,0,0,0,1,0,0,pc=4 LOAD UOP,,,,,,,,,0x1858000e,0x000e,MEMORY READ,,,,,,,1,14,14,0,0,0,0,,,,,,,,,,,,,,,,,
layer_11,5,GEMM,COMPUTE,0,0,1,0,0,2,0,0,pc=5 GEMM,,,,,,,,,,,,,,,,,,,,,,,,,1,14,28,14,0,0,1,4,0,0,196,,,,,,
layer_11,6,LOAD INP,LOAD,0,1,0,0,0,1,0,0,pc=6 LOAD INP,,,,,,,,,0x06050000,0x0000,MEMORY READ,,,,,,,14,14,14,1,1,1,1,,,,,,,,,,,,,,,,,
layer_11,7,LOAD WGT,LOAD,0,0,0,1,1,1,0,0,pc=7 LOAD WGT,,,,,,,,,0x00606000,0x0000,MEMORY READ,,,,,,,4,9,144,0,0,0,0,,,,,,,,,,,,,,,,,
layer_11,8,LOAD INP,LOAD,0,1,0,0,1,0,0,0,pc=8 LOAD INP,,,,,,,,,0x06050000,0x0100,MEMORY READ,,,,,,,14,14,14,1,1,1,1,,,,,,,,,,,,,,,,,
layer_11,9,LOAD WGT,LOAD,0,0,0,1,2,0,0,0,pc=9 LOAD WGT,,,,,,,,,0x00606240,0x0024,MEMORY READ,,,,,,,4,9,144,0,0,0,0,,,,,,,,,,,,,,,,,
layer_11,10,LOAD UOP,COMPUTE,1,0,0,0,1,0,0,0,pc=10 LOAD UOP,,,,,,,,,0x1858001c,0x001c,MEMORY READ,,,,,,,1,168,168,0,0,0,0,,,,,,,,,,,,,,,,,
layer_11,11,GEMM,COMPUTE,0,0,1,0,1,1,0,0,pc=11 GEMM,,,,,,,,,,,,,,,,,,,,,,,,,0,28,196,14,0,1,1,3,1,1,0,,,,,,
layer_11,12,LOAD UOP,COMPUTE,1,0,0,0,0,1,0,0,pc=12 LOAD UOP,,,,,,,,,0x185800c4,0x00c4,MEMORY READ,,,,,,,1,168,168,0,0,0,0,,,,,,,,,,,,,,,,,
layer_11,13,GEMM,COMPUTE,0,0,1,0,0,2,0,0,pc=13 GEMM,,,,,,,,,,,,,,,,,,,,,,,,,0,196,364,14,0,1,1,3,1,1,0,,,,,,
layer_11,14,LOAD INP,LOAD,0,1,0,0,0,1,0,0,pc=14 LOAD INP,,,,,,,,,0x060500c4,0x0000,MEMORY READ,,,,,,,14,14,14,1,1,1,1,,,,,,,,,,,,,,,,,
layer_11,15,LOAD WGT,LOAD,0,0,0,1,1,1,0,0,pc=15 LOAD WGT,,,,,,,,,0x00606009,0x0000,MEMORY READ,,,,,,,4,9,144,0,0,0,0,,,,,,,,,,,,,,,,,
layer_11,16,LOAD INP,LOAD,0,1,0,0,1,0,0,0,pc=16 LOAD INP,,,,,,,,,0x060500c4,0x0100,MEMORY READ,,,,,,,14,14,14,1,1,1,1,,,,,,,,,,,,,,,,,
layer_11,17,LOAD WGT,LOAD,0,0,0,1,2,0,0,0,pc=17 LOAD WGT,,,,,,,,,0x00606249,0x0024,MEMORY READ,,,,,,,4,9,144,0,0,0,0,,,,,,,,,,,,,,,,,
layer_11,18,GEMM,COMPUTE,1,0,1,0,1,1,0,0,pc=18 GEMM,,,,,,,,,,,,,,,,,,,,,,,,,0,28,196,14,0,1,1,3,1,1,0,,,,,,
layer_11,19,GEMM,COMPUTE,1,0,1,0,0,2,0,0,pc=19 GEMM,,,,,,,,,,,,,,,,,,,,,,,,,0,196,364,14,0,1,1,3,1,1,0,,,,,,
layer_11,20,LOAD INP,LOAD,0,1,0,0,0,1,0,0,pc=20 LOAD INP,,,,,,,,,0x06050188,0x0000,MEMORY READ,,,,,,,14,14,14,1,1,1,1,,,,,,,,,,,,,,,,,
layer_11,21,LOAD WGT,LOAD,0,0,0,1,1,1,0,0,pc=21 LOAD WGT,,,,,,,,,0x00606012,0x0000,MEMORY READ,,,,,,,4,9,144,0,0,0,0,,,,,,,,,,,,,,,,,
layer_11,22,LOAD INP,LOAD,0,1,0,0,1,0,0,0,pc=22 LOAD INP,,,,,,,,,0x06050188,0x0100,MEMORY READ,,,,,,,14,14,14,1,1,1,1,,,,,,,,,,,,,,,,,
layer_11,23,LOAD WGT,LOAD,0,0,0,1,2,0,0,0,pc=23 LOAD WGT,,,,,,,,,0x00606252,0x0024,MEMORY READ,,,,,,,4,9,144,0,0,0,0,,,,,,,,,,,,,,,,,
layer_11,24,GEMM,COMPUTE,1,0,1,0,1,1,0,0,pc=24 GEMM,,,,,,,,,,,,,,,,,,,,,,,,,0,28,196,14,0,1,1,3,1,1,0,,,,,,
layer_11,25,GEMM,COMPUTE,1,0,1,0,0,2,0,0,pc=25 GEMM,,,,,,,,,,,,,,,,,,,,,,,,,0,196,364,14,0,1,1,3,1,1,0,,,,,,
layer_11,26,LOAD INP,LOAD,0,1,0,0,0,1,0,0,pc=26 LOAD INP,,,,,,,,,0x0605024c,0x0000,MEMORY READ,,,,,,,14,14,14,1,1,1,1,,,,,,,,,,,,,,,,,
layer_11,27,LOAD WGT,LOAD,0,0,0,1,1,1,0,0,pc=27 LOAD WGT,,,,,,,,,0x0060601b,0x0000,MEMORY READ,,,,,,,4,9,144,0,0,0,0,,,,,,,,,,,,,,,,,
layer_11,28,LOAD INP,LOAD,0,1,0,0,1,0,0,0,pc=28 LOAD INP,,,,,,,,,0x0605024c,0x0100,MEMORY READ,,,,,,,14,14,14,1,1,1,1,,,,,,,,,,,,,,,,,
layer_11,29,LOAD WGT,LOAD,0,0,0,1,2,0,0,0,pc=29 LOAD WGT,,,,,,,,,0x0060625b,0x0024,MEMORY READ,,,,,,,4,9,144,0,0,0,0,,,,,,,,,,,,,,,,,
layer_11,30,GEMM,COMPUTE,1,0,1,0,1,1,0,0,pc=30 GEMM,,,,,,,,,,,,,,,,,,,,,,,,,0,28,196,14,0,1,1,3,1,1,0,,,,,,
layer_11,31,GEMM,COMPUTE,1,0,1,0,0,2,0,0,pc=31 GEMM,,,,,,,,,,,,,,,,,,,,,,,,,0,196,364,14,0,1,1,3,1,1,0,,,,,,
layer_11,32,LOAD INP,LOAD,0,1,0,0,0,1,0,0,pc=32 LOAD INP,,,,,,,,,0x06050310,0x0000,MEMORY READ,,,,,,,14,14,14,1,1,1,1,,,,,,,,,,,,,,,,,
layer_11,33,LOAD WGT,LOAD,0,0,0,1,1,1,0,0,pc=33 LOAD WGT,,,,,,,,,0x00606024,0x0000,MEMORY READ,,,,,,,4,9,144,0,0,0,0,,,,,,,,,,,,,,,,,
layer_11,34,LOAD INP,LOAD,0,1,0,0,1,0,0,0,pc=34 LOAD INP,,,,,,,,,0x06050310,0x0100,MEMORY READ,,,,,,,14,14,14,1,1,1,1,,,,,,,,,,,,,,,,,
layer_11,35,LOAD WGT,LOAD,0,0,0,1,2,0,0,0,pc=35 LOAD WGT,,,,,,,,,0x00606264,0x0024,MEMORY READ,,,,,,,4,9,144,0,0,0,0,,,,,,,,,,,,,,,,,
layer_11,36,GEMM,COMPUTE,1,0,1,0,1,1,0,0,pc=36 GEMM,,,,,,,,,,,,,,,,,,,,,,,,,0,28,196,14,0,1,1,3,1,1,0,,,,,,
layer_11,37,GEMM,COMPUTE,1,0,1,0,0,2,0,0,pc=37 GEMM,,,,,,,,,,,,,,,,,,,,,,,,,0,196,364,14,0,1,1,3,1,1,0,,,,,,
layer_11,38,LOAD INP,LOAD,0,1,0,0,0,1,0,0,pc=38 LOAD INP,,,,,,,,,0x060503d4,0x0000,MEMORY READ,,,,,,,14,14,14,1,1,1,1,,,,,,,,,,,,,,,,,
layer_11,39,LOAD WGT,LOAD,0,0,0,1,1,1,0,0,pc=39 LOAD WGT,,,,,,,,,0x0060602d,0x0000,MEMORY READ,,,,,,,4,9,144,0,0,0,0,,,,,,,,,,,,,,,,,
layer_11,40,LOAD INP,LOAD,0,1,0,0,1,0,0,0,pc=40 LOAD INP,,,,,,,,,0x060503d4,0x0100,MEMORY READ,,,,,,,14,14,14,1,1,1,1,,,,,,,,,,,,,,,,,
layer_11,41,LOAD WGT,LOAD,0,0,0,1,2,0,0,0,pc=41 LOAD WGT,,,,,,,,,0x0060626d,0x0024,MEMORY READ,,,,,,,4,9,144,0,0,0,0,,,,,,,,,,,,,,,,,
layer_11,42,GEMM,COMPUTE,1,0,1,0,1,1,0,0,pc=42 GEMM,,,,,,,,,,,,,,,,,,,,,,,,,0,28,196,14,0,1,1,3,1,1,0,,,,,,
layer_11,43,GEMM,COMPUTE,1,0,1,0,0,2,0,0,pc=43 GEMM,,,,,,,,,,,,,,,,,,,,,,,,,0,196,364,14,0,1,1,3,1,1,0,,,,,,
layer_11,44,LOAD INP,LOAD,0,1,0,0,0,1,0,0,pc=44 LOAD INP,,,,,,,,,0x06050498,0x0000,MEMORY READ,,,,,,,14,14,14,1,1,1,1,,,,,,,,,,,,,,,,,
layer_11,45,LOAD WGT,LOAD,0,0,0,1,1,1,0,0,pc=45 LOAD WGT,,,,,,,,,0x00606036,0x0000,MEMORY READ,,,,,,,4,9,144,0,0,0,0,,,,,,,,,,,,,,,,,
layer_11,46,LOAD INP,LOAD,0,1,0,0,1,0,0,0,pc=46 LOAD INP,,,,,,,,,0x06050498,0x0100,MEMORY READ,,,,,,,14,14,14,1,1,1,1,,,,,,,,,,,,,,,,,
layer_11,47,LOAD WGT,LOAD,0,0,0,1,2,0,0,0,pc=47 LOAD WGT,,,,,,,,,0x00606276,0x0024,MEMORY READ,,,,,,,4,9,144,0,0,0,0,,,,,,,,,,,,,,,,,
layer_11,48,GEMM,COMPUTE,1,0,1,0,1,1,0,0,pc=48 GEMM,,,,,,,,,,,,,,,,,,,,,,,,,0,28,196,14,0,1,1,3,1,1,0,,,,,,
layer_11,49,GEMM,COMPUTE,1,0,1,0,0,2,0,0,pc=49 GEMM,,,,,,,,,,,,,,,,,,,,,,,,,0,196,364,14,0,1,1,3,1,1,0,,,,,,
layer_11,50,LOAD INP,LOAD,0,1,0,0,0,1,0,0,pc=50 LOAD INP,,,,,,,,,0x0605055c,0x0000,MEMORY READ,,,,,,,14,14,14,1,1,1,1,,,,,,,,,,,,,,,,,
layer_11,51,LOAD WGT,LOAD,0,0,0,1,1,1,0,0,pc=51 LOAD WGT,,,,,,,,,0x0060603f,0x0000,MEMORY READ,,,,,,,4,9,144,0,0,0,0,,,,,,,,,,,,,,,,,
layer_11,52,LOAD INP,LOAD,0,1,0,0,1,0,0,0,pc=52 LOAD INP,,,,,,,,,0x0605055c,0x0100,MEMORY READ,,,,,,,14,14,14,1,1,1,1,,,,,,,,,,,,,,,,,
layer_11,53,LOAD WGT,LOAD,0,0,0,1,2,0,0,0,pc=53 LOAD WGT,,,,,,,,,0x0060627f,0x0024,MEMORY READ,,,,,,,4,9,144,0,0,0,0,,,,,,,,,,,,,,,,,
layer_11,54,GEMM,COMPUTE,1,0,1,0,1,1,0,0,pc=54 GEMM,,,,,,,,,,,,,,,,,,,,,,,,,0,28,196,14,0,1,1,3,1,1,0,,,,,,
layer_11,55,GEMM,COMPUTE,1,0,1,0,0,2,0,0,pc=55 GEMM,,,,,,,,,,,,,,,,,,,,,,,,,0,196,364,14,0,1,1,3,1,1,0,,,,,,
layer_11,56,LOAD INP,LOAD,0,1,0,0,0,1,0,0,pc=56 LOAD INP,,,,,,,,,0x06050620,0x0000,MEMORY READ,,,,,,,14,14,14,1,1,1,1,,,,,,,,,,,,,,,,,
layer_11,57,LOAD WGT,LOAD,0,0,0,1,1,1,0,0,pc=57 LOAD WGT,,,,,,,,,0x00606048,0x0000,MEMORY READ,,,,,,,4,9,144,0,0,0,0,,,,,,,,,,,,,,,,,
layer_11,58,LOAD INP,LOAD,0,1,0,0,1,0,0,0,pc=58 LOAD INP,,,,,,,,,0x06050620,0x0100,MEMORY READ,,,,,,,14,14,14,1,1,1,1,,,,,,,,,,,,,,,,,
layer_11,59,LOAD WGT,LOAD,0,0,0,1,2,0,0,0,pc=59 LOAD WGT,,,,,,,,,0x00606288,0x0024,MEMORY READ,,,,,,,4,9,144,0,0,0,0,,,,,,,,,,,,,,,,,
layer_11,60,GEMM,COMPUTE,1,0,1,0,1,1,0,0,pc=60 GEMM,,,,,,,,,,,,,,,,,,,,,,,,,0,28,196,14,0,1,1,3,1,1,0,,,,,,
layer_11,61,GEMM,COMPUTE,1,0,1,0,0,2,0,0,pc=61 GEMM,,,,,,,,,,,,,,,,,,,,,,,,,0,196,364,14,0,1,1,3,1,1,0,,,,,,
layer_11,62,LOAD INP,LOAD,0,1,0,0,0,1,0,0,pc=62 LOAD INP,,,,,,,,,0x060506e4,0x0000,MEMORY READ,,,,,,,14,14,14,1,1,1,1,,,,,,,,,,,,,,,,,
layer_11,63,LOAD WGT,LOAD,0,0,0,1,1,1,0,0,pc=63 LOAD WGT,,,,,,,,,0x00606051,0x0000,MEMORY READ,,,,,,,4,9,144,0,0,0,0,,,,,,,,,,,,,,,,,
layer_11,64,LOAD INP,LOAD,0,1,0,0,1,0,0,0,pc=64 LOAD INP,,,,,,,,,0x060506e4,0x0100,MEMORY READ,,,,,,,14,14,14,1,1,1,1,,,,,,,,,,,,,,,,,
layer_11,65,LOAD WGT,LOAD,0,0,0,1,2,0,0,0,pc=65 LOAD WGT,,,,,,,,,0x00606291,0x0024,MEMORY READ,,,,,,,4,9,144,0,0,0,0,,,,,,,,,,,,,,,,,
layer_11,66,GEMM,COMPUTE,1,0,1,0,1,1,0,0,pc=66 GEMM,,,,,,,,,,,,,,,,,,,,,,,,,0,28,196,14,0,1,1,3,1,1,0,,,,,,
layer_11,67,GEMM,COMPUTE,1,0,1,0,0,2,0,0,pc=67 GEMM,,,,,,,,,,,,,,,,,,,,,,,,,0,196,364,14,0,1,1,3,1,1,0,,,,,,
layer_11,68,LOAD INP,LOAD,0,1,0,0,0,1,0,0,pc=68 LOAD INP,,,,,,,,,0x060507a8,0x0000,MEMORY READ,,,,,,,14,14,14,1,1,1,1,,,,,,,,,,,,,,,,,
layer_11,69,LOAD WGT,LOAD,0,0,0,1,1,1,0,0,pc=69 LOAD WGT,,,,,,,,,0x0060605a,0x0000,MEMORY READ,,,,,,,4,9,144,0,0,0,0,,,,,,,,,,,,,,,,,
layer_11,70,LOAD INP,LOAD,0,1,0,0,1,0,0,0,pc=70 LOAD INP,,,,,,,,,0x060507a8,0x0100,MEMORY READ,,,,,,,14,14,14,1,1,1,1,,,,,,,,,,,,,,,,,
layer_11,71,LOAD WGT,LOAD,0,0,0,1,2,0,0,0,pc=71 LOAD WGT,,,,,,,,,0x0060629a,0x0024,MEMORY READ,,,,,,,4,9,144,0,0,0,0,,,,,,,,,,,,,,,,,
layer_11,72,GEMM,COMPUTE,1,0,1,0,1,1,0,0,pc=72 GEMM,,,,,,,,,,,,,,,,,,,,,,,,,0,28,196,14,0,1,1,3,1,1,0,,,,,,
layer_11,73,GEMM,COMPUTE,1,0,1,0,0,2,0,0,pc=73 GEMM,,,,,,,,,,,,,,,,,,,,,,,,,0,196,364,14,0,1,1,3,1,1,0,,,,,,
layer_11,74,LOAD INP,LOAD,0,1,0,0,0,1,0,0,pc=74 LOAD INP,,,,,,,,,0x0605086c,0x0000,MEMORY READ,,,,,,,14,14,14,1,1,1,1,,,,,,,,,,,,,,,,,
layer_11,75,LOAD WGT,LOAD,0,0,0,1,1,1,0,0,pc=75 LOAD WGT,,,,,,,,,0x00606063,0x0000,MEMORY READ,,,,,,,4,9,144,0,0,0,0,,,,,,,,,,,,,,,,,
layer_11,76,LOAD INP,LOAD,0,1,0,0,1,0,0,0,pc=76 LOAD INP,,,,,,,,,0x0605086c,0x0100,MEMORY READ,,,,,,,14,14,14,1,1,1,1,,,,,,,,,,,,,,,,,
layer_11,77,LOAD WGT,LOAD,0,0,0,1,2,0,0,0,pc=77 LOAD WGT,,,,,,,,,0x006062a3,0x0024,MEMORY READ,,,,,,,4,9,144,0,0,0,0,,,,,,,,,,,,,,,,,
layer_11,78,GEMM,COMPUTE,1,0,1,0,1,1,0,0,pc=78 GEMM,,,,,,,,,,,,,,,,,,,,,,,,,0,28,196,14,0,1,1,3,1,1,0,,,,,,
layer_11,79,GEMM,COMPUTE,1,0,1,0,0,2,0,0,pc=79 GEMM,,,,,,,,,,,,,,,,,,,,,,,,,0,196,364,14,0,1,1,3,1,1,0,,,,,,
layer_11,80,LOAD INP,LOAD,0,1,0,0,0,1,0,0,pc=80 LOAD INP,,,,,,,,,0x06050930,0x0000,MEMORY READ,,,,,,,14,14,14,1,1,1,1,,,,,,,,,,,,,,,,,
layer_11,81,LOAD WGT,LOAD,0,0,0,1,1,1,0,0,pc=81 LOAD WGT,,,,,,,,,0x0060606c,0x0000,MEMORY READ,,,,,,,4,9,144,0,0,0,0,,,,,,,,,,,,,,,,,
layer_11,82,LOAD INP,LOAD,0,1,0,0,1,0,0,0,pc=82 LOAD INP,,,,,,,,,0x06050930,0x0100,MEMORY READ,,,,,,,14,14,14,1,1,1,1,,,,,,,,,,,,,,,,,
layer_11,83,LOAD WGT,LOAD,0,0,0,1,2,0,0,0,pc=83 LOAD WGT,,,,,,,,,0x006062ac,0x0024,MEMORY READ,,,,,,,4,9,144,0,0,0,0,,,,,,,,,,,,,,,,,
layer_11,84,GEMM,COMPUTE,1,0,1,0,1,1,0,0,pc=84 GEMM,,,,,,,,,,,,,,,,,,,,,,,,,0,28,196,14,0,1,1,3,1,1,0,,,,,,
layer_11,85,GEMM,COMPUTE,1,0,1,0,0,2,0,0,pc=85 GEMM,,,,,,,,,,,,,,,,,,,,,,,,,0,196,364,14,0,1,1,3,1,1,0,,,,,,
layer_11,86,LOAD INP,LOAD,0,1,0,0,0,1,0,0,pc=86 LOAD INP,,,,,,,,,0x060509f4,0x0000,MEMORY READ,,,,,,,14,14,14,1,1,1,1,,,,,,,,,,,,,,,,,
layer_11,87,LOAD WGT,LOAD,0,0,0,1,1,1,0,0,pc=87 LOAD WGT,,,,,,,,,0x00606075,0x0000,MEMORY READ,,,,,,,4,9,144,0,0,0,0,,,,,,,,,,,,,,,,,
layer_11,88,LOAD INP,LOAD,0,1,0,0,1,0,0,0,pc=88 LOAD INP,,,,,,,,,0x060509f4,0x0100,MEMORY READ,,,,,,,14,14,14,1,1,1,1,,,,,,,,,,,,,,,,,
layer_11,89,LOAD WGT,LOAD,0,0,0,1,2,0,0,0,pc=89 LOAD WGT,,,,,,,,,0x006062b5,0x0024,MEMORY READ,,,,,,,4,9,144,0,0,0,0,,,,,,,,,,,,,,,,,
layer_11,90,GEMM,COMPUTE,1,0,1,0,1,1,0,0,pc=90 GEMM,,,,,,,,,,,,,,,,,,,,,,,,,0,28,196,14,0,1,1,3,1,1,0,,,,,,
layer_11,91,GEMM,COMPUTE,1,0,1,0,0,2,0,0,pc=91 GEMM,,,,,,,,,,,,,,,,,,,,,,,,,0,196,364,14,0,1,1,3,1,1,0,,,,,,
layer_11,92,LOAD INP,LOAD,0,1,0,0,0,1,0,0,pc=92 LOAD INP,,,,,,,,,0x06050ab8,0x0000,MEMORY READ,,,,,,,14,14,14,1,1,1,1,,,,,,,,,,,,,,,,,
layer_11,93,LOAD WGT,LOAD,0,0,0,1,1,1,0,0,pc=93 LOAD WGT,,,,,,,,,0x0060607e,0x0000,MEMORY READ,,,,,,,4,9,144,0,0,0,0,,,,,,,,,,,,,,,,,
layer_11,94,LOAD INP,LOAD,0,1,0,0,1,0,0,0,pc=94 LOAD INP,,,,,,,,,0x06050ab8,0x0100,MEMORY READ,,,,,,,14,14,14,1,1,1,1,,,,,,,,,,,,,,,,,
layer_11,95,LOAD WGT,LOAD,0,0,0,1,2,0,0,0,pc=95 LOAD WGT,,,,,,,,,0x006062be,0x0024,MEMORY READ,,,,,,,4,9,144,0,0,0,0,,,,,,,,,,,,,,,,,
layer_11,96,GEMM,COMPUTE,1,0,1,0,1,1,0,0,pc=96 GEMM,,,,,,,,,,,,,,,,,,,,,,,,,0,28,196,14,0,1,1,3,1,1,0,,,,,,
layer_11,97,GEMM,COMPUTE,1,0,1,0,0,2,0,0,pc=97 GEMM,,,,,,,,,,,,,,,,,,,,,,,,,0,196,364,14,0,1,1,3,1,1,0,,,,,,
layer_11,98,LOAD INP,LOAD,0,1,0,0,0,1,0,0,pc=98 LOAD INP,,,,,,,,,0x06050b7c,0x0000,MEMORY READ,,,,,,,14,14,14,1,1,1,1,,,,,,,,,,,,,,,,,
layer_11,99,LOAD WGT,LOAD,0,0,0,1,1,1,0,0,pc=99 LOAD WGT,,,,,,,,,0x00606087,0x0000,MEMORY READ,,,,,,,4,9,144,0,0,0,0,,,,,,,,,,,,,,,,,
layer_11,100,LOAD INP,LOAD,0,1,0,0,1,0,0,0,pc=100 LOAD INP,,,,,,,,,0x06050b7c,0x0100,MEMORY READ,,,,,,,14,14,14,1,1,1,1,,,,,,,,,,,,,,,,,
layer_11,101,LOAD WGT,LOAD,0,0,0,1,2,0,0,0,pc=101 LOAD WGT,,,,,,,,,0x006062c7,0x0024,MEMORY READ,,,,,,,4,9,144,0,0,0,0,,,,,,,,,,,,,,,,,
layer_11,102,GEMM,COMPUTE,1,0,1,0,1,1,0,0,pc=102 GEMM,,,,,,,,,,,,,,,,,,,,,,,,,0,28,196,14,0,1,1,3,1,1,0,,,,,,
layer_11,103,GEMM,COMPUTE,1,0,1,0,0,2,0,0,pc=103 GEMM,,,,,,,,,,,,,,,,,,,,,,,,,0,196,364,14,0,1,1,3,1,1,0,,,,,,
layer_11,104,NOP-MEMORY-STAGE,LOAD,0,1,0,0,0,1,0,0,pc=104 NOP-MEMORY-STAGE,,,,,,,,,,,,,,,,,,,,,,,,,,,,,,,,,,,,,,,,,
layer_11,105,LOAD ACC,COMPUTE,0,0,0,0,0,1,0,0,pc=105 LOAD ACC,,,,,,,,,0x016605c0,0x0310,MEMORY READ,,,,,,,1,4,4,0,0,0,0,,,,,,,,,,,,,,,,,
layer_11,106,LOAD UOP,COMPUTE,0,0,0,0,0,1,0,0,pc=106 LOAD UOP,,,,,,,,,0x1858016c,0x016c,MEMORY READ,,,,,,,1,1,1,0,0,0,0,,,,,,,,,,,,,,,,,
layer_11,107,ALU - add,COMPUTE,0,0,0,0,0,1,0,0,pc=107 ALU - add,,,,,,,,,,,,,,,,,,,,,,,,,0,364,365,,,,,,,,,4,196,1,196,1,0
layer_11,108,LOAD UOP,COMPUTE,0,0,0,0,0,1,0,0,pc=108 LOAD UOP,,,,,,,,,0x1858016d,0x016d,MEMORY READ,,,,,,,1,1,1,0,0,0,0,,,,,,,,,,,,,,,,,
layer_11,109,ALU - add imm,COMPUTE,0,0,0,0,0,1,0,0,pc=109 ALU - add imm,,,,,,,,,,,,,,,,,,,,,,,,,0,365,366,,,,,,,,,1,0,0,784,1,1
layer_11,110,LOAD UOP,COMPUTE,0,0,0,0,0,1,0,0,pc=110 LOAD UOP,,,,,,,,,0x1858016e,0x016e,MEMORY READ,,,,,,,1,1,1,0,0,0,0,,,,,,,,,,,,,,,,,
layer_11,111,ALU - shr,COMPUTE,0,0,0,0,0,1,0,0,pc=111 ALU - shr,,,,,,,,,,,,,,,,,,,,,,,,,0,366,367,,,,,,,,,1,0,0,784,1,1
layer_11,112,LOAD UOP,COMPUTE,0,0,0,0,0,1,0,0,pc=112 LOAD UOP,,,,,,,,,0x1858016f,0x016f,MEMORY READ,,,,,,,1,1,1,0,0,0,0,,,,,,,,,,,,,,,,,
layer_11,113,ALU - min imm,COMPUTE,0,0,0,0,0,1,0,0,pc=113 ALU - min imm,,,,,,,,,,,,,,,,,,,,,,,,,0,367,368,,,,,,,,,1,0,0,784,1,1
layer_11,114,LOAD UOP,COMPUTE,0,0,0,0,0,1,0,0,pc=114 LOAD UOP,,,,,,,,,0x18580170,0x0170,MEMORY READ,,,,,,,1,1,1,0,0,0,0,,,,,,,,,,,,,,,,,
layer_11,115,ALU - max imm,COMPUTE,0,0,0,1,0,1,0,1,pc=115 ALU - max imm,,,,,,,,,,,,,,,,,,,,,,,,,0,368,369,,,,,,,,,1,0,0,784,1,1
layer_11,116,LOAD ACC,COMPUTE,0,0,0,0,0,1,0,1,pc=116 LOAD ACC,,,,,,,,,0x016605c4,0x0624,MEMORY READ,,,,,,,1,4,4,0,0,0,0,,,,,,,,,,,,,,,,,
layer_11,117,LOAD UOP,COMPUTE,0,0,0,0,0,1,0,1,pc=117 LOAD UOP,,,,,,,,,0x18580171,0x0171,MEMORY READ,,,,,,,1,1,1,0,0,0,0,,,,,,,,,,,,,,,,,
layer_11,118,ALU - add,COMPUTE,0,0,0,0,0,1,0,1,pc=118 ALU - add,,,,,,,,,,,,,,,,,,,,,,,,,0,369,370,,,,,,,,,4,196,1,196,1,0
layer_11,119,LOAD UOP,COMPUTE,0,0,0,0,0,1,0,1,pc=119 LOAD UOP,,,,,,,,,0x18580172,0x0172,MEMORY READ,,,,,,,1,1,1,0,0,0,0,,,,,,,,,,,,,,,,,
layer_11,120,ALU - add imm,COMPUTE,0,0,0,0,0,1,0,1,pc=120 ALU - add imm,,,,,,,,,,,,,,,,,,,,,,,,,0,370,371,,,,,,,,,1,0,0,784,1,1
layer_11,121,LOAD UOP,COMPUTE,0,0,0,0,0,1,0,1,pc=121 LOAD UOP,,,,,,,,,0x18580173,0x0173,MEMORY READ,,,,,,,1,1,1,0,0,0,0,,,,,,,,,,,,,,,,,
layer_11,122,ALU - shr,COMPUTE,0,0,0,0,0,1,0,1,pc=122 ALU - shr,,,,,,,,,,,,,,,,,,,,,,,,,0,371,372,,,,,,,,,1,0,0,784,1,1
layer_11,123,LOAD UOP,COMPUTE,0,0,0,0,0,1,0,1,pc=123 LOAD UOP,,,,,,,,,0x18580174,0x0174,MEMORY READ,,,,,,,1,1,1,0,0,0,0,,,,,,,,,,,,,,,,,
layer_11,124,ALU - min imm,COMPUTE,0,0,0,0,0,1,0,1,pc=124 ALU - min imm,,,,,,,,,,,,,,,,,,,,,,,,,0,372,373,,,,,,,,,1,0,0,784,1,1
layer_11,125,LOAD UOP,COMPUTE,0,0,0,0,0,1,0,1,pc=125 LOAD UOP,,,,,,,,,0x18580175,0x0175,MEMORY READ,,,,,,,1,1,1,0,0,0,0,,,,,,,,,,,,,,,,,
layer_11,126,ALU - max imm,COMPUTE,0,0,0,1,0,1,0,2,pc=126 ALU - max imm,,,,,,,,,,,,,,,,,,,,,,,,,0,373,374,,,,,,,,,1,0,0,784,1,1
layer_11,127,STORE,STORE,1,0,1,0,0,1,1,1,pc=127 STORE,,,,,,,,,0x06040000,0x0000,MEMORY WRITE,,,,,,,1,784,784,0,0,0,0,,,,,,,,,,,,,,,,,
layer_11,128,STORE,STORE,1,0,1,0,0,1,2,0,pc=128 STORE,,,,,,,,,0x06040310,0x0314,MEMORY WRITE,,,,,,,1,784,784,0,0,0,0,,,,,,,,,,,,,,,,,
layer_11,129,GEMM,COMPUTE,0,1,1,0,0,2,1,0,pc=129 GEMM,,,,,,,,,,,,,,,,,,,,,,,,,1,0,14,14,0,0,1,4,0,0,196,,,,,,
layer_11,130,GEMM,COMPUTE,0,1,1,0,0,3,0,0,pc=130 GEMM,,,,,,,,,,,,,,,,,,,,,,,,,1,14,28,14,0,0,1,4,0,0,196,,,,,,
layer_11,131,NOP-MEMORY-STAGE,LOAD,0,1,0,0,0,2,0,0,pc=131 NOP-MEMORY-STAGE,,,,,,,,,,,,,,,,,,,,,,,,,,,,,,,,,,,,,,,,,
layer_11,132,LOAD INP,LOAD,0,1,0,0,0,1,0,0,pc=132 LOAD INP,,,,,,,,,0x06050000,0x0000,MEMORY READ,,,,,,,14,14,14,1,1,1,1,,,,,,,,,,,,,,,,,
layer_11,133,LOAD WGT,LOAD,0,0,0,1,1,1,0,0,pc=133 LOAD WGT,,,,,,,,,0x00606480,0x0000,MEMORY READ,,,,,,,4,9,144,0,0,0,0,,,,,,,,,,,,,,,,,
layer_11,134,LOAD INP,LOAD,0,1,0,0,1,0,0,0,pc=134 LOAD INP,,,,,,,,,0x06050000,0x0100,MEMORY READ,,,,,,,14,14,14,1,1,1,1,,,,,,,,,,,,,,,,,
layer_11,135,LOAD WGT,LOAD,0,0,0,1,2,0,0,0,pc=135 LOAD WGT,,,,,,,,,0x006066c0,0x0024,MEMORY READ,,,,,,,4,9,144,0,0,0,0,,,,,,,,,,,,,,,,,
layer_11,136,GEMM,COMPUTE,1,0,1,0,1,1,0,0,pc=136 GEMM,,,,,,,,,,,,,,,,,,,,,,,,,0,28,196,14,0,1,1,3,1,1,0,,,,,,
layer_11,137,GEMM,COMPUTE,1,0,1,0,0,2,0,0,pc=137 GEMM,,,,,,,,,,,,,,,,,,,,,,,,,0,196,364,14,0,1,1,3,1,1,0,,,,,,
layer_11,138,LOAD INP,LOAD,0,1,0,0,0,1,0,0,pc=138 LOAD INP,,,,,,,,,0x060500c4,0x0000,MEMORY READ,,,,,,,14,14,14,1,1,1,1,,,,,,,,,,,,,,,,,
layer_11,139,LOAD WGT,LOAD,0,0,0,1,1,1,0,0,pc=139 LOAD WGT,,,,,,,,,0x00606489,0x0000,MEMORY READ,,,,,,,4,9,144,0,0,0,0,,,,,,,,,,,,,,,,,
layer_11,140,LOAD INP,LOAD,0,1,0,0,1,0,0,0,pc=140 LOAD INP,,,,,,,,,0x060500c4,0x0100,MEMORY READ,,,,,,,14,14,14,1,1,1,1,,,,,,,,,,,,,,,,,
layer_11,141,LOAD WGT,LOAD,0,0,0,1,2,0,0,0,pc=141 LOAD WGT,,,,,,,,,0x006066c9,0x0024,MEMORY READ,,,,,,,4,9,144,0,0,0,0,,,,,,,,,,,,,,,,,
layer_11,142,GEMM,COMPUTE,1,0,1,0,1,1,0,0,pc=142 GEMM,,,,,,,,,,,,,,,,,,,,,,,,,0,28,196,14,0,1,1,3,1,1,0,,,,,,
layer_11,143,GEMM,COMPUTE,1,0,1,0,0,2,0,0,pc=143 GEMM,,,,,,,,,,,,,,,,,,,,,,,,,0,196,364,14,0,1,1,3,1,1,0,,,,,,
layer_11,144,LOAD INP,LOAD,0,1,0,0,0,1,0,0,pc=144 LOAD INP,,,,,,,,,0x06050188,0x0000,MEMORY READ,,,,,,,14,14,14,1,1,1,1,,,,,,,,,,,,,,,,,
layer_11,145,LOAD WGT,LOAD,0,0,0,1,1,1,0,0,pc=145 LOAD WGT,,,,,,,,,0x00606492,0x0000,MEMORY READ,,,,,,,4,9,144,0,0,0,0,,,,,,,,,,,,,,,,,
layer_11,146,LOAD INP,LOAD,0,1,0,0,1,0,0,0,pc=146 LOAD INP,,,,,,,,,0x06050188,0x0100,MEMORY READ,,,,,,,14,14,14,1,1,1,1,,,,,,,,,,,,,,,,,
layer_11,147,LOAD WGT,LOAD,0,0,0,1,2,0,0,0,pc=147 LOAD WGT,,,,,,,,,0x006066d2,0x0024,MEMORY READ,,,,,,,4,9,144,0,0,0,0,,,,,,,,,,,,,,,,,
layer_11,148,GEMM,COMPUTE,1,0,1,0,1,1,0,0,pc=148 GEMM,,,,,,,,,,,,,,,,,,,,,,,,,0,28,196,14,0,1,1,3,1,1,0,,,,,,
layer_11,149,GEMM,COMPUTE,1,0,1,0,0,2,0,0,pc=149 GEMM,,,,,,,,,,,,,,,,,,,,,,,,,0,196,364,14,0,1,1,3,1,1,0,,,,,,
layer_11,150,LOAD INP,LOAD,0,1,0,0,0,1,0,0,pc=150 LOAD INP,,,,,,,,,0x0605024c,0x0000,MEMORY READ,,,,,,,14,14,14,1,1,1,1,,,,,,,,,,,,,,,,,
layer_11,151,LOAD WGT,LOAD,0,0,0,1,1,1,0,0,pc=151 LOAD WGT,,,,,,,,,0x0060649b,0x0000,MEMORY READ,,,,,,,4,9,144,0,0,0,0,,,,,,,,,,,,,,,,,
layer_11,152,LOAD INP,LOAD,0,1,0,0,1,0,0,0,pc=152 LOAD INP,,,,,,,,,0x0605024c,0x0100,MEMORY READ,,,,,,,14,14,14,1,1,1,1,,,,,,,,,,,,,,,,,
layer_11,153,LOAD WGT,LOAD,0,0,0,1,2,0,0,0,pc=153 LOAD WGT,,,,,,,,,0x006066db,0x0024,MEMORY READ,,,,,,,4,9,144,0,0,0,0,,,,,,,,,,,,,,,,,
layer_11,154,GEMM,COMPUTE,1,0,1,0,1,1,0,0,pc=154 GEMM,,,,,,,,,,,,,,,,,,,,,,,,,0,28,196,14,0,1,1,3,1,1,0,,,,,,
layer_11,155,GEMM,COMPUTE,1,0,1,0,0,2,0,0,pc=155 GEMM,,,,,,,,,,,,,,,,,,,,,,,,,0,196,364,14,0,1,1,3,1,1,0,,,,,,
layer_11,156,LOAD INP,LOAD,0,1,0,0,0,1,0,0,pc=156 LOAD INP,,,,,,,,,0x06050310,0x0000,MEMORY READ,,,,,,,14,14,14,1,1,1,1,,,,,,,,,,,,,,,,,
layer_11,157,LOAD WGT,LOAD,0,0,0,1,1,1,0,0,pc=157 LOAD WGT,,,,,,,,,0x006064a4,0x0000,MEMORY READ,,,,,,,4,9,144,0,0,0,0,,,,,,,,,,,,,,,,,
layer_11,158,LOAD INP,LOAD,0,1,0,0,1,0,0,0,pc=158 LOAD INP,,,,,,,,,0x06050310,0x0100,MEMORY READ,,,,,,,14,14,14,1,1,1,1,,,,,,,,,,,,,,,,,
layer_11,159,LOAD WGT,LOAD,0,0,0,1,2,0,0,0,pc=159 LOAD WGT,,,,,,,,,0x006066e4,0x0024,MEMORY READ,,,,,,,4,9,144,0,0,0,0,,,,,,,,,,,,,,,,,
layer_11,160,GEMM,COMPUTE,1,0,1,0,1,1,0,0,pc=160 GEMM,,,,,,,,,,,,,,,,,,,,,,,,,0,28,196,14,0,1,1,3,1,1,0,,,,,,
layer_11,161,GEMM,COMPUTE,1,0,1,0,0,2,0,0,pc=161 GEMM,,,,,,,,,,,,,,,,,,,,,,,,,0,196,364,14,0,1,1,3,1,1,0,,,,,,
layer_11,162,LOAD INP,LOAD,0,1,0,0,0,1,0,0,pc=162 LOAD INP,,,,,,,,,0x060503d4,0x0000,MEMORY READ,,,,,,,14,14,14,1,1,1,1,,,,,,,,,,,,,,,,,
layer_11,163,LOAD WGT,LOAD,0,0,0,1,1,1,0,0,pc=163 LOAD WGT,,,,,,,,,0x006064ad,0x0000,MEMORY READ,,,,,,,4,9,144,0,0,0,0,,,,,,,,,,,,,,,,,
layer_11,164,LOAD INP,LOAD,0,1,0,0,1,0,0,0,pc=164 LOAD INP,,,,,,,,,0x060503d4,0x0100,MEMORY READ,,,,,,,14,14,14,1,1,1,1,,,,,,,,,,,,,,,,,
layer_11,165,LOAD WGT,LOAD,0,0,0,1,2,0,0,0,pc=165 LOAD WGT,,,,,,,,,0x006066ed,0x0024,MEMORY READ,,,,,,,4,9,144,0,0,0,0,,,,,,,,,,,,,,,,,
layer_11,166,GEMM,COMPUTE,1,0,1,0,1,1,0,0,pc=166 GEMM,,,,,,,,,,,,,,,,,,,,,,,,,0,28,196,14,0,1,1,3,1,1,0,,,,,,
layer_11,167,GEMM,COMPUTE,1,0,1,0,0,2,0,0,pc=167 GEMM,,,,,,,,,,,,,,,,,,,,,,,,,0,196,364,14,0,1,1,3,1,1,0,,,,,,
layer_11,168,LOAD INP,LOAD,0,1,0,0,0,1,0,0,pc=168 LOAD INP,,,,,,,,,0x06050498,0x0000,MEMORY READ,,,,,,,14,14,14,1,1,1,1,,,,,,,,,,,,,,,,,
layer_11,169,LOAD WGT,LOAD,0,0,0,1,1,1,0,0,pc=169 LOAD WGT,,,,,,,,,0x006064b6,0x0000,MEMORY READ,,,,,,,4,9,144,0,0,0,0,,,,,,,,,,,,,,,,,
layer_11,170,LOAD INP,LOAD,0,1,0,0,1,0,0,0,pc=170 LOAD INP,,,,,,,,,0x06050498,0x0100,MEMORY READ,,,,,,,14,14,14,1,1,1,1,,,,,,,,,,,,,,,,,
layer_11,171,LOAD WGT,LOAD,0,0,0,1,2,0,0,0,pc=171 LOAD WGT,,,,,,,,,0x006066f6,0x0024,MEMORY READ,,,,,,,4,9,144,0,0,0,0,,,,,,,,,,,,,,,,,
layer_11,172,GEMM,COMPUTE,1,0,1,0,1,1,0,0,pc=172 GEMM,,,,,,,,,,,,,,,,,,,,,,,,,0,28,196,14,0,1,1,3,1,1,0,,,,,,
layer_11,173,GEMM,COMPUTE,1,0,1,0,0,2,0,0,pc=173 GEMM,,,,,,,,,,,,,,,,,,,,,,,,,0,196,364,14,0,1,1,3,1,1,0,,,,,,
layer_11,174,LOAD INP,LOAD,0,1,0,0,0,1,0,0,pc=174 LOAD INP,,,,,,,,,0x0605055c,0x0000,MEMORY READ,,,,,,,14,14,14,1,1,1,1,,,,,,,,,,,,,,,,,
layer_11,175,LOAD WGT,LOAD,0,0,0,1,1,1,0,0,pc=175 LOAD WGT,,,,,,,,,0x006064bf,0x0000,MEMORY READ,,,,,,,4,9,144,0,0,0,0,,,,,,,,,,,,,,,,,
layer_11,176,LOAD INP,LOAD,0,1,0,0,1,0,0,0,pc=176 LOAD INP,,,,,,,,,0x0605055c,0x0100,MEMORY READ,,,,,,,14,14,14,1,1,1,1,,,,,,,,,,,,,,,,,
layer_11,177,LOAD WGT,LOAD,0,0,0,1,2,0,0,0,pc=177 LOAD WGT,,,,,,,,,0x006066ff,0x0024,MEMORY READ,,,,,,,4,9,144,0,0,0,0,,,,,,,,,,,,,,,,,
layer_11,178,GEMM,COMPUTE,1,0,1,0,1,1,0,0,pc=178 GEMM,,,,,,,,,,,,,,,,,,,,,,,,,0,28,196,14,0,1,1,3,1,1,0,,,,,,
layer_11,179,GEMM,COMPUTE,1,0,1,0,0,2,0,0,pc=179 GEMM,,,,,,,,,,,,,,,,,,,,,,,,,0,196,364,14,0,1,1,3,1,1,0,,,,,,
layer_11,180,LOAD INP,LOAD,0,1,0,0,0,1,0,0,pc=180 LOAD INP,,,,,,,,,0x06050620,0x0000,MEMORY READ,,,,,,,14,14,14,1,1,1,1,,,,,,,,,,,,,,,,,
layer_11,181,LOAD WGT,LOAD,0,0,0,1,1,1,0,0,pc=181 LOAD WGT,,,,,,,,,0x006064c8,0x0000,MEMORY READ,,,,,,,4,9,144,0,0,0,0,,,,,,,,,,,,,,,,,
layer_11,182,LOAD INP,LOAD,0,1,0,0,1,0,0,0,pc=182 LOAD INP,,,,,,,,,0x06050620,0x0100,MEMORY READ,,,,,,,14,14,14,1,1,1,1,,,,,,,,,,,,,,,,,
layer_11,183,LOAD WGT,LOAD,0,0,0,1,2,0,0,0,pc=183 LOAD WGT,,,,,,,,,0x00606708,0x0024,MEMORY READ,,,,,,,4,9,144,0,0,0,0,,,,,,,,,,,,,,,,,
layer_11,184,GEMM,COMPUTE,1,0,1,0,1,1,0,0,pc=184 GEMM,,,,,,,,,,,,,,,,,,,,,,,,,0,28,196,14,0,1,1,3,1,1,0,,,,,,
layer_11,185,GEMM,COMPUTE,1,0,1,0,0,2,0,0,pc=185 GEMM,,,,,,,,,,,,,,,,,,,,,,,,,0,196,364,14,0,1,1,3,1,1,0,,,,,,
layer_11,186,LOAD INP,LOAD,0,1,0,0,0,1,0,0,pc=186 LOAD INP,,,,,,,,,0x060506e4,0x0000,MEMORY READ,,,,,,,14,14,14,1,1,1,1,,,,,,,,,,,,,,,,,
layer_11,187,LOAD WGT,LOAD,0,0,0,1,1,1,0,0,pc=187 LOAD WGT,,,,,,,,,0x006064d1,0x0000,MEMORY READ,,,,,,,4,9,144,0,0,0,0,,,,,,,,,,,,,,,,,
layer_11,188,LOAD INP,LOAD,0,1,0,0,1,0,0,0,pc=188 LOAD INP,,,,,,,,,0x060506e4,0x0100,MEMORY READ,,,,,,,14,14,14,1,1,1,1,,,,,,,,,,,,,,,,,
layer_11,189,LOAD WGT,LOAD,0,0,0,1,2,0,0,0,pc=189 LOAD WGT,,,,,,,,,0x00606711,0x0024,MEMORY READ,,,,,,,4,9,144,0,0,0,0,,,,,,,,,,,,,,,,,
layer_11,190,GEMM,COMPUTE,1,0,1,0,1,1,0,0,pc=190 GEMM,,,,,,,,,,,,,,,,,,,,,,,,,0,28,196,14,0,1,1,3,1,1,0,,,,,,
layer_11,191,GEMM,COMPUTE,1,0,1,0,0,2,0,0,pc=191 GEMM,,,,,,,,,,,,,,,,,,,,,,,,,0,196,364,14,0,1,1,3,1,1,0,,,,,,
layer_11,192,LOAD INP,LOAD,0,1,0,0,0,1,0,0,pc=192 LOAD INP,,,,,,,,,0x060507a8,0x0000,MEMORY READ,,,,,,,14,14,14,1,1,1,1,,,,,,,,,,,,,,,,,
layer_11,193,LOAD WGT,LOAD,0,0,0,1,1,1,0,0,pc=193 LOAD WGT,,,,,,,,,0x006064da,0x0000,MEMORY READ,,,,,,,4,9,144,0,0,0,0,,,,,,,,,,,,,,,,,
layer_11,194,LOAD INP,LOAD,0,1,0,0,1,0,0,0,pc=194 LOAD INP,,,,,,,,,0x060507a8,0x0100,MEMORY READ,,,,,,,14,14,14,1,1,1,1,,,,,,,,,,,,,,,,,
layer_11,195,LOAD WGT,LOAD,0,0,0,1,2,0,0,0,pc=195 LOAD WGT,,,,,,,,,0x0060671a,0x0024,MEMORY READ,,,,,,,4,9,144,0,0,0,0,,,,,,,,,,,,,,,,,
layer_11,196,GEMM,COMPUTE,1,0,1,0,1,1,0,0,pc=196 GEMM,,,,,,,,,,,,,,,,,,,,,,,,,0,28,196,14,0,1,1,3,1,1,0,,,,,,
layer_11,197,GEMM,COMPUTE,1,0,1,0,0,2,0,0,pc=197 GEMM,,,,,,,,,,,,,,,,,,,,,,,,,0,196,364,14,0,1,1,3,1,1,0,,,,,,
layer_11,198,LOAD INP,LOAD,0,1,0,0,0,1,0,0,pc=198 LOAD INP,,,,,,,,,0x0605086c,0x0000,MEMORY READ,,,,,,,14,14,14,1,1,1,1,,,,,,,,,,,,,,,,,
layer_11,199,LOAD WGT,LOAD,0,0,0,1,1,1,0,0,pc=199 LOAD WGT,,,,,,,,,0x006064e3,0x0000,MEMORY READ,,,,,,,4,9,144,0,0,0,0,,,,,,,,,,,,,,,,,
layer_11,200,LOAD INP,LOAD,0,1,0,0,1,0,0,0,pc=200 LOAD INP,,,,,,,,,0x0605086c,0x0100,MEMORY READ,,,,,,,14,14,14,1,1,1,1,,,,,,,,,,,,,,,,,
layer_11,201,LOAD WGT,LOAD,0,0,0,1,2,0,0,0,pc=201 LOAD WGT,,,,,,,,,0x00606723,0x0024,MEMORY READ,,,,,,,4,9,144,0,0,0,0,,,,,,,,,,,,,,,,,
layer_11,202,GEMM,COMPUTE,1,0,1,0,1,1,0,0,pc=202 GEMM,,,,,,,,,,,,,,,,,,,,,,,,,0,28,196,14,0,1,1,3,1,1,0,,,,,,
layer_11,203,GEMM,COMPUTE,1,0,1,0,0,2,0,0,pc=203 GEMM,,,,,,,,,,,,,,,,,,,,,,,,,0,196,364,14,0,1,1,3,1,1,0,,,,,,
layer_11,204,LOAD INP,LOAD,0,1,0,0,0,1,0,0,pc=204 LOAD INP,,,,,,,,,0x06050930,0x0000,MEMORY READ,,,,,,,14,14,14,1,1,1,1,,,,,,,,,,,,,,,,,
layer_11,205,LOAD WGT,LOAD,0,0,0,1,1,1,0,0,pc=205 LOAD WGT,,,,,,,,,0x006064ec,0x0000,MEMORY READ,,,,,,,4,9,144,0,0,0,0,,,,,,,,,,,,,,,,,
layer_11,206,LOAD INP,LOAD,0,1,0,0,1,0,0,0,pc=206 LOAD INP,,,,,,,,,0x06050930,0x0100,MEMORY READ,,,,,,,14,14,14,1,1,1,1,,,,,,,,,,,,,,,,,
layer_11,207,LOAD WGT,LOAD,0,0,0,1,2,0,0,0,pc=207 LOAD WGT,,,,,,,,,0x0060672c,0x0024,MEMORY READ,,,,,,,4,9,144,0,0,0,0,,,,,,,,,,,,,,,,,
layer_11,208,GEMM,COMPUTE,1,0,1,0,1,1,0,0,pc=208 GEMM,,,,,,,,,,,,,,,,,,,,,,,,,0,28,196,14,0,1,1,3,1,1,0,,,,,,
layer_11,209,GEMM,COMPUTE,1,0,1,0,0,2,0,0,pc=209 GEMM,,,,,,,,,,,,,,,,,,,,,,,,,0,196,364,14,0,1,1,3,1,1,0,,,,,,
layer_11,210,LOAD INP,LOAD,0,1,0,0,0,1,0,0,pc=210 LOAD INP,,,,,,,,,0x060509f4,0x0000,MEMORY READ,,,,,,,14,14,14,1,1,1,1,,,,,,,,,,,,,,,,,
layer_11,211,LOAD WGT,LOAD,0,0,0,1,1,1,0,0,pc=211 LOAD WGT,,,,,,,,,0x006064f5,0x0000,MEMORY READ,,,,,,,4,9,144,0,0,0,0,,,,,,,,,,,,,,,,,
layer_11,212,LOAD INP,LOAD,0,1,0,0,1,0,0,0,pc=212 LOAD INP,,,,,,,,,0x060509f4,0x0100,MEMORY READ,,,,,,,14,14,14,1,1,1,1,,,,,,,,,,,,,,,,,
layer_11,213,LOAD WGT,LOAD,0,0,0,1,2,0,0,0,pc=213 LOAD WGT,,,,,,,,,0x00606735,0x0024,MEMORY READ,,,,,,,4,9,144,0,0,0,0,,,,,,,,,,,,,,,,,
layer_11,214,GEMM,COMPUTE,1,0,1,0,1,1,0,0,pc=214 GEMM,,,,,,,,,,,,,,,,,,,,,,,,,0,28,196,14,0,1,1,3,1,1,0,,,,,,
layer_11,215,GEMM,COMPUTE,1,0,1,0,0,2,0,0,pc=215 GEMM,,,,,,,,,,,,,,,,,,,,,,,,,0,196,364,14,0,1,1,3,1,1,0,,,,,,
layer_11,216,LOAD INP,LOAD,0,1,0,0,0,1,0,0,pc=216 LOAD INP,,,,,,,,,0x06050ab8,0x0000,MEMORY READ,,,,,,,14,14,14,1,1,1,1,,,,,,,,,,,,,,,,,
layer_11,217,LOAD WGT,LOAD,0,0,0,1,1,1,0,0,pc=217 LOAD WGT,,,,,,,,,0x006064fe,0x0000,MEMORY READ,,,,,,,4,9,144,0,0,0,0,,,,,,,,,,,,,,,,,
layer_11,218,LOAD INP,LOAD,0,1,0,0,1,0,0,0,pc=218 LOAD INP,,,,,,,,,0x06050ab8,0x0100,MEMORY READ,,,,,,,14,14,14,1,1,1,1,,,,,,,,,,,,,,,,,
layer_11,219,LOAD WGT,LOAD,0,0,0,1,2,0,0,0,pc=219 LOAD WGT,,,,,,,,,0x0060673e,0x0024,MEMORY READ,,,,,,,4,9,144,0,0,0,0,,,,,,,,,,,,,,,,,
layer_11,220,GEMM,COMPUTE,1,0,1,0,1,1,0,0,pc=220 GEMM,,,,,,,,,,,,,,,,,,,,,,,,,0,28,196,14,0,1,1,3,1,1,0,,,,,,
layer_11,221,GEMM,COMPUTE,1,0,1,0,0,2,0,0,pc=221 GEMM,,,,,,,,,,,,,,,,,,,,,,,,,0,196,364,14,0,1,1,3,1,1,0,,,,,,
layer_11,222,LOAD INP,LOAD,0,1,0,0,0,1,0,0,pc=222 LOAD INP,,,,,,,,,0x06050b7c,0x0000,MEMORY READ,,,,,,,14,14,14,1,1,1,1,,,,,,,,,,,,,,,,,
layer_11,223,LOAD WGT,LOAD,0,0,0,1,1,1,0,0,pc=223 LOAD WGT,,,,,,,,,0x00606507,0x0000,MEMORY READ,,,,,,,4,9,144,0,0,0,0,,,,,,,,,,,,,,,,,
layer_11,224,LOAD INP,LOAD,0,1,0,0,1,0,0,0,pc=224 LOAD INP,,,,,,,,,0x06050b7c,0x0100,MEMORY READ,,,,,,,14,14,14,1,1,1,1,,,,,,,,,,,,,,,,,
layer_11,225,LOAD WGT,LOAD,0,0,0,1,2,0,0,0,pc=225 LOAD WGT,,,,,,,,,0x00606747,0x0024,MEMORY READ,,,,,,,4,9,144,0,0,0,0,,,,,,,,,,,,,,,,,
layer_11,226,GEMM,COMPUTE,1,0,1,0,1,1,0,0,pc=226 GEMM,,,,,,,,,,,,,,,,,,,,,,,,,0,28,196,14,0,1,1,3,1,1,0,,,,,,
layer_11,227,GEMM,COMPUTE,1,0,1,0,0,2,0,0,pc=227 GEMM,,,,,,,,,,,,,,,,,,,,,,,,,0,196,364,14,0,1,1,3,1,1,0,,,,,,
layer_11,228,NOP-MEMORY-STAGE,LOAD,0,1,0,0,0,1,0,0,pc=228 NOP-MEMORY-STAGE,,,,,,,,,,,,,,,,,,,,,,,,,,,,,,,,,,,,,,,,,
layer_11,229,LOAD ACC,COMPUTE,0,0,0,0,0,1,0,0,pc=229 LOAD ACC,,,,,,,,,0x016605c8,0x0310,MEMORY READ,,,,,,,1,4,4,0,0,0,0,,,,,,,,,,,,,,,,,
layer_11,230,ALU - add,COMPUTE,0,0,0,0,0,1,0,0,pc=230 ALU - add,,,,,,,,,,,,,,,,,,,,,,,,,0,364,365,,,,,,,,,4,196,1,196,1,0
layer_11,231,ALU - add imm,COMPUTE,0,0,0,0,0,1,0,0,pc=231 ALU - add imm,,,,,,,,,,,,,,,,,,,,,,,,,0,365,366,,,,,,,,,1,0,0,784,1,1
layer_11,232,ALU - shr,COMPUTE,0,0,0,0,0,1,0,0,pc=232 ALU - shr,,,,,,,,,,,,,,,,,,,,,,,,,0,366,367,,,,,,,,,1,0,0,784,1,1
layer_11,233,ALU - min imm,COMPUTE,0,0,0,0,0,1,0,0,pc=233 ALU - min imm,,,,,,,,,,,,,,,,,,,,,,,,,0,367,368,,,,,,,,,1,0,0,784,1,1
layer_11,234,ALU - max imm,COMPUTE,0,0,0,1,0,1,0,1,pc=234 ALU - max imm,,,,,,,,,,,,,,,,,,,,,,,,,0,368,369,,,,,,,,,1,0,0,784,1,1
layer_11,235,LOAD ACC,COMPUTE,0,0,0,0,0,1,0,1,pc=235 LOAD ACC,,,,,,,,,0x016605cc,0x0624,MEMORY READ,,,,,,,1,4,4,0,0,0,0,,,,,,,,,,,,,,,,,
layer_11,236,ALU - add,COMPUTE,0,0,0,0,0,1,0,1,pc=236 ALU - add,,,,,,,,,,,,,,,,,,,,,,,,,0,369,370,,,,,,,,,4,196,1,196,1,0
layer_11,237,ALU - add imm,COMPUTE,0,0,0,0,0,1,0,1,pc=237 ALU - add imm,,,,,,,,,,,,,,,,,,,,,,,,,0,370,371,,,,,,,,,1,0,0,784,1,1
layer_11,238,ALU - shr,COMPUTE,0,0,0,0,0,1,0,1,pc=238 ALU - shr,,,,,,,,,,,,,,,,,,,,,,,,,0,371,372,,,,,,,,,1,0,0,784,1,1
layer_11,239,ALU - min imm,COMPUTE,0,0,0,0,0,1,0,1,pc=239 ALU - min imm,,,,,,,,,,,,,,,,,,,,,,,,,0,372,373,,,,,,,,,1,0,0,784,1,1
layer_11,240,ALU - max imm,COMPUTE,0,0,0,1,0,1,0,2,pc=240 ALU - max imm,,,,,,,,,,,,,,,,,,,,,,,,,0,373,374,,,,,,,,,1,0,0,784,1,1
layer_11,241,STORE,STORE,1,0,1,0,0,1,1,1,pc=241 STORE,,,,,,,,,0x06040620,0x0000,MEMORY WRITE,,,,,,,1,784,784,0,0,0,0,,,,,,,,,,,,,,,,,
layer_11,242,STORE,STORE,1,0,1,0,0,1,2,0,pc=242 STORE,,,,,,,,,0x06040930,0x0314,MEMORY WRITE,,,,,,,1,784,784,0,0,0,0,,,,,,,,,,,,,,,,,
layer_11,243,NOP-COMPUTE-STAGE,COMPUTE,0,1,0,0,0,1,1,0,pc=243 NOP-COMPUTE-STAGE,,,,,,,,,,,,,,,,,,,,,,,,,,,,,,,,,,,,,,,,,
layer_11,244,NOP-STORE-STAGE,STORE,0,0,1,0,0,1,2,0,pc=244 NOP-STORE-STAGE,,,,,,,,,,,,,,,,,,,,,,,,,,,,,,,,,,,,,,,,,
layer_11,245,NOP-MEMORY-STAGE,LOAD,0,1,0,0,0,0,2,0,pc=245 NOP-MEMORY-STAGE,,,,,,,,,,,,,,,,,,,,,,,,,,,,,,,,,,,,,,,,,
layer_11,246,NOP-MEMORY-STAGE,LOAD,0,0,0,1,1,0,2,0,pc=246 NOP-MEMORY-STAGE,,,,,,,,,,,,,,,,,,,,,,,,,,,,,,,,,,,,,,,,,
layer_11,247,NOP-COMPUTE-STAGE,COMPUTE,0,1,0,0,1,0,1,0,pc=247 NOP-COMPUTE-STAGE,,,,,,,,,,,,,,,,,,,,,,,,,,,,,,,,,,,,,,,,,
layer_11,248,NOP-COMPUTE-STAGE,COMPUTE,1,1,0,0,0,0,0,0,pc=248 NOP-COMPUTE-STAGE,,,,,,,,,,,,,,,,,,,,,,,,,,,,,,,,,,,,,,,,,
layer_11,249,FINISH,COMPUTE,,,,,0,0,0,0,pc=249 FINISH,,,,,,,,,,,,,,,,,,,,,,,,,,,,,,,,,,,,,,,,,
layer_12,0,NOP-STORE-STAGE,STORE,0,0,1,0,0,0,1,0,pc=0 NOP-STORE-STAGE,,,,,,,,,,,,,,,,,,,,,,,,,,,,,,,,,,,,,,,,,
layer_12,1,NOP-STORE-STAGE,STORE,0,0,1,0,0,0,2,0,pc=1 NOP-STORE-STAGE,,,,,,,,,,,,,,,,,,,,,,,,,,,,,,,,,,,,,,,,,
layer_12,2,LOAD UOP,COMPUTE,0,1,0,0,0,0,1,0,pc=2 LOAD UOP,,,,,,,,,0x18580000,0x0000,MEMORY READ,,,,,,,1,14,14,0,0,0,0,,,,,,,,,,,,,,,,,
layer_12,3,GEMM,COMPUTE,0,0,1,0,0,1,1,0,pc=3 GEMM,,,,,,,,,,,,,,,,,,,,,,,,,1,0,14,14,0,0,1,4,0,0,196,,,,,,
layer_12,4,LOAD UOP,COMPUTE,0,1,0,0,0,1,0,0,pc=4 LOAD UOP,,,,,,,,,0x1858000e,0x000e,MEMORY READ,,,,,,,1,14,14,0,0,0,0,,,,,,,,,,,,,,,,,
layer_12,5,GEMM,COMPUTE,0,0,1,0,0,2,0,0,pc=5 GEMM,,,,,,,,,,,,,,,,,,,,,,,,,1,14,28,14,0,0,1,4,0,0,196,,,,,,
layer_12,6,LOAD INP,LOAD,0,1,0,0,0,1,0,0,pc=6 LOAD INP,,,,,,,,,0x06050000,0x0000,MEMORY READ,,,,,,,14,14,14,1,1,1,1,,,,,,,,,,,,,,,,,
layer_12,7,LOAD WGT,LOAD,0,0,0,1,1,1,0,0,pc=7 LOAD WGT,,,,,,,,,0x00607000,0x0000,MEMORY READ,,,,,,,4,9,144,0,0,0,0,,,,,,,,,,,,,,,,,
layer_12,8,LOAD INP,LOAD,0,1,0,0,1,0,0,0,pc=8 LOAD INP,,,,,,,,,0x06050000,0x0100,MEMORY READ,,,,,,,14,14,14,1,1,1,1,,,,,,,,,,,,,,,,,
layer_12,9,LOAD WGT,LOAD,0,0,0,1,2,0,0,0,pc=9 LOAD WGT,,,,,,,,,0x00607240,0x0024,MEMORY READ,,,,,,,4,9,144,0,0,0,0,,,,,,,,,,,,,,,,,
layer_12,10,LOAD UOP,COMPUTE,1,0,0,0,1,0,0,0,pc=10 LOAD UOP,,,,,,,,,0x1858001c,0x001c,MEMORY READ,,,,,,,1,168,168,0,0,0,0,,,,,,,,,,,,,,,,,
layer_12,11,GEMM,COMPUTE,0,0,1,0,1,1,0,0,pc=11 GEMM,,,,,,,,,,,,,,,,,,,,,,,,,0,28,196,14,0,1,1,3,1,1,0,,,,,,
layer_12,12,LOAD UOP,COMPUTE,1,0,0,0,0,1,0,0,pc=12 LOAD UOP,,,,,,,,,0x185800c4,0x00c4,MEMORY READ,,,,,,,1,168,168,0,0,0,0,,,,,,,,,,,,,,,,,
layer_12,13,GEMM,COMPUTE,0,0,1,0,0,2,0,0,pc=13 GEMM,,,,,,,,,,,,,,,,,,,,,,,,,0,196,364,14,0,1,1,3,1,1,0,,,,,,
layer_12,14,LOAD INP,LOAD,0,1,0,0,0,1,0,0,pc=14 LOAD INP,,,,,,,,,0x060500c4,0x0000,MEMORY READ,,,,,,,14,14,14,1,1,1,1,,,,,,,,,,,,,,,,,
layer_12,15,LOAD WGT,LOAD,0,0,0,1,1,1,0,0,pc=15 LOAD WGT,,,,,,,,,0x00607009,0x0000,MEMORY READ,,,,,,,4,9,144,0,0,0,0,,,,,,,,,,,,,,,,,
layer_12,16,LOAD INP,LOAD,0,1,0,0,1,0,0,0,pc=16 LOAD INP,,,,,,,,,0x060500c4,0x0100,MEMORY READ,,,,,,,14,14,14,1,1,1,1,,,,,,,,,,,,,,,,,
layer_12,17,LOAD WGT,LOAD,0,0,0,1,2,0,0,0,pc=17 LOAD WGT,,,,,,,,,0x00607249,0x0024,MEMORY READ,,,,,,,4,9,144,0,0,0,0,,,,,,,,,,,,,,,,,
layer_12,18,GEMM,COMPUTE,1,0,1,0,1,1,0,0,pc=18 GEMM,,,,,,,,,,,,,,,,,,,,,,,,,0,28,196,14,0,1,1,3,1,1,0,,,,,,
layer_12,19,GEMM,COMPUTE,1,0,1,0,0,2,0,0,pc=19 GEMM,,,,,,,,,,,,,,,,,,,,,,,,,0,196,364,14,0,1,1,3,1,1,0,,,,,,
layer_12,20,LOAD INP,LOAD,0,1,0,0,0,1,0,0,pc=20 LOAD INP,,,,,,,,,0x06050188,0x0000,MEMORY READ,,,,,,,14,14,14,1,1,1,1,,,,,,,,,,,,,,,,,
layer_12,21,LOAD WGT,LOAD,0,0,0,1,1,1,0,0,pc=21 LOAD WGT,,,,,,,,,0x00607012,0x0000,MEMORY READ,,,,,,,4,9,144,0,0,0,0,,,,,,,,,,,,,,,,,
layer_12,22,LOAD INP,LOAD,0,1,0,0,1,0,0,0,pc=22 LOAD INP,,,,,,,,,0x06050188,0x0100,MEMORY READ,,,,,,,14,14,14,1,1,1,1,,,,,,,,,,,,,,,,,
layer_12,23,LOAD WGT,LOAD,0,0,0,1,2,0,0,0,pc=23 LOAD WGT,,,,,,,,,0x00607252,0x0024,MEMORY READ,,,,,,,4,9,144,0,0,0,0,,,,,,,,,,,,,,,,,
layer_12,24,GEMM,COMPUTE,1,0,1,0,1,1,0,0,pc=24 GEMM,,,,,,,,,,,,,,,,,,,,,,,,,0,28,196,14,0,1,1,3,1,1,0,,,,,,
layer_12,25,GEMM,COMPUTE,1,0,1,0,0,2,0,0,pc=25 GEMM,,,,,,,,,,,,,,,,,,,,,,,,,0,196,364,14,0,1,1,3,1,1,0,,,,,,
layer_12,26,LOAD INP,LOAD,0,1,0,0,0,1,0,0,pc=26 LOAD INP,,,,,,,,,0x0605024c,0x0000,MEMORY READ,,,,,,,14,14,14,1,1,1,1,,,,,,,,,,,,,,,,,
layer_12,27,LOAD WGT,LOAD,0,0,0,1,1,1,0,0,pc=27 LOAD WGT,,,,,,,,,0x0060701b,0x0000,MEMORY READ,,,,,,,4,9,144,0,0,0,0,,,,,,,,,,,,,,,,,
layer_12,28,LOAD INP,LOAD,0,1,0,0,1,0,0,0,pc=28 LOAD INP,,,,,,,,,0x0605024c,0x0100,MEMORY READ,,,,,,,14,14,14,1,1,1,1,,,,,,,,,,,,,,,,,
layer_12,29,LOAD WGT,LOAD,0,0,0,1,2,0,0,0,pc=29 LOAD WGT,,,,,,,,,0x0060725b,0x0024,MEMORY READ,,,,,,,4,9,144,0,0,0,0,,,,,,,,,,,,,,,,,
layer_12,30,GEMM,COMPUTE,1,0,1,0,1,1,0,0,pc=30 GEMM,,,,,,,,,,,,,,,,,,,,,,,,,0,28,196,14,0,1,1,3,1,1,0,,,,,,
layer_12,31,GEMM,COMPUTE,1,0,1,0,0,2,0,0,pc=31 GEMM,,,,,,,,,,,,,,,,,,,,,,,,,0,196,364,14,0,1,1,3,1,1,0,,,,,,
layer_12,32,LOAD INP,LOAD,0,1,0,0,0,1,0,0,pc=32 LOAD INP,,,,,,,,,0x06050310,0x0000,MEMORY READ,,,,,,,14,14,14,1,1,1,1,,,,,,,,,,,,,,,,,
layer_12,33,LOAD WGT,LOAD,0,0,0,1,1,1,0,0,pc=33 LOAD WGT,,,,,,,,,0x00607024,0x0000,MEMORY READ,,,,,,,4,9,144,0,0,0,0,,,,,,,,,,,,,,,,,
layer_12,34,LOAD INP,LOAD,0,1,0,0,1,0,0,0,pc=34 LOAD INP,,,,,,,,,0x06050310,0x0100,MEMORY READ,,,,,,,14,14,14,1,1,1,1,,,,,,,,,,,,,,,,,
layer_12,35,LOAD WGT,LOAD,0,0,0,1,2,0,0,0,pc=35 LOAD WGT,,,,,,,,,0x00607264,0x0024,MEMORY READ,,,,,,,4,9,144,0,0,0,0,,,,,,,,,,,,,,,,,
layer_12,36,GEMM,COMPUTE,1,0,1,0,1,1,0,0,pc=36 GEMM,,,,,,,,,,,,,,,,,,,,,,,,,0,28,196,14,0,1,1,3,1,1,0,,,,,,
layer_12,37,GEMM,COMPUTE,1,0,1,0,0,2,0,0,pc=37 GEMM,,,,,,,,,,,,,,,,,,,,,,,,,0,196,364,14,0,1,1,3,1,1,0,,,,,,
layer_12,38,LOAD INP,LOAD,0,1,0,0,0,1,0,0,pc=38 LOAD INP,,,,,,,,,0x060503d4,0x0000,MEMORY READ,,,,,,,14,14,14,1,1,1,1,,,,,,,,,,,,,,,,,
layer_12,39,LOAD WGT,LOAD,0,0,0,1,1,1,0,0,pc=39 LOAD WGT,,,,,,,,,0x0060702d,0x0000,MEMORY READ,,,,,,,4,9,144,0,0,0,0,,,,,,,,,,,,,,,,,
layer_12,40,LOAD INP,LOAD,0,1,0,0,1,0,0,0,pc=40 LOAD INP,,,,,,,,,0x060503d4,0x0100,MEMORY READ,,,,,,,14,14,14,1,1,1,1,,,,,,,,,,,,,,,,,
layer_12,41,LOAD WGT,LOAD,0,0,0,1,2,0,0,0,pc=41 LOAD WGT,,,,,,,,,0x0060726d,0x0024,MEMORY READ,,,,,,,4,9,144,0,0,0,0,,,,,,,,,,,,,,,,,
layer_12,42,GEMM,COMPUTE,1,0,1,0,1,1,0,0,pc=42 GEMM,,,,,,,,,,,,,,,,,,,,,,,,,0,28,196,14,0,1,1,3,1,1,0,,,,,,
layer_12,43,GEMM,COMPUTE,1,0,1,0,0,2,0,0,pc=43 GEMM,,,,,,,,,,,,,,,,,,,,,,,,,0,196,364,14,0,1,1,3,1,1,0,,,,,,
layer_12,44,LOAD INP,LOAD,0,1,0,0,0,1,0,0,pc=44 LOAD INP,,,,,,,,,0x06050498,0x0000,MEMORY READ,,,,,,,14,14,14,1,1,1,1,,,,,,,,,,,,,,,,,
layer_12,45,LOAD WGT,LOAD,0,0,0,1,1,1,0,0,pc=45 LOAD WGT,,,,,,,,,0x00607036,0x0000,MEMORY READ,,,,,,,4,9,144,0,0,0,0,,,,,,,,,,,,,,,,,
layer_12,46,LOAD INP,LOAD,0,1,0,0,1,0,0,0,pc=46 LOAD INP,,,,,,,,,0x06050498,0x0100,MEMORY READ,,,,,,,14,14,14,1,1,1,1,,,,,,,,,,,,,,,,,
layer_12,47,LOAD WGT,LOAD,0,0,0,1,2,0,0,0,pc=47 LOAD WGT,,,,,,,,,0x00607276,0x0024,MEMORY READ,,,,,,,4,9,144,0,0,0,0,,,,,,,,,,,,,,,,,
layer_12,48,GEMM,COMPUTE,1,0,1,0,1,1,0,0,pc=48 GEMM,,,,,,,,,,,,,,,,,,,,,,,,,0,28,196,14,0,1,1,3,1,1,0,,,,,,
layer_12,49,GEMM,COMPUTE,1,0,1,0,0,2,0,0,pc=49 GEMM,,,,,,,,,,,,,,,,,,,,,,,,,0,196,364,14,0,1,1,3,1,1,0,,,,,,
layer_12,50,LOAD INP,LOAD,0,1,0,0,0,1,0,0,pc=50 LOAD INP,,,,,,,,,0x0605055c,0x0000,MEMORY READ,,,,,,,14,14,14,1,1,1,1,,,,,,,,,,,,,,,,,
layer_12,51,LOAD WGT,LOAD,0,0,0,1,1,1,0,0,pc=51 LOAD WGT,,,,,,,,,0x0060703f,0x0000,MEMORY READ,,,,,,,4,9,144,0,0,0,0,,,,,,,,,,,,,,,,,
layer_12,52,LOAD INP,LOAD,0,1,0,0,1,0,0,0,pc=52 LOAD INP,,,,,,,,,0x0605055c,0x0100,MEMORY READ,,,,,,,14,14,14,1,1,1,1,,,,,,,,,,,,,,,,,
layer_12,53,LOAD WGT,LOAD,0,0,0,1,2,0,0,0,pc=53 LOAD WGT,,,,,,,,,0x0060727f,0x0024,MEMORY READ,,,,,,,4,9,144,0,0,0,0,,,,,,,,,,,,,,,,,
layer_12,54,GEMM,COMPUTE,1,0,1,0,1,1,0,0,pc=54 GEMM,,,,,,,,,,,,,,,,,,,,,,,,,0,28,196,14,0,1,1,3,1,1,0,,,,,,
layer_12,55,GEMM,COMPUTE,1,0,1,0,0,2,0,0,pc=55 GEMM,,,,,,,,,,,,,,,,,,,,,,,,,0,196,364,14,0,1,1,3,1,1,0,,,,,,
layer_12,56,LOAD INP,LOAD,0,1,0,0,0,1,0,0,pc=56 LOAD INP,,,,,,,,,0x06050620,0x0000,MEMORY READ,,,,,,,14,14,14,1,1,1,1,,,,,,,,,,,,,,,,,
layer_12,57,LOAD WGT,LOAD,0,0,0,1,1,1,0,0,pc=57 LOAD WGT,,,,,,,,,0x00607048,0x0000,MEMORY READ,,,,,,,4,9,144,0,0,0,0,,,,,,,,,,,,,,,,,
layer_12,58,LOAD INP,LOAD,0,1,0,0,1,0,0,0,pc=58 LOAD INP,,,,,,,,,0x06050620,0x0100,MEMORY READ,,,,,,,14,14,14,1,1,1,1,,,,,,,,,,,,,,,,,
layer_12,59,LOAD WGT,LOAD,0,0,0,1,2,0,0,0,pc=59 LOAD WGT,,,,,,,,,0x00607288,0x0024,MEMORY READ,,,,,,,4,9,144,0,0,0,0,,,,,,,,,,,,,,,,,
layer_12,60,GEMM,COMPUTE,1,0,1,0,1,1,0,0,pc=60 GEMM,,,,,,,,,,,,,,,,,,,,,,,,,0,28,196,14,0,1,1,3,1,1,0,,,,,,
layer_12,61,GEMM,COMPUTE,1,0,1,0,0,2,0,0,pc=61 GEMM,,,,,,,,,,,,,,,,,,,,,,,,,0,196,364,14,0,1,1,3,1,1,0,,,,,,
layer_12,62,LOAD INP,LOAD,0,1,0,0,0,1,0,0,pc=62 LOAD INP,,,,,,,,,0x060506e4,0x0000,MEMORY READ,,,,,,,14,14,14,1,1,1,1,,,,,,,,,,,,,,,,,
layer_12,63,LOAD WGT,LOAD,0,0,0,1,1,1,0,0,pc=63 LOAD WGT,,,,,,,,,0x00607051,0x0000,MEMORY READ,,,,,,,4,9,144,0,0,0,0,,,,,,,,,,,,,,,,,
layer_12,64,LOAD INP,LOAD,0,1,0,0,1,0,0,0,pc=64 LOAD INP,,,,,,,,,0x060506e4,0x0100,MEMORY READ,,,,,,,14,14,14,1,1,1,1,,,,,,,,,,,,,,,,,
layer_12,65,LOAD WGT,LOAD,0,0,0,1,2,0,0,0,pc=65 LOAD WGT,,,,,,,,,0x00607291,0x0024,MEMORY READ,,,,,,,4,9,144,0,0,0,0,,,,,,,,,,,,,,,,,
layer_12,66,GEMM,COMPUTE,1,0,1,0,1,1,0,0,pc=66 GEMM,,,,,,,,,,,,,,,,,,,,,,,,,0,28,196,14,0,1,1,3,1,1,0,,,,,,
layer_12,67,GEMM,COMPUTE,1,0,1,0,0,2,0,0,pc=67 GEMM,,,,,,,,,,,,,,,,,,,,,,,,,0,196,364,14,0,1,1,3,1,1,0,,,,,,
layer_12,68,LOAD INP,LOAD,0,1,0,0,0,1,0,0,pc=68 LOAD INP,,,,,,,,,0x060507a8,0x0000,MEMORY READ,,,,,,,14,14,14,1,1,1,1,,,,,,,,,,,,,,,,,
layer_12,69,LOAD WGT,LOAD,0,0,0,1,1,1,0,0,pc=69 LOAD WGT,,,,,,,,,0x0060705a,0x0000,MEMORY READ,,,,,,,4,9,144,0,0,0,0,,,,,,,,,,,,,,,,,
layer_12,70,LOAD INP,LOAD,0,1,0,0,1,0,0,0,pc=70 LOAD INP,,,,,,,,,0x060507a8,0x0100,MEMORY READ,,,,,,,14,14,14,1,1,1,1,,,,,,,,,,,,,,,,,
layer_12,71,LOAD WGT,LOAD,0,0,0,1,2,0,0,0,pc=71 LOAD WGT,,,,,,,,,0x0060729a,0x0024,MEMORY READ,,,,,,,4,9,144,0,0,0,0,,,,,,,,,,,,,,,,,
layer_12,72,GEMM,COMPUTE,1,0,1,0,1,1,0,0,pc=72 GEMM,,,,,,,,,,,,,,,,,,,,,,,,,0,28,196,14,0,1,1,3,1,1,0,,,,,,
layer_12,73,GEMM,COMPUTE,1,0,1,0,0,2,0,0,pc=73 GEMM,,,,,,,,,,,,,,,,,,,,,,,,,0,196,364,14,0,1,1,3,1,1,0,,,,,,
layer_12,74,LOAD INP,LOAD,0,1,0,0,0,1,0,0,pc=74 LOAD INP,,,,,,,,,0x0605086c,0x0000,MEMORY READ,,,,,,,14,14,14,1,1,1,1,,,,,,,,,,,,,,,,,
layer_12,75,LOAD WGT,LOAD,0,0,0,1,1,1,0,0,pc=75 LOAD WGT,,,,,,,,,0x00607063,0x0000,MEMORY READ,,,,,,,4,9,144,0,0,0,0,,,,,,,,,,,,,,,,,
layer_12,76,LOAD INP,LOAD,0,1,0,0,1,0,0,0,pc=76 LOAD INP,,,,,,,,,0x0605086c,0x0100,MEMORY READ,,,,,,,14,14,14,1,1,1,1,,,,,,,,,,,,,,,,,
layer_12,77,LOAD WGT,LOAD,0,0,0,1,2,0,0,0,pc=77 LOAD WGT,,,,,,,,,0x006072a3,0x0024,MEMORY READ,,,,,,,4,9,144,0,0,0,0,,,,,,,,,,,,,,,,,
layer_12,78,GEMM,COMPUTE,1,0,1,0,1,1,0,0,pc=78 GEMM,,,,,,,,,,,,,,,,,,,,,,,,,0,28,196,14,0,1,1,3,1,1,0,,,,,,
layer_12,79,GEMM,COMPUTE,1,0,1,0,0,2,0,0,pc=79 GEMM,,,,,,,,,,,,,,,,,,,,,,,,,0,196,364,14,0,1,1,3,1,1,0,,,,,,
layer_12,80,LOAD INP,LOAD,0,1,0,0,0,1,0,0,pc=80 LOAD INP,,,,,,,,,0x06050930,0x0000,MEMORY READ,,,,,,,14,14,14,1,1,1,1,,,,,,,,,,,,,,,,,
layer_12,81,LOAD WGT,LOAD,0,0,0,1,1,1,0,0,pc=81 LOAD WGT,,,,,,,,,0x0060706c,0x0000,MEMORY READ,,,,,,,4,9,144,0,0,0,0,,,,,,,,,,,,,,,,,
layer_12,82,LOAD INP,LOAD,0,1,0,0,1,0,0,0,pc=82 LOAD INP,,,,,,,,,0x06050930,0x0100,MEMORY READ,,,,,,,14,14,14,1,1,1,1,,,,,,,,,,,,,,,,,
layer_12,83,LOAD WGT,LOAD,0,0,0,1,2,0,0,0,pc=83 LOAD WGT,,,,,,,,,0x006072ac,0x0024,MEMORY READ,,,,,,,4,9,144,0,0,0,0,,,,,,,,,,,,,,,,,
layer_12,84,GEMM,COMPUTE,1,0,1,0,1,1,0,0,pc=84 GEMM,,,,,,,,,,,,,,,,,,,,,,,,,0,28,196,14,0,1,1,3,1,1,0,,,,,,
layer_12,85,GEMM,COMPUTE,1,0,1,0,0,2,0,0,pc=85 GEMM,,,,,,,,,,,,,,,,,,,,,,,,,0,196,364,14,0,1,1,3,1,1,0,,,,,,
layer_12,86,LOAD INP,LOAD,0,1,0,0,0,1,0,0,pc=86 LOAD INP,,,,,,,,,0x060509f4,0x0000,MEMORY READ,,,,,,,14,14,14,1,1,1,1,,,,,,,,,,,,,,,,,
layer_12,87,LOAD WGT,LOAD,0,0,0,1,1,1,0,0,pc=87 LOAD WGT,,,,,,,,,0x00607075,0x0000,MEMORY READ,,,,,,,4,9,144,0,0,0,0,,,,,,,,,,,,,,,,,
layer_12,88,LOAD INP,LOAD,0,1,0,0,1,0,0,0,pc=88 LOAD INP,,,,,,,,,0x060509f4,0x0100,MEMORY READ,,,,,,,14,14,14,1,1,1,1,,,,,,,,,,,,,,,,,
layer_12,89,LOAD WGT,LOAD,0,0,0,1,2,0,0,0,pc=89 LOAD WGT,,,,,,,,,0x006072b5,0x0024,MEMORY READ,,,,,,,4,9,144,0,0,0,0,,,,,,,,,,,,,,,,,
layer_12,90,GEMM,COMPUTE,1,0,1,0,1,1,0,0,pc=90 GEMM,,,,,,,,,,,,,,,,,,,,,,,,,0,28,196,14,0,1,1,3,1,1,0,,,,,,
layer_12,91,GEMM,COMPUTE,1,0,1,0,0,2,0,0,pc=91 GEMM,,,,,,,,,,,,,,,,,,,,,,,,,0,196,364,14,0,1,1,3,1,1,0,,,,,,
layer_12,92,LOAD INP,LOAD,0,1,0,0,0,1,0,0,pc=92 LOAD INP,,,,,,,,,0x06050ab8,0x0000,MEMORY READ,,,,,,,14,14,14,1,1,1,1,,,,,,,,,,,,,,,,,
layer_12,93,LOAD WGT,LOAD,0,0,0,1,1,1,0,0,pc=93 LOAD WGT,,,,,,,,,0x0060707e,0x0000,MEMORY READ,,,,,,,4,9,144,0,0,0,0,,,,,,,,,,,,,,,,,
layer_12,94,LOAD INP,LOAD,0,1,0,0,1,0,0,0,pc=94 LOAD INP,,,,,,,,,0x06050ab8,0x0100,MEMORY READ,,,,,,,14,14,14,1,1,1,1,,,,,,,,,,,,,,,,,
layer_12,95,LOAD WGT,LOAD,0,0,0,1,2,0,0,0,pc=95 LOAD WGT,,,,,,,,,0x006072be,0x0024,MEMORY READ,,,,,,,4,9,144,0,0,0,0,,,,,,,,,,,,,,,,,
layer_12,96,GEMM,COMPUTE,1,0,1,0,1,1,0,0,pc=96 GEMM,,,,,,,,,,,,,,,,,,,,,,,,,0,28,196,14,0,1,1,3,1,1,0,,,,,,
layer_12,97,GEMM,COMPUTE,1,0,1,0,0,2,0,0,pc=97 GEMM,,,,,,,,,,,,,,,,,,,,,,,,,0,196,364,14,0,1,1,3,1,1,0,,,,,,
layer_12,98,LOAD INP,LOAD,0,1,0,0,0,1,0,0,pc=98 LOAD INP,,,,,,,,,0x06050b7c,0x0000,MEMORY READ,,,,,,,14,14,14,1,1,1,1,,,,,,,,,,,,,,,,,
layer_12,99,LOAD WGT,LOAD,0,0,0,1,1,1,0,0,pc=99 LOAD WGT,,,,,,,,,0x00607087,0x0000,MEMORY READ,,,,,,,4,9,144,0,0,0,0,,,,,,,,,,,,,,,,,
layer_12,100,LOAD INP,LOAD,0,1,0,0,1,0,0,0,pc=100 LOAD INP,,,,,,,,,0x06050b7c,0x0100,MEMORY READ,,,,,,,14,14,14,1,1,1,1,,,,,,,,,,,,,,,,,
layer_12,101,LOAD WGT,LOAD,0,0,0,1,2,0,0,0,pc=101 LOAD WGT,,,,,,,,,0x006072c7,0x0024,MEMORY READ,,,,,,,4,9,144,0,0,0,0,,,,,,,,,,,,,,,,,
layer_12,102,GEMM,COMPUTE,1,0,1,0,1,1,0,0,pc=102 GEMM,,,,,,,,,,,,,,,,,,,,,,,,,0,28,196,14,0,1,1,3,1,1,0,,,,,,
layer_12,103,GEMM,COMPUTE,1,0,1,0,0,2,0,0,pc=103 GEMM,,,,,,,,,,,,,,,,,,,,,,,,,0,196,364,14,0,1,1,3,1,1,0,,,,,,
layer_12,104,NOP-MEMORY-STAGE,LOAD,0,1,0,0,0,1,0,0,pc=104 NOP-MEMORY-STAGE,,,,,,,,,,,,,,,,,,,,,,,,,,,,,,,,,,,,,,,,,
layer_12,105,LOAD ACC,COMPUTE,0,0,0,0,0,1,0,0,pc=105 LOAD ACC,,,,,,,,,0x008647c0,0x0310,MEMORY READ,,,,,,,1,4,4,0,0,0,0,,,,,,,,,,,,,,,,,
layer_12,106,LOAD UOP,COMPUTE,0,0,0,0,0,1,0,0,pc=106 LOAD UOP,,,,,,,,,0x1858016c,0x016c,MEMORY READ,,,,,,,1,1,1,0,0,0,0,,,,,,,,,,,,,,,,,
layer_12,107,ALU - add,COMPUTE,0,0,0,0,0,1,0,0,pc=107 ALU - add,,,,,,,,,,,,,,,,,,,,,,,,,0,364,365,,,,,,,,,4,196,1,196,1,0
layer_12,108,LOAD UOP,COMPUTE,0,0,0,0,0,1,0,0,pc=108 LOAD UOP,,,,,,,,,0x1858016d,0x016d,MEMORY READ,,,,,,,1,1,1,0,0,0,0,,,,,,,,,,,,,,,,,
layer_12,109,ALU - max imm,COMPUTE,0,0,0,0,0,1,0,0,pc=109 ALU - max imm,,,,,,,,,,,,,,,,,,,,,,,,,0,365,366,,,,,,,,,1,0,0,784,1,1
layer_12,110,LOAD UOP,COMPUTE,0,0,0,0,0,1,0,0,pc=110 LOAD UOP,,,,,,,,,0x1858016e,0x016e,MEMORY READ,,,,,,,1,1,1,0,0,0,0,,,,,,,,,,,,,,,,,
layer_12,111,ALU - add imm,COMPUTE,0,0,0,0,0,1,0,0,pc=111 ALU - add imm,,,,,,,,,,,,,,,,,,,,,,,,,0,366,367,,,,,,,,,1,0,0,784,1,1
layer_12,112,LOAD UOP,COMPUTE,0,0,0,0,0,1,0,0,pc=112 LOAD UOP,,,,,,,,,0x1858016f,0x016f,MEMORY READ,,,,,,,1,1,1,0,0,0,0,,,,,,,,,,,,,,,,,
layer_12,113,ALU - shr,COMPUTE,0,0,0,0,0,1,0,0,pc=113 ALU - shr,,,,,,,,,,,,,,,,,,,,,,,,,0,367,368,,,,,,,,,1,0,0,784,1,1
layer_12,114,LOAD UOP,COMPUTE,0,0,0,0,0,1,0,0,pc=114 LOAD UOP,,,,,,,,,0x18580170,0x0170,MEMORY READ,,,,,,,1,1,1,0,0,0,0,,,,,,,,,,,,,,,,,
layer_12,115,ALU - min imm,COMPUTE,0,0,0,0,0,1,0,0,pc=115 ALU - min imm,,,,,,,,,,,,,,,,,,,,,,,,,0,368,369,,,,,,,,,1,0,0,784,1,1
layer_12,116,LOAD UOP,COMPUTE,0,0,0,0,0,1,0,0,pc=116 LOAD UOP,,,,,,,,,0x18580171,0x0171,MEMORY READ,,,,,,,1,1,1,0,0,0,0,,,,,,,,,,,,,,,,,
layer_12,117,ALU - max imm,COMPUTE,0,0,0,1,0,1,0,1,pc=117 ALU - max imm,,,,,,,,,,,,,,,,,,,,,,,,,0,369,370,,,,,,,,,1,0,0,784,1,1
layer_12,118,LOAD ACC,COMPUTE,0,0,0,0,0,1,0,1,pc=118 LOAD ACC,,,,,,,,,0x008647c4,0x0624,MEMORY READ,,,,,,,1,4,4,0,0,0,0,,,,,,,,,,,,,,,,,
layer_12,119,LOAD UOP,COMPUTE,0,0,0,0,0,1,0,1,pc=119 LOAD UOP,,,,,,,,,0x18580172,0x0172,MEMORY READ,,,,,,,1,1,1,0,0,0,0,,,,,,,,,,,,,,,,,
layer_12,120,ALU - add,COMPUTE,0,0,0,0,0,1,0,1,pc=120 ALU - add,,,,,,,,,,,,,,,,,,,,,,,,,0,370,371,,,,,,,,,4,196,1,196,1,0
layer_12,121,LOAD UOP,COMPUTE,0,0,0,0,0,1,0,1,pc=121 LOAD UOP,,,,,,,,,0x18580173,0x0173,MEMORY READ,,,,,,,1,1,1,0,0,0,0,,,,,,,,,,,,,,,,,
layer_12,122,ALU - max imm,COMPUTE,0,0,0,0,0,1,0,1,pc=122 ALU - max imm,,,,,,,,,,,,,,,,,,,,,,,,,0,371,372,,,,,,,,,1,0,0,784,1,1
layer_12,123,LOAD UOP,COMPUTE,0,0,0,0,0,1,0,1,pc=123 LOAD UOP,,,,,,,,,0x18580174,0x0174,MEMORY READ,,,,,,,1,1,1,0,0,0,0,,,,,,,,,,,,,,,,,
layer_12,124,ALU - add imm,COMPUTE,0,0,0,0,0,1,0,1,pc=124 ALU - add imm,,,,,,,,,,,,,,,,,,,,,,,,,0,372,373,,,,,,,,,1,0,0,784,1,1
layer_12,125,LOAD UOP,COMPUTE,0,0,0,0,0,1,0,1,pc=125 LOAD UOP,,,,,,,,,0x18580175,0x0175,MEMORY READ,,,,,,,1,1,1,0,0,0,0,,,,,,,,,,,,,,,,,
layer_12,126,ALU - shr,COMPUTE,0,0,0,0,0,1,0,1,pc=126 ALU - shr,,,,,,,,,,,,,,,,,,,,,,,,,0,373,374,,,,,,,,,1,0,0,784,1,1
layer_12,127,LOAD UOP,COMPUTE,0,0,0,0,0,1,0,1,pc=127 LOAD UOP,,,,,,,,,0x18580176,0x0176,MEMORY READ,,,,,,,1,1,1,0,0,0,0,,,,,,,,,,,,,,,,,
layer_12,128,ALU - min imm,COMPUTE,0,0,0,0,0,1,0,1,pc=128 ALU - min imm,,,,,,,,,,,,,,,,,,,,,,,,,0,374,375,,,,,,,,,1,0,0,784,1,1
layer_12,129,LOAD UOP,COMPUTE,0,0,0,0,0,1,0,1,pc=129 LOAD UOP,,,,,,,,,0x18580177,0x0177,MEMORY READ,,,,,,,1,1,1,0,0,0,0,,,,,,,,,,,,,,,,,
layer_12,130,ALU - max imm,COMPUTE,0,0,0,1,0,1,0,2,pc=130 ALU - max imm,,,,,,,,,,,,,,,,,,,,,,,,,0,375,376,,,,,,,,,1,0,0,784,1,1
layer_12,131,STORE,STORE,1,0,1,0,0,1,1,1,pc=131 STORE,,,,,,,,,0x05fea000,0x0000,MEMORY WRITE,,,,,,,1,784,784,0,0,0,0,,,,,,,,,,,,,,,,,
layer_12,132,STORE,STORE,1,0,1,0,0,1,2,0,pc=132 STORE,,,,,,,,,0x05fea310,0x0314,MEMORY WRITE,,,,,,,1,784,784,0,0,0,0,,,,,,,,,,,,,,,,,
layer_12,133,GEMM,COMPUTE,0,1,1,0,0,2,1,0,pc=133 GEMM,,,,,,,,,,,,,,,,,,,,,,,,,1,0,14,14,0,0,1,4,0,0,196,,,,,,
layer_12,134,GEMM,COMPUTE,0,1,1,0,0,3,0,0,pc=134 GEMM,,,,,,,,,,,,,,,,,,,,,,,,,1,14,28,14,0,0,1,4,0,0,196,,,,,,
layer_12,135,NOP-MEMORY-STAGE,LOAD,0,1,0,0,0,2,0,0,pc=135 NOP-MEMORY-STAGE,,,,,,,,,,,,,,,,,,,,,,,,,,,,,,,,,,,,,,,,,
layer_12,136,LOAD INP,LOAD,0,1,0,0,0,1,0,0,pc=136 LOAD INP,,,,,,,,,0x06050000,0x0000,MEMORY READ,,,,,,,14,14,14,1,1,1,1,,,,,,,,,,,,,,,,,
layer_12,137,LOAD WGT,LOAD,0,0,0,1,1,1,0,0,pc=137 LOAD WGT,,,,,,,,,0x00607480,0x0000,MEMORY READ,,,,,,,4,9,144,0,0,0,0,,,,,,,,,,,,,,,,,
layer_12,138,LOAD INP,LOAD,0,1,0,0,1,0,0,0,pc=138 LOAD INP,,,,,,,,,0x06050000,0x0100,MEMORY READ,,,,,,,14,14,14,1,1,1,1,,,,,,,,,,,,,,,,,
layer_12,139,LOAD WGT,LOAD,0,0,0,1,2,0,0,0,pc=139 LOAD WGT,,,,,,,,,0x006076c0,0x0024,MEMORY READ,,,,,,,4,9,144,0,0,0,0,,,,,,,,,,,,,,,,,
layer_12,140,GEMM,COMPUTE,1,0,1,0,1,1,0,0,pc=140 GEMM,,,,,,,,,,,,,,,,,,,,,,,,,0,28,196,14,0,1,1,3,1,1,0,,,,,,
layer_12,141,GEMM,COMPUTE,1,0,1,0,0,2,0,0,pc=141 GEMM,,,,,,,,,,,,,,,,,,,,,,,,,0,196,364,14,0,1,1,3,1,1,0,,,,,,
layer_12,142,LOAD INP,LOAD,0,1,0,0,0,1,0,0,pc=142 LOAD INP,,,,,,,,,0x060500c4,0x0000,MEMORY READ,,,,,,,14,14,14,1,1,1,1,,,,,,,,,,,,,,,,,
layer_12,143,LOAD WGT,LOAD,0,0,0,1,1,1,0,0,pc=143 LOAD WGT,,,,,,,,,0x00607489,0x0000,MEMORY READ,,,,,,,4,9,144,0,0,0,0,,,,,,,,,,,,,,,,,
layer_12,144,LOAD INP,LOAD,0,1,0,0,1,0,0,0,pc=144 LOAD INP,,,,,,,,,0x060500c4,0x0100,MEMORY READ,,,,,,,14,14,14,1,1,1,1,,,,,,,,,,,,,,,,,
layer_12,145,LOAD WGT,LOAD,0,0,0,1,2,0,0,0,pc=145 LOAD WGT,,,,,,,,,0x006076c9,0x0024,MEMORY READ,,,,,,,4,9,144,0,0,0,0,,,,,,,,,,,,,,,,,
layer_12,146,GEMM,COMPUTE,1,0,1,0,1,1,0,0,pc=146 GEMM,,,,,,,,,,,,,,,,,,,,,,,,,0,28,196,14,0,1,1,3,1,1,0,,,,,,
layer_12,147,GEMM,COMPUTE,1,0,1,0,0,2,0,0,pc=147 GEMM,,,,,,,,,,,,,,,,,,,,,,,,,0,196,364,14,0,1,1,3,1,1,0,,,,,,
layer_12,148,LOAD INP,LOAD,0,1,0,0,0,1,0,0,pc=148 LOAD INP,,,,,,,,,0x06050188,0x0000,MEMORY READ,,,,,,,14,14,14,1,1,1,1,,,,,,,,,,,,,,,,,
layer_12,149,LOAD WGT,LOAD,0,0,0,1,1,1,0,0,pc=149 LOAD WGT,,,,,,,,,0x00607492,0x0000,MEMORY READ,,,,,,,4,9,144,0,0,0,0,,,,,,,,,,,,,,,,,
layer_12,150,LOAD INP,LOAD,0,1,0,0,1,0,0,0,pc=150 LOAD INP,,,,,,,,,0x06050188,0x0100,MEMORY READ,,,,,,,14,14,14,1,1,1,1,,,,,,,,,,,,,,,,,
layer_12,151,LOAD WGT,LOAD,0,0,0,1,2,0,0,0,pc=151 LOAD WGT,,,,,,,,,0x006076d2,0x0024,MEMORY READ,,,,,,,4,9,144,0,0,0,0,,,,,,,,,,,,,,,,,
layer_12,152,GEMM,COMPUTE,1,0,1,0,1,1,0,0,pc=152 GEMM,,,,,,,,,,,,,,,,,,,,,,,,,0,28,196,14,0,1,1,3,1,1,0,,,,,,
layer_12,153,GEMM,COMPUTE,1,0,1,0,0,2,0,0,pc=153 GEMM,,,,,,,,,,,,,,,,,,,,,,,,,0,196,364,14,0,1,1,3,1,1,0,,,,,,
layer_12,154,LOAD INP,LOAD,0,1,0,0,0,1,0,0,pc=154 LOAD INP,,,,,,,,,0x0605024c,0x0000,MEMORY READ,,,,,,,14,14,14,1,1,1,1,,,,,,,,,,,,,,,,,
layer_12,155,LOAD WGT,LOAD,0,0,0,1,1,1,0,0,pc=155 LOAD WGT,,,,,,,,,0x0060749b,0x0000,MEMORY READ,,,,,,,4,9,144,0,0,0,0,,,,,,,,,,,,,,,,,
layer_12,156,LOAD INP,LOAD,0,1,0,0,1,0,0,0,pc=156 LOAD INP,,,,,,,,,0x0605024c,0x0100,MEMORY READ,,,,,,,14,14,14,1,1,1,1,,,,,,,,,,,,,,,,,
layer_12,157,LOAD WGT,LOAD,0,0,0,1,2,0,0,0,pc=157 LOAD WGT,,,,,,,,,0x006076db,0x0024,MEMORY READ,,,,,,,4,9,144,0,0,0,0,,,,,,,,,,,,,,,,,
layer_12,158,GEMM,COMPUTE,1,0,1,0,1,1,0,0,pc=158 GEMM,,,,,,,,,,,,,,,,,,,,,,,,,0,28,196,14,0,1,1,3,1,1,0,,,,,,
layer_12,159,GEMM,COMPUTE,1,0,1,0,0,2,0,0,pc=159 GEMM,,,,,,,,,,,,,,,,,,,,,,,,,0,196,364,14,0,1,1,3,1,1,0,,,,,,
layer_12,160,LOAD INP,LOAD,0,1,0,0,0,1,0,0,pc=160 LOAD INP,,,,,,,,,0x06050310,0x0000,MEMORY READ,,,,,,,14,14,14,1,1,1,1,,,,,,,,,,,,,,,,,
layer_12,161,LOAD WGT,LOAD,0,0,0,1,1,1,0,0,pc=161 LOAD WGT,,,,,,,,,0x006074a4,0x0000,MEMORY READ,,,,,,,4,9,144,0,0,0,0,,,,,,,,,,,,,,,,,
layer_12,162,LOAD INP,LOAD,0,1,0,0,1,0,0,0,pc=162 LOAD INP,,,,,,,,,0x06050310,0x0100,MEMORY READ,,,,,,,14,14,14,1,1,1,1,,,,,,,,,,,,,,,,,
layer_12,163,LOAD WGT,LOAD,0,0,0,1,2,0,0,0,pc=163 LOAD WGT,,,,,,,,,0x006076e4,0x0024,MEMORY READ,,,,,,,4,9,144,0,0,0,0,,,,,,,,,,,,,,,,,
layer_12,164,GEMM,COMPUTE,1,0,1,0,1,1,0,0,pc=164 GEMM,,,,,,,,,,,,,,,,,,,,,,,,,0,28,196,14,0,1,1,3,1,1,0,,,,,,
layer_12,165,GEMM,COMPUTE,1,0,1,0,0,2,0,0,pc=165 GEMM,,,,,,,,,,,,,,,,,,,,,,,,,0,196,364,14,0,1,1,3,1,1,0,,,,,,
layer_12,166,LOAD INP,LOAD,0,1,0,0,0,1,0,0,pc=166 LOAD INP,,,,,,,,,0x060503d4,0x0000,MEMORY READ,,,,,,,14,14,14,1,1,1,1,,,,,,,,,,,,,,,,,
layer_12,167,LOAD WGT,LOAD,0,0,0,1,1,1,0,0,pc=167 LOAD WGT,,,,,,,,,0x006074ad,0x0000,MEMORY READ,,,,,,,4,9,144,0,0,0,0,,,,,,,,,,,,,,,,,
layer_12,168,LOAD INP,LOAD,0,1,0,0,1,0,0,0,pc=168 LOAD INP,,,,,,,,,0x060503d4,0x0100,MEMORY READ,,,,,,,14,14,14,1,1,1,1,,,,,,,,,,,,,,,,,
layer_12,169,LOAD WGT,LOAD,0,0,0,1,2,0,0,0,pc=169 LOAD WGT,,,,,,,,,0x006076ed,0x0024,MEMORY READ,,,,,,,4,9,144,0,0,0,0,,,,,,,,,,,,,,,,,
layer_12,170,GEMM,COMPUTE,1,0,1,0,1,1,0,0,pc=170 GEMM,,,,,,,,,,,,,,,,,,,,,,,,,0,28,196,14,0,1,1,3,1,1,0,,,,,,
layer_12,171,GEMM,COMPUTE,1,0,1,0,0,2,0,0,pc=171 GEMM,,,,,,,,,,,,,,,,,,,,,,,,,0,196,364,14,0,1,1,3,1,1,0,,,,,,
layer_12,172,LOAD INP,LOAD,0,1,0,0,0,1,0,0,pc=172 LOAD INP,,,,,,,,,0x06050498,0x0000,MEMORY READ,,,,,,,14,14,14,1,1,1,1,,,,,,,,,,,,,,,,,
layer_12,173,LOAD WGT,LOAD,0,0,0,1,1,1,0,0,pc=173 LOAD WGT,,,,,,,,,0x006074b6,0x0000,MEMORY READ,,,,,,,4,9,144,0,0,0,0,,,,,,,,,,,,,,,,,
layer_12,174,LOAD INP,LOAD,0,1,0,0,1,0,0,0,pc=174 LOAD INP,,,,,,,,,0x06050498,0x0100,MEMORY READ,,,,,,,14,14,14,1,1,1,1,,,,,,,,,,,,,,,,,
layer_12,175,LOAD WGT,LOAD,0,0,0,1,2,0,0,0,pc=175 LOAD WGT,,,,,,,,,0x006076f6,0x0024,MEMORY READ,,,,,,,4,9,144,0,0,0,0,,,,,,,,,,,,,,,,,
layer_12,176,GEMM,COMPUTE,1,0,1,0,1,1,0,0,pc=176 GEMM,,,,,,,,,,,,,,,,,,,,,,,,,0,28,196,14,0,1,1,3,1,1,0,,,,,,
layer_12,177,GEMM,COMPUTE,1,0,1,0,0,2,0,0,pc=177 GEMM,,,,,,,,,,,,,,,,,,,,,,,,,0,196,364,14,0,1,1,3,1,1,0,,,,,,
layer_12,178,LOAD INP,LOAD,0,1,0,0,0,1,0,0,pc=178 LOAD INP,,,,,,,,,0x0605055c,0x0000,MEMORY READ,,,,,,,14,14,14,1,1,1,1,,,,,,,,,,,,,,,,,
layer_12,179,LOAD WGT,LOAD,0,0,0,1,1,1,0,0,pc=179 LOAD WGT,,,,,,,,,0x006074bf,0x0000,MEMORY READ,,,,,,,4,9,144,0,0,0,0,,,,,,,,,,,,,,,,,
layer_12,180,LOAD INP,LOAD,0,1,0,0,1,0,0,0,pc=180 LOAD INP,,,,,,,,,0x0605055c,0x0100,MEMORY READ,,,,,,,14,14,14,1,1,1,1,,,,,,,,,,,,,,,,,
layer_12,181,LOAD WGT,LOAD,0,0,0,1,2,0,0,0,pc=181 LOAD WGT,,,,,,,,,0x006076ff,0x0024,MEMORY READ,,,,,,,4,9,144,0,0,0,0,,,,,,,,,,,,,,,,,
layer_12,182,GEMM,COMPUTE,1,0,1,0,1,1,0,0,pc=182 GEMM,,,,,,,,,,,,,,,,,,,,,,,,,0,28,196,14,0,1,1,3,1,1,0,,,,,,
layer_12,183,GEMM,COMPUTE,1,0,1,0,0,2,0,0,pc=183 GEMM,,,,,,,,,,,,,,,,,,,,,,,,,0,196,364,14,0,1,1,3,1,1,0,,,,,,
layer_12,184,LOAD INP,LOAD,0,1,0,0,0,1,0,0,pc=184 LOAD INP,,,,,,,,,0x06050620,0x0000,MEMORY READ,,,,,,,14,14,14,1,1,1,1,,,,,,,,,,,,,,,,,
layer_12,185,LOAD WGT,LOAD,0,0,0,1,1,1,0,0,pc=185 LOAD WGT,,,,,,,,,0x006074c8,0x0000,MEMORY READ,,,,,,,4,9,144,0,0,0,0,,,,,,,,,,,,,,,,,
layer_12,186,LOAD INP,LOAD,0,1,0,0,1,0,0,0,pc=186 LOAD INP,,,,,,,,,0x06050620,0x0100,MEMORY READ,,,,,,,14,14,14,1,1,1,1,,,,,,,,,,,,,,,,,
layer_12,187,LOAD WGT,LOAD,0,0,0,1,2,0,0,0,pc=187 LOAD WGT,,,,,,,,,0x00607708,0x0024,MEMORY READ,,,,,,,4,9,144,0,0,0,0,,,,,,,,,,,,,,,,,
layer_12,188,GEMM,COMPUTE,1,0,1,0,1,1,0,0,pc=188 GEMM,,,,,,,,,,,,,,,,,,,,,,,,,0,28,196,14,0,1,1,3,1,1,0,,,,,,
layer_12,189,GEMM,COMPUTE,1,0,1,0,0,2,0,0,pc=189 GEMM,,,,,,,,,,,,,,,,,,,,,,,,,0,196,364,14,0,1,1,3,1,1,0,,,,,,
layer_12,190,LOAD INP,LOAD,0,1,0,0,0,1,0,0,pc=190 LOAD INP,,,,,,,,,0x060506e4,0x0000,MEMORY READ,,,,,,,14,14,14,1,1,1,1,,,,,,,,,,,,,,,,,
layer_12,191,LOAD WGT,LOAD,0,0,0,1,1,1,0,0,pc=191 LOAD WGT,,,,,,,,,0x006074d1,0x0000,MEMORY READ,,,,,,,4,9,144,0,0,0,0,,,,,,,,,,,,,,,,,
layer_12,192,LOAD INP,LOAD,0,1,0,0,1,0,0,0,pc=192 LOAD INP,,,,,,,,,0x060506e4,0x0100,MEMORY READ,,,,,,,14,14,14,1,1,1,1,,,,,,,,,,,,,,,,,
layer_12,193,LOAD WGT,LOAD,0,0,0,1,2,0,0,0,pc=193 LOAD WGT,,,,,,,,,0x00607711,0x0024,MEMORY READ,,,,,,,4,9,144,0,0,0,0,,,,,,,,,,,,,,,,,
layer_12,194,GEMM,COMPUTE,1,0,1,0,1,1,0,0,pc=194 GEMM,,,,,,,,,,,,,,,,,,,,,,,,,0,28,196,14,0,1,1,3,1,1,0,,,,,,
layer_12,195,GEMM,COMPUTE,1,0,1,0,0,2,0,0,pc=195 GEMM,,,,,,,,,,,,,,,,,,,,,,,,,0,196,364,14,0,1,1,3,1,1,0,,,,,,
layer_12,196,LOAD INP,LOAD,0,1,0,0,0,1,0,0,pc=196 LOAD INP,,,,,,,,,0x060507a8,0x0000,MEMORY READ,,,,,,,14,14,14,1,1,1,1,,,,,,,,,,,,,,,,,
layer_12,197,LOAD WGT,LOAD,0,0,0,1,1,1,0,0,pc=197 LOAD WGT,,,,,,,,,0x006074da,0x0000,MEMORY READ,,,,,,,4,9,144,0,0,0,0,,,,,,,,,,,,,,,,,
layer_12,198,LOAD INP,LOAD,0,1,0,0,1,0,0,0,pc=198 LOAD INP,,,,,,,,,0x060507a8,0x0100,MEMORY READ,,,,,,,14,14,14,1,1,1,1,,,,,,,,,,,,,,,,,
layer_12,199,LOAD WGT,LOAD,0,0,0,1,2,0,0,0,pc=199 LOAD WGT,,,,,,,,,0x0060771a,0x0024,MEMORY READ,,,,,,,4,9,144,0,0,0,0,,,,,,,,,,,,,,,,,
layer_12,200,GEMM,COMPUTE,1,0,1,0,1,1,0,0,pc=200 GEMM,,,,,,,,,,,,,,,,,,,,,,,,,0,28,196,14,0,1,1,3,1,1,0,,,,,,
layer_12,201,GEMM,COMPUTE,1,0,1,0,0,2,0,0,pc=201 GEMM,,,,,,,,,,,,,,,,,,,,,,,,,0,196,364,14,0,1,1,3,1,1,0,,,,,,
layer_12,202,LOAD INP,LOAD,0,1,0,0,0,1,0,0,pc=202 LOAD INP,,,,,,,,,0x0605086c,0x0000,MEMORY READ,,,,,,,14,14,14,1,1,1,1,,,,,,,,,,,,,,,,,
layer_12,203,LOAD WGT,LOAD,0,0,0,1,1,1,0,0,pc=203 LOAD WGT,,,,,,,,,0x006074e3,0x0000,MEMORY READ,,,,,,,4,9,144,0,0,0,0,,,,,,,,,,,,,,,,,
layer_12,204,LOAD INP,LOAD,0,1,0,0,1,0,0,0,pc=204 LOAD INP,,,,,,,,,0x0605086c,0x0100,MEMORY READ,,,,,,,14,14,14,1,1,1,1,,,,,,,,,,,,,,,,,
layer_12,205,LOAD WGT,LOAD,0,0,0,1,2,0,0,0,pc=205 LOAD WGT,,,,,,,,,0x00607723,0x0024,MEMORY READ,,,,,,,4,9,144,0,0,0,0,,,,,,,,,,,,,,,,,
layer_12,206,GEMM,COMPUTE,1,0,1,0,1,1,0,0,pc=206 GEMM,,,,,,,,,,,,,,,,,,,,,,,,,0,28,196,14,0,1,1,3,1,1,0,,,,,,
layer_12,207,GEMM,COMPUTE,1,0,1,0,0,2,0,0,pc=207 GEMM,,,,,,,,,,,,,,,,,,,,,,,,,0,196,364,14,0,1,1,3,1,1,0,,,,,,
layer_12,208,LOAD INP,LOAD,0,1,0,0,0,1,0,0,pc=208 LOAD INP,,,,,,,,,0x06050930,0x0000,MEMORY READ,,,,,,,14,14,14,1,1,1,1,,,,,,,,,,,,,,,,,
layer_12,209,LOAD WGT,LOAD,0,0,0,1,1,1,0,0,pc=209 LOAD WGT,,,,,,,,,0x006074ec,0x0000,MEMORY READ,,,,,,,4,9,144,0,0,0,0,,,,,,,,,,,,,,,,,
layer_12,210,LOAD INP,LOAD,0,1,0,0,1,0,0,0,pc=210 LOAD INP,,,,,,,,,0x06050930,0x0100,MEMORY READ,,,,,,,14,14,14,1,1,1,1,,,,,,,,,,,,,,,,,
layer_12,211,LOAD WGT,LOAD,0,0,0,1,2,0,0,0,pc=211 LOAD WGT,,,,,,,,,0x0060772c,0x0024,MEMORY READ,,,,,,,4,9,144,0,0,0,0,,,,,,,,,,,,,,,,,
layer_12,212,GEMM,COMPUTE,1,0,1,0,1,1,0,0,pc=212 GEMM,,,,,,,,,,,,,,,,,,,,,,,,,0,28,196,14,0,1,1,3,1,1,0,,,,,,
layer_12,213,GEMM,COMPUTE,1,0,1,0,0,2,0,0,pc=213 GEMM,,,,,,,,,,,,,,,,,,,,,,,,,0,196,364,14,0,1,1,3,1,1,0,,,,,,
layer_12,214,LOAD INP,LOAD,0,1,0,0,0,1,0,0,pc=214 LOAD INP,,,,,,,,,0x060509f4,0x0000,MEMORY READ,,,,,,,14,14,14,1,1,1,1,,,,,,,,,,,,,,,,,
layer_12,215,LOAD WGT,LOAD,0,0,0,1,1,1,0,0,pc=215 LOAD WGT,,,,,,,,,0x006074f5,0x0000,MEMORY READ,,,,,,,4,9,144,0,0,0,0,,,,,,,,,,,,,,,,,
layer_12,216,LOAD INP,LOAD,0,1,0,0,1,0,0,0,pc=216 LOAD INP,,,,,,,,,0x060509f4,0x0100,MEMORY READ,,,,,,,14,14,14,1,1,1,1,,,,,,,,,,,,,,,,,
layer_12,217,LOAD WGT,LOAD,0,0,0,1,2,0,0,0,pc=217 LOAD WGT,,,,,,,,,0x00607735,0x0024,MEMORY READ,,,,,,,4,9,144,0,0,0,0,,,,,,,,,,,,,,,,,
layer_12,218,GEMM,COMPUTE,1,0,1,0,1,1,0,0,pc=218 GEMM,,,,,,,,,,,,,,,,,,,,,,,,,0,28,196,14,0,1,1,3,1,1,0,,,,,,
layer_12,219,GEMM,COMPUTE,1,0,1,0,0,2,0,0,pc=219 GEMM,,,,,,,,,,,,,,,,,,,,,,,,,0,196,364,14,0,1,1,3,1,1,0,,,,,,
layer_12,220,LOAD INP,LOAD,0,1,0,0,0,1,0,0,pc=220 LOAD INP,,,,,,,,,0x06050ab8,0x0000,MEMORY READ,,,,,,,14,14,14,1,1,1,1,,,,,,,,,,,,,,,,,
layer_12,221,LOAD WGT,LOAD,0,0,0,1,1,1,0,0,pc=221 LOAD WGT,,,,,,,,,0x006074fe,0x0000,MEMORY READ,,,,,,,4,9,144,0,0,0,0,,,,,,,,,,,,,,,,,
layer_12,222,LOAD INP,LOAD,0,1,0,0,1,0,0,0,pc=222 LOAD INP,,,,,,,,,0x06050ab8,0x0100,MEMORY READ,,,,,,,14,14,14,1,1,1,1,,,,,,,,,,,,,,,,,
layer_12,223,LOAD WGT,LOAD,0,0,0,1,2,0,0,0,pc=223 LOAD WGT,,,,,,,,,0x0060773e,0x0024,MEMORY READ,,,,,,,4,9,144,0,0,0,0,,,,,,,,,,,,,,,,,
layer_12,224,GEMM,COMPUTE,1,0,1,0,1,1,0,0,pc=224 GEMM,,,,,,,,,,,,,,,,,,,,,,,,,0,28,196,14,0,1,1,3,1,1,0,,,,,,
layer_12,225,GEMM,COMPUTE,1,0,1,0,0,2,0,0,pc=225 GEMM,,,,,,,,,,,,,,,,,,,,,,,,,0,196,364,14,0,1,1,3,1,1,0,,,,,,
layer_12,226,LOAD INP,LOAD,0,1,0,0,0,1,0,0,pc=226 LOAD INP,,,,,,,,,0x06050b7c,0x0000,MEMORY READ,,,,,,,14,14,14,1,1,1,1,,,,,,,,,,,,,,,,,
layer_12,227,LOAD WGT,LOAD,0,0,0,1,1,1,0,0,pc=227 LOAD WGT,,,,,,,,,0x00607507,0x0000,MEMORY READ,,,,,,,4,9,144,0,0,0,0,,,,,,,,,,,,,,,,,
layer_12,228,LOAD INP,LOAD,0,1,0,0,1,0,0,0,pc=228 LOAD INP,,,,,,,,,0x06050b7c,0x0100,MEMORY READ,,,,,,,14,14,14,1,1,1,1,,,,,,,,,,,,,,,,,
layer_12,229,LOAD WGT,LOAD,0,0,0,1,2,0,0,0,pc=229 LOAD WGT,,,,,,,,,0x00607747,0x0024,MEMORY READ,,,,,,,4,9,144,0,0,0,0,,,,,,,,,,,,,,,,,
layer_12,230,GEMM,COMPUTE,1,0,1,0,1,1,0,0,pc=230 GEMM,,,,,,,,,,,,,,,,,,,,,,,,,0,28,196,14,0,1,1,3,1,1,0,,,,,,
layer_12,231,GEMM,COMPUTE,1,0,1,0,0,2,0,0,pc=231 GEMM,,,,,,,,,,,,,,,,,,,,,,,,,0,196,364,14,0,1,1,3,1,1,0,,,,,,
layer_12,232,NOP-MEMORY-STAGE,LOAD,0,1,0,0,0,1,0,0,pc=232 NOP-MEMORY-STAGE,,,,,,,,,,,,,,,,,,,,,,,,,,,,,,,,,,,,,,,,,
layer_12,233,LOAD ACC,COMPUTE,0,0,0,0,0,1,0,0,pc=233 LOAD ACC,,,,,,,,,0x008647c8,0x0310,MEMORY READ,,,,,,,1,4,4,0,0,0,0,,,,,,,,,,,,,,,,,
layer_12,234,ALU - add,COMPUTE,0,0,0,0,0,1,0,0,pc=234 ALU - add,,,,,,,,,,,,,,,,,,,,,,,,,0,364,365,,,,,,,,,4,196,1,196,1,0
layer_12,235,ALU - max imm,COMPUTE,0,0,0,0,0,1,0,0,pc=235 ALU - max imm,,,,,,,,,,,,,,,,,,,,,,,,,0,365,366,,,,,,,,,1,0,0,784,1,1
layer_12,236,ALU - add imm,COMPUTE,0,0,0,0,0,1,0,0,pc=236 ALU - add imm,,,,,,,,,,,,,,,,,,,,,,,,,0,366,367,,,,,,,,,1,0,0,784,1,1
layer_12,237,ALU - shr,COMPUTE,0,0,0,0,0,1,0,0,pc=237 ALU - shr,,,,,,,,,,,,,,,,,,,,,,,,,0,367,368,,,,,,,,,1,0,0,784,1,1
layer_12,238,ALU - min imm,COMPUTE,0,0,0,0,0,1,0,0,pc=238 ALU - min imm,,,,,,,,,,,,,,,,,,,,,,,,,0,368,369,,,,,,,,,1,0,0,784,1,1
layer_12,239,ALU - max imm,COMPUTE,0,0,0,1,0,1,0,1,pc=239 ALU - max imm,,,,,,,,,,,,,,,,,,,,,,,,,0,369,370,,,,,,,,,1,0,0,784,1,1
layer_12,240,LOAD ACC,COMPUTE,0,0,0,0,0,1,0,1,pc=240 LOAD ACC,,,,,,,,,0x008647cc,0x0624,MEMORY READ,,,,,,,1,4,4,0,0,0,0,,,,,,,,,,,,,,,,,
layer_12,241,ALU - add,COMPUTE,0,0,0,0,0,1,0,1,pc=241 ALU - add,,,,,,,,,,,,,,,,,,,,,,,,,0,370,371,,,,,,,,,4,196,1,196,1,0
layer_12,242,ALU - max imm,COMPUTE,0,0,0,0,0,1,0,1,pc=242 ALU - max imm,,,,,,,,,,,,,,,,,,,,,,,,,0,371,372,,,,,,,,,1,0,0,784,1,1
layer_12,243,ALU - add imm,COMPUTE,0,0,0,0,0,1,0,1,pc=243 ALU - add imm,,,,,,,,,,,,,,,,,,,,,,,,,0,372,373,,,,,,,,,1,0,0,784,1,1
layer_12,244,ALU - shr,COMPUTE,0,0,0,0,0,1,0,1,pc=244 ALU - shr,,,,,,,,,,,,,,,,,,,,,,,,,0,373,374,,,,,,,,,1,0,0,784,1,1
layer_12,245,ALU - min imm,COMPUTE,0,0,0,0,0,1,0,1,pc=245 ALU - min imm,,,,,,,,,,,,,,,,,,,,,,,,,0,374,375,,,,,,,,,1,0,0,784,1,1
layer_12,246,ALU - max imm,COMPUTE,0,0,0,1,0,1,0,2,pc=246 ALU - max imm,,,,,,,,,,,,,,,,,,,,,,,,,0,375,376,,,,,,,,,1,0,0,784,1,1
layer_12,247,STORE,STORE,1,0,1,0,0,1,1,1,pc=247 STORE,,,,,,,,,0x05fea620,0x0000,MEMORY WRITE,,,,,,,1,784,784,0,0,0,0,,,,,,,,,,,,,,,,,
layer_12,248,STORE,STORE,1,0,1,0,0,1,2,0,pc=248 STORE,,,,,,,,,0x05fea930,0x0314,MEMORY WRITE,,,,,,,1,784,784,0,0,0,0,,,,,,,,,,,,,,,,,
layer_12,249,NOP-COMPUTE-STAGE,COMPUTE,0,1,0,0,0,1,1,0,pc=249 NOP-COMPUTE-STAGE,,,,,,,,,,,,,,,,,,,,,,,,,,,,,,,,,,,,,,,,,
layer_12,250,NOP-STORE-STAGE,STORE,0,0,1,0,0,1,2,0,pc=250 NOP-STORE-STAGE,,,,,,,,,,,,,,,,,,,,,,,,,,,,,,,,,,,,,,,,,
layer_12,251,NOP-MEMORY-STAGE,LOAD,0,1,0,0,0,0,2,0,pc=251 NOP-MEMORY-STAGE,,,,,,,,,,,,,,,,,,,,,,,,,,,,,,,,,,,,,,,,,
layer_12,252,NOP-MEMORY-STAGE,LOAD,0,0,0,1,1,0,2,0,pc=252 NOP-MEMORY-STAGE,,,,,,,,,,,,,,,,,,,,,,,,,,,,,,,,,,,,,,,,,
layer_12,253,NOP-COMPUTE-STAGE,COMPUTE,0,1,0,0,1,0,1,0,pc=253 NOP-COMPUTE-STAGE,,,,,,,,,,,,,,,,,,,,,,,,,,,,,,,,,,,,,,,,,
layer_12,254,NOP-COMPUTE-STAGE,COMPUTE,1,1,0,0,0,0,0,0,pc=254 NOP-COMPUTE-STAGE,,,,,,,,,,,,,,,,,,,,,,,,,,,,,,,,,,,,,,,,,
layer_12,255,FINISH,COMPUTE,,,,,0,0,0,0,pc=255 FINISH,,,,,,,,,,,,,,,,,,,,,,,,,,,,,,,,,,,,,,,,,
layer_13,0,NOP-STORE-STAGE,STORE,0,0,1,0,0,0,1,0,pc=0 NOP-STORE-STAGE,,,,,,,,,,,,,,,,,,,,,,,,,,,,,,,,,,,,,,,,,
layer_13,1,NOP-STORE-STAGE,STORE,0,0,1,0,0,0,2,0,pc=1 NOP-STORE-STAGE,,,,,,,,,,,,,,,,,,,,,,,,,,,,,,,,,,,,,,,,,
layer_13,2,LOAD UOP,COMPUTE,0,1,0,0,0,0,1,0,pc=2 LOAD UOP,,,,,,,,,0x18580000,0x0000,MEMORY READ,,,,,,,1,14,14,0,0,0,0,,,,,,,,,,,,,,,,,
layer_13,3,GEMM,COMPUTE,0,0,1,0,0,1,1,0,pc=3 GEMM,,,,,,,,,,,,,,,,,,,,,,,,,1,0,14,14,0,0,1,4,0,0,196,,,,,,
layer_13,4,LOAD UOP,COMPUTE,0,1,0,0,0,1,0,0,pc=4 LOAD UOP,,,,,,,,,0x1858000e,0x000e,MEMORY READ,,,,,,,1,14,14,0,0,0,0,,,,,,,,,,,,,,,,,
layer_13,5,GEMM,COMPUTE,0,0,1,0,0,2,0,0,pc=5 GEMM,,,,,,,,,,,,,,,,,,,,,,,,,1,14,28,14,0,0,1,4,0,0,196,,,,,,
layer_13,6,LOAD INP,LOAD,0,1,0,0,0,1,0,0,pc=6 LOAD INP,,,,,,,,,0x05fea000,0x0000,MEMORY READ,,,,,,,14,14,14,1,1,1,1,,,,,,,,,,,,,,,,,
layer_13,7,LOAD WGT,LOAD,0,0,0,1,1,1,0,0,pc=7 LOAD WGT,,,,,,,,,0x00608000,0x0000,MEMORY READ,,,,,,,4,9,144,0,0,0,0,,,,,,,,,,,,,,,,,
layer_13,8,LOAD INP,LOAD,0,1,0,0,1,0,0,0,pc=8 LOAD INP,,,,,,,,,0x05fea000,0x0100,MEMORY READ,,,,,,,14,14,14,1,1,1,1,,,,,,,,,,,,,,,,,
layer_13,9,LOAD WGT,LOAD,0,0,0,1,2,0,0,0,pc=9 LOAD WGT,,,,,,,,,0x00608240,0x0024,MEMORY READ,,,,,,,4,9,144,0,0,0,0,,,,,,,,,,,,,,,,,
layer_13,10,LOAD UOP,COMPUTE,1,0,0,0,1,0,0,0,pc=10 LOAD UOP,,,,,,,,,0x1858001c,0x001c,MEMORY READ,,,,,,,1,168,168,0,0,0,0,,,,,,,,,,,,,,,,,
layer_13,11,GEMM,COMPUTE,0,0,1,0,1,1,0,0,pc=11 GEMM,,,,,,,,,,,,,,,,,,,,,,,,,0,28,196,14,0,1,1,3,1,1,0,,,,,,
layer_13,12,LOAD UOP,COMPUTE,1,0,0,0,0,1,0,0,pc=12 LOAD UOP,,,,,,,,,0x185800c4,0x00c4,MEMORY READ,,,,,,,1,168,168,0,0,0,0,,,,,,,,,,,,,,,,,
layer_13,13,GEMM,COMPUTE,0,0,1,0,0,2,0,0,pc=13 GEMM,,,,,,,,,,,,,,,,,,,,,,,,,0,196,364,14,0,1,1,3,1,1,0,,,,,,
layer_13,14,LOAD INP,LOAD,0,1,0,0,0,1,0,0,pc=14 LOAD INP,,,,,,,,,0x05fea0c4,0x0000,MEMORY READ,,,,,,,14,14,14,1,1,1,1,,,,,,,,,,,,,,,,,
layer_13,15,LOAD WGT,LOAD,0,0,0,1,1,1,0,0,pc=15 LOAD WGT,,,,,,,,,0x00608009,0x0000,MEMORY READ,,,,,,,4,9,144,0,0,0,0,,,,,,,,,,,,,,,,,
layer_13,16,LOAD INP,LOAD,0,1,0,0,1,0,0,0,pc=16 LOAD INP,,,,,,,,,0x05fea0c4,0x0100,MEMORY READ,,,,,,,14,14,14,1,1,1,1,,,,,,,,,,,,,,,,,
layer_13,17,LOAD WGT,LOAD,0,0,0,1,2,0,0,0,pc=17 LOAD WGT,,,,,,,,,0x00608249,0x0024,MEMORY READ,,,,,,,4,9,144,0,0,0,0,,,,,,,,,,,,,,,,,
layer_13,18,GEMM,COMPUTE,1,0,1,0,1,1,0,0,pc=18 GEMM,,,,,,,,,,,,,,,,,,,,,,,,,0,28,196,14,0,1,1,3,1,1,0,,,,,,
layer_13,19,GEMM,COMPUTE,1,0,1,0,0,2,0,0,pc=19 GEMM,,,,,,,,,,,,,,,,,,,,,,,,,0,196,364,14,0,1,1,3,1,1,0,,,,,,
layer_13,20,LOAD INP,LOAD,0,1,0,0,0,1,0,0,pc=20 LOAD INP,,,,,,,,,0x05fea188,0x0000,MEMORY READ,,,,,,,14,14,14,1,1,1,1,,,,,,,,,,,,,,,,,
layer_13,21,LOAD WGT,LOAD,0,0,0,1,1,1,0,0,pc=21 LOAD WGT,,,,,,,,,0x00608012,0x0000,MEMORY READ,,,,,,,4,9,144,0,0,0,0,,,,,,,,,,,,,,,,,
layer_13,22,LOAD INP,LOAD,0,1,0,0,1,0,0,0,pc=22 LOAD INP,,,,,,,,,0x05fea188,0x0100,MEMORY READ,,,,,,,14,14,14,1,1,1,1,,,,,,,,,,,,,,,,,
layer_13,23,LOAD WGT,LOAD,0,0,0,1,2,0,0,0,pc=23 LOAD WGT,,,,,,,,,0x00608252,0x0024,MEMORY READ,,,,,,,4,9,144,0,0,0,0,,,,,,,,,,,,,,,,,
layer_13,24,GEMM,COMPUTE,1,0,1,0,1,1,0,0,pc=24 GEMM,,,,,,,,,,,,,,,,,,,,,,,,,0,28,196,14,0,1,1,3,1,1,0,,,,,,
layer_13,25,GEMM,COMPUTE,1,0,1,0,0,2,0,0,pc=25 GEMM,,,,,,,,,,,,,,,,,,,,,,,,,0,196,364,14,0,1,1,3,1,1,0,,,,,,
layer_13,26,LOAD INP,LOAD,0,1,0,0,0,1,0,0,pc=26 LOAD INP,,,,,,,,,0x05fea24c,0x0000,MEMORY READ,,,,,,,14,14,14,1,1,1,1,,,,,,,,,,,,,,,,,
layer_13,27,LOAD WGT,LOAD,0,0,0,1,1,1,0,0,pc=27 LOAD WGT,,,,,,,,,0x0060801b,0x0000,MEMORY READ,,,,,,,4,9,144,0,0,0,0,,,,,,,,,,,,,,,,,
layer_13,28,LOAD INP,LOAD,0,1,0,0,1,0,0,0,pc=28 LOAD INP,,,,,,,,,0x05fea24c,0x0100,MEMORY READ,,,,,,,14,14,14,1,1,1,1,,,,,,,,,,,,,,,,,
layer_13,29,LOAD WGT,LOAD,0,0,0,1,2,0,0,0,pc=29 LOAD WGT,,,,,,,,,0x0060825b,0x0024,MEMORY READ,,,,,,,4,9,144,0,0,0,0,,,,,,,,,,,,,,,,,
layer_13,30,GEMM,COMPUTE,1,0,1,0,1,1,0,0,pc=30 GEMM,,,,,,,,,,,,,,,,,,,,,,,,,0,28,196,14,0,1,1,3,1,1,0,,,,,,
layer_13,31,GEMM,COMPUTE,1,0,1,0,0,2,0,0,pc=31 GEMM,,,,,,,,,,,,,,,,,,,,,,,,,0,196,364,14,0,1,1,3,1,1,0,,,,,,
layer_13,32,LOAD INP,LOAD,0,1,0,0,0,1,0,0,pc=32 LOAD INP,,,,,,,,,0x05fea310,0x0000,MEMORY READ,,,,,,,14,14,14,1,1,1,1,,,,,,,,,,,,,,,,,
layer_13,33,LOAD WGT,LOAD,0,0,0,1,1,1,0,0,pc=33 LOAD WGT,,,,,,,,,0x00608024,0x0000,MEMORY READ,,,,,,,4,9,144,0,0,0,0,,,,,,,,,,,,,,,,,
layer_13,34,LOAD INP,LOAD,0,1,0,0,1,0,0,0,pc=34 LOAD INP,,,,,,,,,0x05fea310,0x0100,MEMORY READ,,,,,,,14,14,14,1,1,1,1,,,,,,,,,,,,,,,,,
layer_13,35,LOAD WGT,LOAD,0,0,0,1,2,0,0,0,pc=35 LOAD WGT,,,,,,,,,0x00608264,0x0024,MEMORY READ,,,,,,,4,9,144,0,0,0,0,,,,,,,,,,,,,,,,,
layer_13,36,GEMM,COMPUTE,1,0,1,0,1,1,0,0,pc=36 GEMM,,,,,,,,,,,,,,,,,,,,,,,,,0,28,196,14,0,1,1,3,1,1,0,,,,,,
layer_13,37,GEMM,COMPUTE,1,0,1,0,0,2,0,0,pc=37 GEMM,,,,,,,,,,,,,,,,,,,,,,,,,0,196,364,14,0,1,1,3,1,1,0,,,,,,
layer_13,38,LOAD INP,LOAD,0,1,0,0,0,1,0,0,pc=38 LOAD INP,,,,,,,,,0x05fea3d4,0x0000,MEMORY READ,,,,,,,14,14,14,1,1,1,1,,,,,,,,,,,,,,,,,
layer_13,39,LOAD WGT,LOAD,0,0,0,1,1,1,0,0,pc=39 LOAD WGT,,,,,,,,,0x0060802d,0x0000,MEMORY READ,,,,,,,4,9,144,0,0,0,0,,,,,,,,,,,,,,,,,
layer_13,40,LOAD INP,LOAD,0,1,0,0,1,0,0,0,pc=40 LOAD INP,,,,,,,,,0x05fea3d4,0x0100,MEMORY READ,,,,,,,14,14,14,1,1,1,1,,,,,,,,,,,,,,,,,
layer_13,41,LOAD WGT,LOAD,0,0,0,1,2,0,0,0,pc=41 LOAD WGT,,,,,,,,,0x0060826d,0x0024,MEMORY READ,,,,,,,4,9,144,0,0,0,0,,,,,,,,,,,,,,,,,
layer_13,42,GEMM,COMPUTE,1,0,1,0,1,1,0,0,pc=42 GEMM,,,,,,,,,,,,,,,,,,,,,,,,,0,28,196,14,0,1,1,3,1,1,0,,,,,,
layer_13,43,GEMM,COMPUTE,1,0,1,0,0,2,0,0,pc=43 GEMM,,,,,,,,,,,,,,,,,,,,,,,,,0,196,364,14,0,1,1,3,1,1,0,,,,,,
layer_13,44,LOAD INP,LOAD,0,1,0,0,0,1,0,0,pc=44 LOAD INP,,,,,,,,,0x05fea498,0x0000,MEMORY READ,,,,,,,14,14,14,1,1,1,1,,,,,,,,,,,,,,,,,
layer_13,45,LOAD WGT,LOAD,0,0,0,1,1,1,0,0,pc=45 LOAD WGT,,,,,,,,,0x00608036,0x0000,MEMORY READ,,,,,,,4,9,144,0,0,0,0,,,,,,,,,,,,,,,,,
layer_13,46,LOAD INP,LOAD,0,1,0,0,1,0,0,0,pc=46 LOAD INP,,,,,,,,,0x05fea498,0x0100,MEMORY READ,,,,,,,14,14,14,1,1,1,1,,,,,,,,,,,,,,,,,
layer_13,47,LOAD WGT,LOAD,0,0,0,1,2,0,0,0,pc=47 LOAD WGT,,,,,,,,,0x00608276,0x0024,MEMORY READ,,,,,,,4,9,144,0,0,0,0,,,,,,,,,,,,,,,,,
layer_13,48,GEMM,COMPUTE,1,0,1,0,1,1,0,0,pc=48 GEMM,,,,,,,,,,,,,,,,,,,,,,,,,0,28,196,14,0,1,1,3,1,1,0,,,,,,
layer_13,49,GEMM,COMPUTE,1,0,1,0,0,2,0,0,pc=49 GEMM,,,,,,,,,,,,,,,,,,,,,,,,,0,196,364,14,0,1,1,3,1,1,0,,,,,,
layer_13,50,LOAD INP,LOAD,0,1,0,0,0,1,0,0,pc=50 LOAD INP,,,,,,,,,0x05fea55c,0x0000,MEMORY READ,,,,,,,14,14,14,1,1,1,1,,,,,,,,,,,,,,,,,
layer_13,51,LOAD WGT,LOAD,0,0,0,1,1,1,0,0,pc=51 LOAD WGT,,,,,,,,,0x0060803f,0x0000,MEMORY READ,,,,,,,4,9,144,0,0,0,0,,,,,,,,,,,,,,,,,
layer_13,52,LOAD INP,LOAD,0,1,0,0,1,0,0,0,pc=52 LOAD INP,,,,,,,,,0x05fea55c,0x0100,MEMORY READ,,,,,,,14,14,14,1,1,1,1,,,,,,,,,,,,,,,,,
layer_13,53,LOAD WGT,LOAD,0,0,0,1,2,0,0,0,pc=53 LOAD WGT,,,,,,,,,0x0060827f,0x0024,MEMORY READ,,,,,,,4,9,144,0,0,0,0,,,,,,,,,,,,,,,,,
layer_13,54,GEMM,COMPUTE,1,0,1,0,1,1,0,0,pc=54 GEMM,,,,,,,,,,,,,,,,,,,,,,,,,0,28,196,14,0,1,1,3,1,1,0,,,,,,
layer_13,55,GEMM,COMPUTE,1,0,1,0,0,2,0,0,pc=55 GEMM,,,,,,,,,,,,,,,,,,,,,,,,,0,196,364,14,0,1,1,3,1,1,0,,,,,,
layer_13,56,LOAD INP,LOAD,0,1,0,0,0,1,0,0,pc=56 LOAD INP,,,,,,,,,0x05fea620,0x0000,MEMORY READ,,,,,,,14,14,14,1,1,1,1,,,,,,,,,,,,,,,,,
layer_13,57,LOAD WGT,LOAD,0,0,0,1,1,1,0,0,pc=57 LOAD WGT,,,,,,,,,0x00608048,0x0000,MEMORY READ,,,,,,,4,9,144,0,0,0,0,,,,,,,,,,,,,,,,,
layer_13,58,LOAD INP,LOAD,0,1,0,0,1,0,0,0,pc=58 LOAD INP,,,,,,,,,0x05fea620,0x0100,MEMORY READ,,,,,,,14,14,14,1,1,1,1,,,,,,,,,,,,,,,,,
layer_13,59,LOAD WGT,LOAD,0,0,0,1,2,0,0,0,pc=59 LOAD WGT,,,,,,,,,0x00608288,0x0024,MEMORY READ,,,,,,,4,9,144,0,0,0,0,,,,,,,,,,,,,,,,,
layer_13,60,GEMM,COMPUTE,1,0,1,0,1,1,0,0,pc=60 GEMM,,,,,,,,,,,,,,,,,,,,,,,,,0,28,196,14,0,1,1,3,1,1,0,,,,,,
layer_13,61,GEMM,COMPUTE,1,0,1,0,0,2,0,0,pc=61 GEMM,,,,,,,,,,,,,,,,,,,,,,,,,0,196,364,14,0,1,1,3,1,1,0,,,,,,
layer_13,62,LOAD INP,LOAD,0,1,0,0,0,1,0,0,pc=62 LOAD INP,,,,,,,,,0x05fea6e4,0x0000,MEMORY READ,,,,,,,14,14,14,1,1,1,1,,,,,,,,,,,,,,,,,
layer_13,63,LOAD WGT,LOAD,0,0,0,1,1,1,0,0,pc=63 LOAD WGT,,,,,,,,,0x00608051,0x0000,MEMORY READ,,,,,,,4,9,144,0,0,0,0,,,,,,,,,,,,,,,,,
layer_13,64,LOAD INP,LOAD,0,1,0,0,1,0,0,0,pc=64 LOAD INP,,,,,,,,,0x05fea6e4,0x0100,MEMORY READ,,,,,,,14,14,14,1,1,1,1,,,,,,,,,,,,,,,,,
layer_13,65,LOAD WGT,LOAD,0,0,0,1,2,0,0,0,pc=65 LOAD WGT,,,,,,,,,0x00608291,0x0024,MEMORY READ,,,,,,,4,9,144,0,0,0,0,,,,,,,,,,,,,,,,,
layer_13,66,GEMM,COMPUTE,1,0,1,0,1,1,0,0,pc=66 GEMM,,,,,,,,,,,,,,,,,,,,,,,,,0,28,196,14,0,1,1,3,1,1,0,,,,,,
layer_13,67,GEMM,COMPUTE,1,0,1,0,0,2,0,0,pc=67 GEMM,,,,,,,,,,,,,,,,,,,,,,,,,0,196,364,14,0,1,1,3,1,1,0,,,,,,
layer_13,68,LOAD INP,LOAD,0,1,0,0,0,1,0,0,pc=68 LOAD INP,,,,,,,,,0x05fea7a8,0x0000,MEMORY READ,,,,,,,14,14,14,1,1,1,1,,,,,,,,,,,,,,,,,
layer_13,69,LOAD WGT,LOAD,0,0,0,1,1,1,0,0,pc=69 LOAD WGT,,,,,,,,,0x0060805a,0x0000,MEMORY READ,,,,,,,4,9,144,0,0,0,0,,,,,,,,,,,,,,,,,
layer_13,70,LOAD INP,LOAD,0,1,0,0,1,0,0,0,pc=70 LOAD INP,,,,,,,,,0x05fea7a8,0x0100,MEMORY READ,,,,,,,14,14,14,1,1,1,1,,,,,,,,,,,,,,,,,
layer_13,71,LOAD WGT,LOAD,0,0,0,1,2,0,0,0,pc=71 LOAD WGT,,,,,,,,,0x0060829a,0x0024,MEMORY READ,,,,,,,4,9,144,0,0,0,0,,,,,,,,,,,,,,,,,
layer_13,72,GEMM,COMPUTE,1,0,1,0,1,1,0,0,pc=72 GEMM,,,,,,,,,,,,,,,,,,,,,,,,,0,28,196,14,0,1,1,3,1,1,0,,,,,,
layer_13,73,GEMM,COMPUTE,1,0,1,0,0,2,0,0,pc=73 GEMM,,,,,,,,,,,,,,,,,,,,,,,,,0,196,364,14,0,1,1,3,1,1,0,,,,,,
layer_13,74,LOAD INP,LOAD,0,1,0,0,0,1,0,0,pc=74 LOAD INP,,,,,,,,,0x05fea86c,0x0000,MEMORY READ,,,,,,,14,14,14,1,1,1,1,,,,,,,,,,,,,,,,,
layer_13,75,LOAD WGT,LOAD,0,0,0,1,1,1,0,0,pc=75 LOAD WGT,,,,,,,,,0x00608063,0x0000,MEMORY READ,,,,,,,4,9,144,0,0,0,0,,,,,,,,,,,,,,,,,
layer_13,76,LOAD INP,LOAD,0,1,0,0,1,0,0,0,pc=76 LOAD INP,,,,,,,,,0x05fea86c,0x0100,MEMORY READ,,,,,,,14,14,14,1,1,1,1,,,,,,,,,,,,,,,,,
layer_13,77,LOAD WGT,LOAD,0,0,0,1,2,0,0,0,pc=77 LOAD WGT,,,,,,,,,0x006082a3,0x0024,MEMORY READ,,,,,,,4,9,144,0,0,0,0,,,,,,,,,,,,,,,,,
layer_13,78,GEMM,COMPUTE,1,0,1,0,1,1,0,0,pc=78 GEMM,,,,,,,,,,,,,,,,,,,,,,,,,0,28,196,14,0,1,1,3,1,1,0,,,,,,
layer_13,79,GEMM,COMPUTE,1,0,1,0,0,2,0,0,pc=79 GEMM,,,,,,,,,,,,,,,,,,,,,,,,,0,196,364,14,0,1,1,3,1,1,0,,,,,,
layer_13,80,LOAD INP,LOAD,0,1,0,0,0,1,0,0,pc=80 LOAD INP,,,,,,,,,0x05fea930,0x0000,MEMORY READ,,,,,,,14,14,14,1,1,1,1,,,,,,,,,,,,,,,,,
layer_13,81,LOAD WGT,LOAD,0,0,0,1,1,1,0,0,pc=81 LOAD WGT,,,,,,,,,0x0060806c,0x0000,MEMORY READ,,,,,,,4,9,144,0,0,0,0,,,,,,,,,,,,,,,,,
layer_13,82,LOAD INP,LOAD,0,1,0,0,1,0,0,0,pc=82 LOAD INP,,,,,,,,,0x05fea930,0x0100,MEMORY READ,,,,,,,14,14,14,1,1,1,1,,,,,,,,,,,,,,,,,
layer_13,83,LOAD WGT,LOAD,0,0,0,1,2,0,0,0,pc=83 LOAD WGT,,,,,,,,,0x006082ac,0x0024,MEMORY READ,,,,,,,4,9,144,0,0,0,0,,,,,,,,,,,,,,,,,
layer_13,84,GEMM,COMPUTE,1,0,1,0,1,1,0,0,pc=84 GEMM,,,,,,,,,,,,,,,,,,,,,,,,,0,28,196,14,0,1,1,3,1,1,0,,,,,,
layer_13,85,GEMM,COMPUTE,1,0,1,0,0,2,0,0,pc=85 GEMM,,,,,,,,,,,,,,,,,,,,,,,,,0,196,364,14,0,1,1,3,1,1,0,,,,,,
layer_13,86,LOAD INP,LOAD,0,1,0,0,0,1,0,0,pc=86 LOAD INP,,,,,,,,,0x05fea9f4,0x0000,MEMORY READ,,,,,,,14,14,14,1,1,1,1,,,,,,,,,,,,,,,,,
layer_13,87,LOAD WGT,LOAD,0,0,0,1,1,1,0,0,pc=87 LOAD WGT,,,,,,,,,0x00608075,0x0000,MEMORY READ,,,,,,,4,9,144,0,0,0,0,,,,,,,,,,,,,,,,,
layer_13,88,LOAD INP,LOAD,0,1,0,0,1,0,0,0,pc=88 LOAD INP,,,,,,,,,0x05fea9f4,0x0100,MEMORY READ,,,,,,,14,14,14,1,1,1,1,,,,,,,,,,,,,,,,,
layer_13,89,LOAD WGT,LOAD,0,0,0,1,2,0,0,0,pc=89 LOAD WGT,,,,,,,,,0x006082b5,0x0024,MEMORY READ,,,,,,,4,9,144,0,0,0,0,,,,,,,,,,,,,,,,,
layer_13,90,GEMM,COMPUTE,1,0,1,0,1,1,0,0,pc=90 GEMM,,,,,,,,,,,,,,,,,,,,,,,,,0,28,196,14,0,1,1,3,1,1,0,,,,,,
layer_13,91,GEMM,COMPUTE,1,0,1,0,0,2,0,0,pc=91 GEMM,,,,,,,,,,,,,,,,,,,,,,,,,0,196,364,14,0,1,1,3,1,1,0,,,,,,
layer_13,92,LOAD INP,LOAD,0,1,0,0,0,1,0,0,pc=92 LOAD INP,,,,,,,,,0x05feaab8,0x0000,MEMORY READ,,,,,,,14,14,14,1,1,1,1,,,,,,,,,,,,,,,,,
layer_13,93,LOAD WGT,LOAD,0,0,0,1,1,1,0,0,pc=93 LOAD WGT,,,,,,,,,0x0060807e,0x0000,MEMORY READ,,,,,,,4,9,144,0,0,0,0,,,,,,,,,,,,,,,,,
layer_13,94,LOAD INP,LOAD,0,1,0,0,1,0,0,0,pc=94 LOAD INP,,,,,,,,,0x05feaab8,0x0100,MEMORY READ,,,,,,,14,14,14,1,1,1,1,,,,,,,,,,,,,,,,,
layer_13,95,LOAD WGT,LOAD,0,0,0,1,2,0,0,0,pc=95 LOAD WGT,,,,,,,,,0x006082be,0x0024,MEMORY READ,,,,,,,4,9,144,0,0,0,0,,,,,,,,,,,,,,,,,
layer_13,96,GEMM,COMPUTE,1,0,1,0,1,1,0,0,pc=96 GEMM,,,,,,,,,,,,,,,,,,,,,,,,,0,28,196,14,0,1,1,3,1,1,0,,,,,,
layer_13,97,GEMM,COMPUTE,1,0,1,0,0,2,0,0,pc=97 GEMM,,,,,,,,,,,,,,,,,,,,,,,,,0,196,364,14,0,1,1,3,1,1,0,,,,,,
layer_13,98,LOAD INP,LOAD,0,1,0,0,0,1,0,0,pc=98 LOAD INP,,,,,,,,,0x05feab7c,0x0000,MEMORY READ,,,,,,,14,14,14,1,1,1,1,,,,,,,,,,,,,,,,,
layer_13,99,LOAD WGT,LOAD,0,0,0,1,1,1,0,0,pc=99 LOAD WGT,,,,,,,,,0x00608087,0x0000,MEMORY READ,,,,,,,4,9,144,0,0,0,0,,,,,,,,,,,,,,,,,
layer_13,100,LOAD INP,LOAD,0,1,0,0,1,0,0,0,pc=100 LOAD INP,,,,,,,,,0x05feab7c,0x0100,MEMORY READ,,,,,,,14,14,14,1,1,1,1,,,,,,,,,,,,,,,,,
layer_13,101,LOAD WGT,LOAD,0,0,0,1,2,0,0,0,pc=101 LOAD WGT,,,,,,,,,0x006082c7,0x0024,MEMORY READ,,,,,,,4,9,144,0,0,0,0,,,,,,,,,,,,,,,,,
layer_13,102,GEMM,COMPUTE,1,0,1,0,1,1,0,0,pc=102 GEMM,,,,,,,,,,,,,,,,,,,,,,,,,0,28,196,14,0,1,1,3,1,1,0,,,,,,
layer_13,103,GEMM,COMPUTE,1,0,1,0,0,2,0,0,pc=103 GEMM,,,,,,,,,,,,,,,,,,,,,,,,,0,196,364,14,0,1,1,3,1,1,0,,,,,,
layer_13,104,NOP-MEMORY-STAGE,LOAD,0,1,0,0,0,1,0,0,pc=104 NOP-MEMORY-STAGE,,,,,,,,,,,,,,,,,,,,,,,,,,,,,,,,,,,,,,,,,
layer_13,105,LOAD ACC,COMPUTE,0,0,0,0,0,1,0,0,pc=105 LOAD ACC,,,,,,,,,0x00867000,0x0310,MEMORY READ,,,,,,,1,4,4,0,0,0,0,,,,,,,,,,,,,,,,,
layer_13,106,LOAD UOP,COMPUTE,0,0,0,0,0,1,0,0,pc=106 LOAD UOP,,,,,,,,,0x1858016c,0x016c,MEMORY READ,,,,,,,1,1,1,0,0,0,0,,,,,,,,,,,,,,,,,
layer_13,107,ALU - add,COMPUTE,0,0,0,0,0,1,0,0,pc=107 ALU - add,,,,,,,,,,,,,,,,,,,,,,,,,0,364,365,,,,,,,,,4,196,1,196,1,0
layer_13,108,LOAD UOP,COMPUTE,0,0,0,0,0,1,0,0,pc=108 LOAD UOP,,,,,,,,,0x1858016d,0x016d,MEMORY READ,,,,,,,1,1,1,0,0,0,0,,,,,,,,,,,,,,,,,
layer_13,109,ALU - add imm,COMPUTE,0,0,0,0,0,1,0,0,pc=109 ALU - add imm,,,,,,,,,,,,,,,,,,,,,,,,,0,365,366,,,,,,,,,1,0,0,784,1,1
layer_13,110,LOAD UOP,COMPUTE,0,0,0,0,0,1,0,0,pc=110 LOAD UOP,,,,,,,,,0x1858016e,0x016e,MEMORY READ,,,,,,,1,1,1,0,0,0,0,,,,,,,,,,,,,,,,,
layer_13,111,ALU - shr,COMPUTE,0,0,0,0,0,1,0,0,pc=111 ALU - shr,,,,,,,,,,,,,,,,,,,,,,,,,0,366,367,,,,,,,,,1,0,0,784,1,1
layer_13,112,LOAD UOP,COMPUTE,0,0,0,0,0,1,0,0,pc=112 LOAD UOP,,,,,,,,,0x1858016f,0x016f,MEMORY READ,,,,,,,1,1,1,0,0,0,0,,,,,,,,,,,,,,,,,
layer_13,113,ALU - min imm,COMPUTE,0,0,0,0,0,1,0,0,pc=113 ALU - min imm,,,,,,,,,,,,,,,,,,,,,,,,,0,367,368,,,,,,,,,1,0,0,784,1,1
layer_13,114,LOAD UOP,COMPUTE,0,0,0,0,0,1,0,0,pc=114 LOAD UOP,,,,,,,,,0x18580170,0x0170,MEMORY READ,,,,,,,1,1,1,0,0,0,0,,,,,,,,,,,,,,,,,
layer_13,115,ALU - max imm,COMPUTE,0,0,0,1,0,1,0,1,pc=115 ALU - max imm,,,,,,,,,,,,,,,,,,,,,,,,,0,368,369,,,,,,,,,1,0,0,784,1,1
layer_13,116,LOAD ACC,COMPUTE,0,0,0,0,0,1,0,1,pc=116 LOAD ACC,,,,,,,,,0x00867004,0x0624,MEMORY READ,,,,,,,1,4,4,0,0,0,0,,,,,,,,,,,,,,,,,
layer_13,117,LOAD UOP,COMPUTE,0,0,0,0,0,1,0,1,pc=117 LOAD UOP,,,,,,,,,0x18580171,0x0171,MEMORY READ,,,,,,,1,1,1,0,0,0,0,,,,,,,,,,,,,,,,,
layer_13,118,ALU - add,COMPUTE,0,0,0,0,0,1,0,1,pc=118 ALU - add,,,,,,,,,,,,,,,,,,,,,,,,,0,369,370,,,,,,,,,4,196,1,196,1,0
layer_13,119,LOAD UOP,COMPUTE,0,0,0,0,0,1,0,1,pc=119 LOAD UOP,,,,,,,,,0x18580172,0x0172,MEMORY READ,,,,,,,1,1,1,0,0,0,0,,,,,,,,,,,,,,,,,
layer_13,120,ALU - add imm,COMPUTE,0,0,0,0,0,1,0,1,pc=120 ALU - add imm,,,,,,,,,,,,,,,,,,,,,,,,,0,370,371,,,,,,,,,1,0,0,784,1,1
layer_13,121,LOAD UOP,COMPUTE,0,0,0,0,0,1,0,1,pc=121 LOAD UOP,,,,,,,,,0x18580173,0x0173,MEMORY READ,,,,,,,1,1,1,0,0,0,0,,,,,,,,,,,,,,,,,
layer_13,122,ALU - shr,COMPUTE,0,0,0,0,0,1,0,1,pc=122 ALU - shr,,,,,,,,,,,,,,,,,,,,,,,,,0,371,372,,,,,,,,,1,0,0,784,1,1
layer_13,123,LOAD UOP,COMPUTE,0,0,0,0,0,1,0,1,pc=123 LOAD UOP,,,,,,,,,0x18580174,0x0174,MEMORY READ,,,,,,,1,1,1,0,0,0,0,,,,,,,,,,,,,,,,,
layer_13,124,ALU - min imm,COMPUTE,0,0,0,0,0,1,0,1,pc=124 ALU - min imm,,,,,,,,,,,,,,,,,,,,,,,,,0,372,373,,,,,,,,,1,0,0,784,1,1
layer_13,125,LOAD UOP,COMPUTE,0,0,0,0,0,1,0,1,pc=125 LOAD UOP,,,,,,,,,0x18580175,0x0175,MEMORY READ,,,,,,,1,1,1,0,0,0,0,,,,,,,,,,,,,,,,,
layer_13,126,ALU - max imm,COMPUTE,0,0,0,1,0,1,0,2,pc=126 ALU - max imm,,,,,,,,,,,,,,,,,,,,,,,,,0,373,374,,,,,,,,,1,0,0,784,1,1
layer_13,127,STORE,STORE,1,0,1,0,0,1,1,1,pc=127 STORE,,,,,,,,,0x06040000,0x0000,MEMORY WRITE,,,,,,,1,784,784,0,0,0,0,,,,,,,,,,,,,,,,,
layer_13,128,STORE,STORE,1,0,1,0,0,1,2,0,pc=128 STORE,,,,,,,,,0x06040310,0x0314,MEMORY WRITE,,,,,,,1,784,784,0,0,0,0,,,,,,,,,,,,,,,,,
layer_13,129,GEMM,COMPUTE,0,1,1,0,0,2,1,0,pc=129 GEMM,,,,,,,,,,,,,,,,,,,,,,,,,1,0,14,14,0,0,1,4,0,0,196,,,,,,
layer_13,130,GEMM,COMPUTE,0,1,1,0,0,3,0,0,pc=130 GEMM,,,,,,,,,,,,,,,,,,,,,,,,,1,14,28,14,0,0,1,4,0,0,196,,,,,,
layer_13,131,NOP-MEMORY-STAGE,LOAD,0,1,0,0,0,2,0,0,pc=131 NOP-MEMORY-STAGE,,,,,,,,,,,,,,,,,,,,,,,,,,,,,,,,,,,,,,,,,
layer_13,132,LOAD INP,LOAD,0,1,0,0,0,1,0,0,pc=132 LOAD INP,,,,,,,,,0x05fea000,0x0000,MEMORY READ,,,,,,,14,14,14,1,1,1,1,,,,,,,,,,,,,,,,,
layer_13,133,LOAD WGT,LOAD,0,0,0,1,1,1,0,0,pc=133 LOAD WGT,,,,,,,,,0x00608480,0x0000,MEMORY READ,,,,,,,4,9,144,0,0,0,0,,,,,,,,,,,,,,,,,
layer_13,134,LOAD INP,LOAD,0,1,0,0,1,0,0,0,pc=134 LOAD INP,,,,,,,,,0x05fea000,0x0100,MEMORY READ,,,,,,,14,14,14,1,1,1,1,,,,,,,,,,,,,,,,,
layer_13,135,LOAD WGT,LOAD,0,0,0,1,2,0,0,0,pc=135 LOAD WGT,,,,,,,,,0x006086c0,0x0024,MEMORY READ,,,,,,,4,9,144,0,0,0,0,,,,,,,,,,,,,,,,,
layer_13,136,GEMM,COMPUTE,1,0,1,0,1,1,0,0,pc=136 GEMM,,,,,,,,,,,,,,,,,,,,,,,,,0,28,196,14,0,1,1,3,1,1,0,,,,,,
layer_13,137,GEMM,COMPUTE,1,0,1,0,0,2,0,0,pc=137 GEMM,,,,,,,,,,,,,,,,,,,,,,,,,0,196,364,14,0,1,1,3,1,1,0,,,,,,
layer_13,138,LOAD INP,LOAD,0,1,0,0,0,1,0,0,pc=138 LOAD INP,,,,,,,,,0x05fea0c4,0x0000,MEMORY READ,,,,,,,14,14,14,1,1,1,1,,,,,,,,,,,,,,,,,
layer_13,139,LOAD WGT,LOAD,0,0,0,1,1,1,0,0,pc=139 LOAD WGT,,,,,,,,,0x00608489,0x0000,MEMORY READ,,,,,,,4,9,144,0,0,0,0,,,,,,,,,,,,,,,,,
layer_13,140,LOAD INP,LOAD,0,1,0,0,1,0,0,0,pc=140 LOAD INP,,,,,,,,,0x05fea0c4,0x0100,MEMORY READ,,,,,,,14,14,14,1,1,1,1,,,,,,,,,,,,,,,,,
layer_13,141,LOAD WGT,LOAD,0,0,0,1,2,0,0,0,pc=141 LOAD WGT,,,,,,,,,0x006086c9,0x0024,MEMORY READ,,,,,,,4,9,144,0,0,0,0,,,,,,,,,,,,,,,,,
layer_13,142,GEMM,COMPUTE,1,0,1,0,1,1,0,0,pc=142 GEMM,,,,,,,,,,,,,,,,,,,,,,,,,0,28,196,14,0,1,1,3,1,1,0,,,,,,
layer_13,143,GEMM,COMPUTE,1,0,1,0,0,2,0,0,pc=143 GEMM,,,,,,,,,,,,,,,,,,,,,,,,,0,196,364,14,0,1,1,3,1,1,0,,,,,,
layer_13,144,LOAD INP,LOAD,0,1,0,0,0,1,0,0,pc=144 LOAD INP,,,,,,,,,0x05fea188,0x0000,MEMORY READ,,,,,,,14,14,14,1,1,1,1,,,,,,,,,,,,,,,,,
layer_13,145,LOAD WGT,LOAD,0,0,0,1,1,1,0,0,pc=145 LOAD WGT,,,,,,,,,0x00608492,0x0000,MEMORY READ,,,,,,,4,9,144,0,0,0,0,,,,,,,,,,,,,,,,,
layer_13,146,LOAD INP,LOAD,0,1,0,0,1,0,0,0,pc=146 LOAD INP,,,,,,,,,0x05fea188,0x0100,MEMORY READ,,,,,,,14,14,14,1,1,1,1,,,,,,,,,,,,,,,,,
layer_13,147,LOAD WGT,LOAD,0,0,0,1,2,0,0,0,pc=147 LOAD WGT,,,,,,,,,0x006086d2,0x0024,MEMORY READ,,,,,,,4,9,144,0,0,0,0,,,,,,,,,,,,,,,,,
layer_13,148,GEMM,COMPUTE,1,0,1,0,1,1,0,0,pc=148 GEMM,,,,,,,,,,,,,,,,,,,,,,,,,0,28,196,14,0,1,1,3,1,1,0,,,,,,
layer_13,149,GEMM,COMPUTE,1,0,1,0,0,2,0,0,pc=149 GEMM,,,,,,,,,,,,,,,,,,,,,,,,,0,196,364,14,0,1,1,3,1,1,0,,,,,,
layer_13,150,LOAD INP,LOAD,0,1,0,0,0,1,0,0,pc=150 LOAD INP,,,,,,,,,0x05fea24c,0x0000,MEMORY READ,,,,,,,14,14,14,1,1,1,1,,,,,,,,,,,,,,,,,
layer_13,151,LOAD WGT,LOAD,0,0,0,1,1,1,0,0,pc=151 LOAD WGT,,,,,,,,,0x0060849b,0x0000,MEMORY READ,,,,,,,4,9,144,0,0,0,0,,,,,,,,,,,,,,,,,
layer_13,152,LOAD INP,LOAD,0,1,0,0,1,0,0,0,pc=152 LOAD INP,,,,,,,,,0x05fea24c,0x0100,MEMORY READ,,,,,,,14,14,14,1,1,1,1,,,,,,,,,,,,,,,,,
layer_13,153,LOAD WGT,LOAD,0,0,0,1,2,0,0,0,pc=153 LOAD WGT,,,,,,,,,0x006086db,0x0024,MEMORY READ,,,,,,,4,9,144,0,0,0,0,,,,,,,,,,,,,,,,,
layer_13,154,GEMM,COMPUTE,1,0,1,0,1,1,0,0,pc=154 GEMM,,,,,,,,,,,,,,,,,,,,,,,,,0,28,196,14,0,1,1,3,1,1,0,,,,,,
layer_13,155,GEMM,COMPUTE,1,0,1,0,0,2,0,0,pc=155 GEMM,,,,,,,,,,,,,,,,,,,,,,,,,0,196,364,14,0,1,1,3,1,1,0,,,,,,
layer_13,156,LOAD INP,LOAD,0,1,0,0,0,1,0,0,pc=156 LOAD INP,,,,,,,,,0x05fea310,0x0000,MEMORY READ,,,,,,,14,14,14,1,1,1,1,,,,,,,,,,,,,,,,,
layer_13,157,LOAD WGT,LOAD,0,0,0,1,1,1,0,0,pc=157 LOAD WGT,,,,,,,,,0x006084a4,0x0000,MEMORY READ,,,,,,,4,9,144,0,0,0,0,,,,,,,,,,,,,,,,,
layer_13,158,LOAD INP,LOAD,0,1,0,0,1,0,0,0,pc=158 LOAD INP,,,,,,,,,0x05fea310,0x0100,MEMORY READ,,,,,,,14,14,14,1,1,1,1,,,,,,,,,,,,,,,,,
layer_13,159,LOAD WGT,LOAD,0,0,0,1,2,0,0,0,pc=159 LOAD WGT,,,,,,,,,0x006086e4,0x0024,MEMORY READ,,,,,,,4,9,144,0,0,0,0,,,,,,,,,,,,,,,,,
layer_13,160,GEMM,COMPUTE,1,0,1,0,1,1,0,0,pc=160 GEMM,,,,,,,,,,,,,,,,,,,,,,,,,0,28,196,14,0,1,1,3,1,1,0,,,,,,
layer_13,161,GEMM,COMPUTE,1,0,1,0,0,2,0,0,pc=161 GEMM,,,,,,,,,,,,,,,,,,,,,,,,,0,196,364,14,0,1,1,3,1,1,0,,,,,,
layer_13,162,LOAD INP,LOAD,0,1,0,0,0,1,0,0,pc=162 LOAD INP,,,,,,,,,0x05fea3d4,0x0000,MEMORY READ,,,,,,,14,14,14,1,1,1,1,,,,,,,,,,,,,,,,,
layer_13,163,LOAD WGT,LOAD,0,0,0,1,1,1,0,0,pc=163 LOAD WGT,,,,,,,,,0x006084ad,0x0000,MEMORY READ,,,,,,,4,9,144,0,0,0,0,,,,,,,,,,,,,,,,,
layer_13,164,LOAD INP,LOAD,0,1,0,0,1,0,0,0,pc=164 LOAD INP,,,,,,,,,0x05fea3d4,0x0100,MEMORY READ,,,,,,,14,14,14,1,1,1,1,,,,,,,,,,,,,,,,,
layer_13,165,LOAD WGT,LOAD,0,0,0,1,2,0,0,0,pc=165 LOAD WGT,,,,,,,,,0x006086ed,0x0024,MEMORY READ,,,,,,,4,9,144,0,0,0,0,,,,,,,,,,,,,,,,,
layer_13,166,GEMM,COMPUTE,1,0,1,0,1,1,0,0,pc=166 GEMM,,,,,,,,,,,,,,,,,,,,,,,,,0,28,196,14,0,1,1,3,1,1,0,,,,,,
layer_13,167,GEMM,COMPUTE,1,0,1,0,0,2,0,0,pc=167 GEMM,,,,,,,,,,,,,,,,,,,,,,,,,0,196,364,14,0,1,1,3,1,1,0,,,,,,
layer_13,168,LOAD INP,LOAD,0,1,0,0,0,1,0,0,pc=168 LOAD INP,,,,,,,,,0x05fea498,0x0000,MEMORY READ,,,,,,,14,14,14,1,1,1,1,,,,,,,,,,,,,,,,,
layer_13,169,LOAD WGT,LOAD,0,0,0,1,1,1,0,0,pc=169 LOAD WGT,,,,,,,,,0x006084b6,0x0000,MEMORY READ,,,,,,,4,9,144,0,0,0,0,,,,,,,,,,,,,,,,,
layer_13,170,LOAD INP,LOAD,0,1,0,0,1,0,0,0,pc=170 LOAD INP,,,,,,,,,0x05fea498,0x0100,MEMORY READ,,,,,,,14,14,14,1,1,1,1,,,,,,,,,,,,,,,,,
layer_13,171,LOAD WGT,LOAD,0,0,0,1,2,0,0,0,pc=171 LOAD WGT,,,,,,,,,0x006086f6,0x0024,MEMORY READ,,,,,,,4,9,144,0,0,0,0,,,,,,,,,,,,,,,,,
layer_13,172,GEMM,COMPUTE,1,0,1,0,1,1,0,0,pc=172 GEMM,,,,,,,,,,,,,,,,,,,,,,,,,0,28,196,14,0,1,1,3,1,1,0,,,,,,
layer_13,173,GEMM,COMPUTE,1,0,1,0,0,2,0,0,pc=173 GEMM,,,,,,,,,,,,,,,,,,,,,,,,,0,196,364,14,0,1,1,3,1,1,0,,,,,,
layer_13,174,LOAD INP,LOAD,0,1,0,0,0,1,0,0,pc=174 LOAD INP,,,,,,,,,0x05fea55c,0x0000,MEMORY READ,,,,,,,14,14,14,1,1,1,1,,,,,,,,,,,,,,,,,
layer_13,175,LOAD WGT,LOAD,0,0,0,1,1,1,0,0,pc=175 LOAD WGT,,,,,,,,,0x006084bf,0x0000,MEMORY READ,,,,,,,4,9,144,0,0,0,0,,,,,,,,,,,,,,,,,
layer_13,176,LOAD INP,LOAD,0,1,0,0,1,0,0,0,pc=176 LOAD INP,,,,,,,,,0x05fea55c,0x0100,MEMORY READ,,,,,,,14,14,14,1,1,1,1,,,,,,,,,,,,,,,,,
layer_13,177,LOAD WGT,LOAD,0,0,0,1,2,0,0,0,pc=177 LOAD WGT,,,,,,,,,0x006086ff,0x0024,MEMORY READ,,,,,,,4,9,144,0,0,0,0,,,,,,,,,,,,,,,,,
layer_13,178,GEMM,COMPUTE,1,0,1,0,1,1,0,0,pc=178 GEMM,,,,,,,,,,,,,,,,,,,,,,,,,0,28,196,14,0,1,1,3,1,1,0,,,,,,
layer_13,179,GEMM,COMPUTE,1,0,1,0,0,2,0,0,pc=179 GEMM,,,,,,,,,,,,,,,,,,,,,,,,,0,196,364,14,0,1,1,3,1,1,0,,,,,,
layer_13,180,LOAD INP,LOAD,0,1,0,0,0,1,0,0,pc=180 LOAD INP,,,,,,,,,0x05fea620,0x0000,MEMORY READ,,,,,,,14,14,14,1,1,1,1,,,,,,,,,,,,,,,,,
layer_13,181,LOAD WGT,LOAD,0,0,0,1,1,1,0,0,pc=181 LOAD WGT,,,,,,,,,0x006084c8,0x0000,MEMORY READ,,,,,,,4,9,144,0,0,0,0,,,,,,,,,,,,,,,,,
layer_13,182,LOAD INP,LOAD,0,1,0,0,1,0,0,0,pc=182 LOAD INP,,,,,,,,,0x05fea620,0x0100,MEMORY READ,,,,,,,14,14,14,1,1,1,1,,,,,,,,,,,,,,,,,
layer_13,183,LOAD WGT,LOAD,0,0,0,1,2,0,0,0,pc=183 LOAD WGT,,,,,,,,,0x00608708,0x0024,MEMORY READ,,,,,,,4,9,144,0,0,0,0,,,,,,,,,,,,,,,,,
layer_13,184,GEMM,COMPUTE,1,0,1,0,1,1,0,0,pc=184 GEMM,,,,,,,,,,,,,,,,,,,,,,,,,0,28,196,14,0,1,1,3,1,1,0,,,,,,
layer_13,185,GEMM,COMPUTE,1,0,1,0,0,2,0,0,pc=185 GEMM,,,,,,,,,,,,,,,,,,,,,,,,,0,196,364,14,0,1,1,3,1,1,0,,,,,,
layer_13,186,LOAD INP,LOAD,0,1,0,0,0,1,0,0,pc=186 LOAD INP,,,,,,,,,0x05fea6e4,0x0000,MEMORY READ,,,,,,,14,14,14,1,1,1,1,,,,,,,,,,,,,,,,,
layer_13,187,LOAD WGT,LOAD,0,0,0,1,1,1,0,0,pc=187 LOAD WGT,,,,,,,,,0x006084d1,0x0000,MEMORY READ,,,,,,,4,9,144,0,0,0,0,,,,,,,,,,,,,,,,,
layer_13,188,LOAD INP,LOAD,0,1,0,0,1,0,0,0,pc=188 LOAD INP,,,,,,,,,0x05fea6e4,0x0100,MEMORY READ,,,,,,,14,14,14,1,1,1,1,,,,,,,,,,,,,,,,,
layer_13,189,LOAD WGT,LOAD,0,0,0,1,2,0,0,0,pc=189 LOAD WGT,,,,,,,,,0x00608711,0x0024,MEMORY READ,,,,,,,4,9,144,0,0,0,0,,,,,,,,,,,,,,,,,
layer_13,190,GEMM,COMPUTE,1,0,1,0,1,1,0,0,pc=190 GEMM,,,,,,,,,,,,,,,,,,,,,,,,,0,28,196,14,0,1,1,3,1,1,0,,,,,,
layer_13,191,GEMM,COMPUTE,1,0,1,0,0,2,0,0,pc=191 GEMM,,,,,,,,,,,,,,,,,,,,,,,,,0,196,364,14,0,1,1,3,1,1,0,,,,,,
layer_13,192,LOAD INP,LOAD,0,1,0,0,0,1,0,0,pc=192 LOAD INP,,,,,,,,,0x05fea7a8,0x0000,MEMORY READ,,,,,,,14,14,14,1,1,1,1,,,,,,,,,,,,,,,,,
layer_13,193,LOAD WGT,LOAD,0,0,0,1,1,1,0,0,pc=193 LOAD WGT,,,,,,,,,0x006084da,0x0000,MEMORY READ,,,,,,,4,9,144,0,0,0,0,,,,,,,,,,,,,,,,,
layer_13,194,LOAD INP,LOAD,0,1,0,0,1,0,0,0,pc=194 LOAD INP,,,,,,,,,0x05fea7a8,0x0100,MEMORY READ,,,,,,,14,14,14,1,1,1,1,,,,,,,,,,,,,,,,,
layer_13,195,LOAD WGT,LOAD,0,0,0,1,2,0,0,0,pc=195 LOAD WGT,,,,,,,,,0x0060871a,0x0024,MEMORY READ,,,,,,,4,9,144,0,0,0,0,,,,,,,,,,,,,,,,,
layer_13,196,GEMM,COMPUTE,1,0,1,0,1,1,0,0,pc=196 GEMM,,,,,,,,,,,,,,,,,,,,,,,,,0,28,196,14,0,1,1,3,1,1,0,,,,,,
layer_13,197,GEMM,COMPUTE,1,0,1,0,0,2,0,0,pc=197 GEMM,,,,,,,,,,,,,,,,,,,,,,,,,0,196,364,14,0,1,1,3,1,1,0,,,,,,
layer_13,198,LOAD INP,LOAD,0,1,0,0,0,1,0,0,pc=198 LOAD INP,,,,,,,,,0x05fea86c,0x0000,MEMORY READ,,,,,,,14,14,14,1,1,1,1,,,,,,,,,,,,,,,,,
layer_13,199,LOAD WGT,LOAD,0,0,0,1,1,1,0,0,pc=199 LOAD WGT,,,,,,,,,0x006084e3,0x0000,MEMORY READ,,,,,,,4,9,144,0,0,0,0,,,,,,,,,,,,,,,,,
layer_13,200,LOAD INP,LOAD,0,1,0,0,1,0,0,0,pc=200 LOAD INP,,,,,,,,,0x05fea86c,0x0100,MEMORY READ,,,,,,,14,14,14,1,1,1,1,,,,,,,,,,,,,,,,,
layer_13,201,LOAD WGT,LOAD,0,0,0,1,2,0,0,0,pc=201 LOAD WGT,,,,,,,,,0x00608723,0x0024,MEMORY READ,,,,,,,4,9,144,0,0,0,0,,,,,,,,,,,,,,,,,
layer_13,202,GEMM,COMPUTE,1,0,1,0,1,1,0,0,pc=202 GEMM,,,,,,,,,,,,,,,,,,,,,,,,,0,28,196,14,0,1,1,3,1,1,0,,,,,,
layer_13,203,GEMM,COMPUTE,1,0,1,0,0,2,0,0,pc=203 GEMM,,,,,,,,,,,,,,,,,,,,,,,,,0,196,364,14,0,1,1,3,1,1,0,,,,,,
layer_13,204,LOAD INP,LOAD,0,1,0,0,0,1,0,0,pc=204 LOAD INP,,,,,,,,,0x05fea930,0x0000,MEMORY READ,,,,,,,14,14,14,1,1,1,1,,,,,,,,,,,,,,,,,
layer_13,205,LOAD WGT,LOAD,0,0,0,1,1,1,0,0,pc=205 LOAD WGT,,,,,,,,,0x006084ec,0x0000,MEMORY READ,,,,,,,4,9,144,0,0,0,0,,,,,,,,,,,,,,,,,
layer_13,206,LOAD INP,LOAD,0,1,0,0,1,0,0,0,pc=206 LOAD INP,,,,,,,,,0x05fea930,0x0100,MEMORY READ,,,,,,,14,14,14,1,1,1,1,,,,,,,,,,,,,,,,,
layer_13,207,LOAD WGT,LOAD,0,0,0,1,2,0,0,0,pc=207 LOAD WGT,,,,,,,,,0x0060872c,0x0024,MEMORY READ,,,,,,,4,9,144,0,0,0,0,,,,,,,,,,,,,,,,,
layer_13,208,GEMM,COMPUTE,1,0,1,0,1,1,0,0,pc=208 GEMM,,,,,,,,,,,,,,,,,,,,,,,,,0,28,196,14,0,1,1,3,1,1,0,,,,,,
layer_13,209,GEMM,COMPUTE,1,0,1,0,0,2,0,0,pc=209 GEMM,,,,,,,,,,,,,,,,,,,,,,,,,0,196,364,14,0,1,1,3,1,1,0,,,,,,
layer_13,210,LOAD INP,LOAD,0,1,0,0,0,1,0,0,pc=210 LOAD INP,,,,,,,,,0x05fea9f4,0x0000,MEMORY READ,,,,,,,14,14,14,1,1,1,1,,,,,,,,,,,,,,,,,
layer_13,211,LOAD WGT,LOAD,0,0,0,1,1,1,0,0,pc=211 LOAD WGT,,,,,,,,,0x006084f5,0x0000,MEMORY READ,,,,,,,4,9,144,0,0,0,0,,,,,,,,,,,,,,,,,
layer_13,212,LOAD INP,LOAD,0,1,0,0,1,0,0,0,pc=212 LOAD INP,,,,,,,,,0x05fea9f4,0x0100,MEMORY READ,,,,,,,14,14,14,1,1,1,1,,,,,,,,,,,,,,,,,
layer_13,213,LOAD WGT,LOAD,0,0,0,1,2,0,0,0,pc=213 LOAD WGT,,,,,,,,,0x00608735,0x0024,MEMORY READ,,,,,,,4,9,144,0,0,0,0,,,,,,,,,,,,,,,,,
layer_13,214,GEMM,COMPUTE,1,0,1,0,1,1,0,0,pc=214 GEMM,,,,,,,,,,,,,,,,,,,,,,,,,0,28,196,14,0,1,1,3,1,1,0,,,,,,
layer_13,215,GEMM,COMPUTE,1,0,1,0,0,2,0,0,pc=215 GEMM,,,,,,,,,,,,,,,,,,,,,,,,,0,196,364,14,0,1,1,3,1,1,0,,,,,,
layer_13,216,LOAD INP,LOAD,0,1,0,0,0,1,0,0,pc=216 LOAD INP,,,,,,,,,0x05feaab8,0x0000,MEMORY READ,,,,,,,14,14,14,1,1,1,1,,,,,,,,,,,,,,,,,
layer_13,217,LOAD WGT,LOAD,0,0,0,1,1,1,0,0,pc=217 LOAD WGT,,,,,,,,,0x006084fe,0x0000,MEMORY READ,,,,,,,4,9,144,0,0,0,0,,,,,,,,,,,,,,,,,
layer_13,218,LOAD INP,LOAD,0,1,0,0,1,0,0,0,pc=218 LOAD INP,,,,,,,,,0x05feaab8,0x0100,MEMORY READ,,,,,,,14,14,14,1,1,1,1,,,,,,,,,,,,,,,,,
layer_13,219,LOAD WGT,LOAD,0,0,0,1,2,0,0,0,pc=219 LOAD WGT,,,,,,,,,0x0060873e,0x0024,MEMORY READ,,,,,,,4,9,144,0,0,0,0,,,,,,,,,,,,,,,,,
layer_13,220,GEMM,COMPUTE,1,0,1,0,1,1,0,0,pc=220 GEMM,,,,,,,,,,,,,,,,,,,,,,,,,0,28,196,14,0,1,1,3,1,1,0,,,,,,
layer_13,221,GEMM,COMPUTE,1,0,1,0,0,2,0,0,pc=221 GEMM,,,,,,,,,,,,,,,,,,,,,,,,,0,196,364,14,0,1,1,3,1,1,0,,,,,,
layer_13,222,LOAD INP,LOAD,0,1,0,0,0,1,0,0,pc=222 LOAD INP,,,,,,,,,0x05feab7c,0x0000,MEMORY READ,,,,,,,14,14,14,1,1,1,1,,,,,,,,,,,,,,,,,
layer_13,223,LOAD WGT,LOAD,0,0,0,1,1,1,0,0,pc=223 LOAD WGT,,,,,,,,,0x00608507,0x0000,MEMORY READ,,,,,,,4,9,144,0,0,0,0,,,,,,,,,,,,,,,,,
layer_13,224,LOAD INP,LOAD,0,1,0,0,1,0,0,0,pc=224 LOAD INP,,,,,,,,,0x05feab7c,0x0100,MEMORY READ,,,,,,,14,14,14,1,1,1,1,,,,,,,,,,,,,,,,,
layer_13,225,LOAD WGT,LOAD,0,0,0,1,2,0,0,0,pc=225 LOAD WGT,,,,,,,,,0x00608747,0x0024,MEMORY READ,,,,,,,4,9,144,0,0,0,0,,,,,,,,,,,,,,,,,
layer_13,226,GEMM,COMPUTE,1,0,1,0,1,1,0,0,pc=226 GEMM,,,,,,,,,,,,,,,,,,,,,,,,,0,28,196,14,0,1,1,3,1,1,0,,,,,,
layer_13,227,GEMM,COMPUTE,1,0,1,0,0,2,0,0,pc=227 GEMM,,,,,,,,,,,,,,,,,,,,,,,,,0,196,364,14,0,1,1,3,1,1,0,,,,,,
layer_13,228,NOP-MEMORY-STAGE,LOAD,0,1,0,0,0,1,0,0,pc=228 NOP-MEMORY-STAGE,,,,,,,,,,,,,,,,,,,,,,,,,,,,,,,,,,,,,,,,,
layer_13,229,LOAD ACC,COMPUTE,0,0,0,0,0,1,0,0,pc=229 LOAD ACC,,,,,,,,,0x00867008,0x0310,MEMORY READ,,,,,,,1,4,4,0,0,0,0,,,,,,,,,,,,,,,,,
layer_13,230,ALU - add,COMPUTE,0,0,0,0,0,1,0,0,pc=230 ALU - add,,,,,,,,,,,,,,,,,,,,,,,,,0,364,365,,,,,,,,,4,196,1,196,1,0
layer_13,231,ALU - add imm,COMPUTE,0,0,0,0,0,1,0,0,pc=231 ALU - add imm,,,,,,,,,,,,,,,,,,,,,,,,,0,365,366,,,,,,,,,1,0,0,784,1,1
layer_13,232,ALU - shr,COMPUTE,0,0,0,0,0,1,0,0,pc=232 ALU - shr,,,,,,,,,,,,,,,,,,,,,,,,,0,366,367,,,,,,,,,1,0,0,784,1,1
layer_13,233,ALU - min imm,COMPUTE,0,0,0,0,0,1,0,0,pc=233 ALU - min imm,,,,,,,,,,,,,,,,,,,,,,,,,0,367,368,,,,,,,,,1,0,0,784,1,1
layer_13,234,ALU - max imm,COMPUTE,0,0,0,1,0,1,0,1,pc=234 ALU - max imm,,,,,,,,,,,,,,,,,,,,,,,,,0,368,369,,,,,,,,,1,0,0,784,1,1
layer_13,235,LOAD ACC,COMPUTE,0,0,0,0,0,1,0,1,pc=235 LOAD ACC,,,,,,,,,0x0086700c,0x0624,MEMORY READ,,,,,,,1,4,4,0,0,0,0,,,,,,,,,,,,,,,,,
layer_13,236,ALU - add,COMPUTE,0,0,0,0,0,1,0,1,pc=236 ALU - add,,,,,,,,,,,,,,,,,,,,,,,,,0,369,370,,,,,,,,,4,196,1,196,1,0
layer_13,237,ALU - add imm,COMPUTE,0,0,0,0,0,1,0,1,pc=237 ALU - add imm,,,,,,,,,,,,,,,,,,,,,,,,,0,370,371,,,,,,,,,1,0,0,784,1,1
layer_13,238,ALU - shr,COMPUTE,0,0,0,0,0,1,0,1,pc=238 ALU - shr,,,,,,,,,,,,,,,,,,,,,,,,,0,371,372,,,,,,,,,1,0,0,784,1,1
layer_13,239,ALU - min imm,COMPUTE,0,0,0,0,0,1,0,1,pc=239 ALU - min imm,,,,,,,,,,,,,,,,,,,,,,,,,0,372,373,,,,,,,,,1,0,0,784,1,1
layer_13,240,ALU - max imm,COMPUTE,0,0,0,1,0,1,0,2,pc=240 ALU - max imm,,,,,,,,,,,,,,,,,,,,,,,,,0,373,374,,,,,,,,,1,0,0,784,1,1
layer_13,241,STORE,STORE,1,0,1,0,0,1,1,1,pc=241 STORE,,,,,,,,,0x06040620,0x0000,MEMORY WRITE,,,,,,,1,784,784,0,0,0,0,,,,,,,,,,,,,,,,,
layer_13,242,STORE,STORE,1,0,1,0,0,1,2,0,pc=242 STORE,,,,,,,,,0x06040930,0x0314,MEMORY WRITE,,,,,,,1,784,784,0,0,0,0,,,,,,,,,,,,,,,,,
layer_13,243,NOP-COMPUTE-STAGE,COMPUTE,0,1,0,0,0,1,1,0,pc=243 NOP-COMPUTE-STAGE,,,,,,,,,,,,,,,,,,,,,,,,,,,,,,,,,,,,,,,,,
layer_13,244,NOP-STORE-STAGE,STORE,0,0,1,0,0,1,2,0,pc=244 NOP-STORE-STAGE,,,,,,,,,,,,,,,,,,,,,,,,,,,,,,,,,,,,,,,,,
layer_13,245,NOP-MEMORY-STAGE,LOAD,0,1,0,0,0,0,2,0,pc=245 NOP-MEMORY-STAGE,,,,,,,,,,,,,,,,,,,,,,,,,,,,,,,,,,,,,,,,,
layer_13,246,NOP-MEMORY-STAGE,LOAD,0,0,0,1,1,0,2,0,pc=246 NOP-MEMORY-STAGE,,,,,,,,,,,,,,,,,,,,,,,,,,,,,,,,,,,,,,,,,
layer_13,247,NOP-COMPUTE-STAGE,COMPUTE,0,1,0,0,1,0,1,0,pc=247 NOP-COMPUTE-STAGE,,,,,,,,,,,,,,,,,,,,,,,,,,,,,,,,,,,,,,,,,
layer_13,248,NOP-COMPUTE-STAGE,COMPUTE,1,1,0,0,0,0,0,0,pc=248 NOP-COMPUTE-STAGE,,,,,,,,,,,,,,,,,,,,,,,,,,,,,,,,,,,,,,,,,
layer_13,249,FINISH,COMPUTE,,,,,0,0,0,0,pc=249 FINISH,,,,,,,,,,,,,,,,,,,,,,,,,,,,,,,,,,,,,,,,,
layer_14,0,LOAD UOP,COMPUTE,0,0,0,0,0,0,0,0,pc=0 LOAD UOP,,,,,,,,,0x18580000,0x0000,MEMORY READ,,,,,,,1,7,7,0,0,0,0,,,,,,,,,,,,,,,,,
layer_14,1,GEMM,COMPUTE,0,0,1,0,0,1,0,0,pc=1 GEMM,,,,,,,,,,,,,,,,,,,,,,,,,1,0,7,7,0,0,1,16,0,0,49,,,,,,
layer_14,2,LOAD UOP,COMPUTE,0,0,0,0,0,1,0,0,pc=2 LOAD UOP,,,,,,,,,0x18580007,0x0007,MEMORY READ,,,,,,,1,7,7,0,0,0,0,,,,,,,,,,,,,,,,,
layer_14,3,GEMM,COMPUTE,0,0,1,0,0,2,0,0,pc=3 GEMM,,,,,,,,,,,,,,,,,,,,,,,,,1,7,14,7,0,0,1,16,0,0,49,,,,,,
layer_14,4,LOAD INP,LOAD,0,1,0,0,0,1,0,0,pc=4 LOAD INP,,,,,,,,,0x05fea000,0x0000,MEMORY READ,,,,,,,13,13,14,0,0,0,0,,,,,,,,,,,,,,,,,
layer_14,5,LOAD WGT,LOAD,0,0,0,1,1,1,0,0,pc=5 LOAD WGT,,,,,,,,,0x005ffa00,0x0000,MEMORY READ,,,,,,,16,1,16,0,0,0,0,,,,,,,,,,,,,,,,,
layer_14,6,LOAD INP,LOAD,0,1,0,0,1,0,0,0,pc=6 LOAD INP,,,,,,,,,0x05fea000,0x00a9,MEMORY READ,,,,,,,13,13,14,0,0,0,0,,,,,,,,,,,,,,,,,
layer_14,7,LOAD WGT,LOAD,0,0,0,1,2,0,0,0,pc=7 LOAD WGT,,,,,,,,,0x005ffb00,0x0010,MEMORY READ,,,,,,,16,1,16,0,0,0,0,,,,,,,,,,,,,,,,,
layer_14,8,LOAD UOP,COMPUTE,1,0,0,0,1,0,0,0,pc=8 LOAD UOP,,,,,,,,,0x1858000e,0x000e,MEMORY READ,,,,,,,1,7,7,0,0,0,0,,,,,,,,,,,,,,,,,
layer_14,9,GEMM,COMPUTE,0,0,1,0,1,1,0,0,pc=9 GEMM,,,,,,,,,,,,,,,,,,,,,,,,,0,14,21,7,0,2,1,16,1,0,49,,,,,,
layer_14,10,LOAD UOP,COMPUTE,1,0,0,0,0,1,0,0,pc=10 LOAD UOP,,,,,,,,,0x18580015,0x0015,MEMORY READ,,,,,,,1,7,7,0,0,0,0,,,,,,,,,,,,,,,,,
layer_14,11,GEMM,COMPUTE,0,0,1,0,0,2,0,0,pc=11 GEMM,,,,,,,,,,,,,,,,,,,,,,,,,0,21,28,7,0,2,1,16,1,0,49,,,,,,
layer_14,12,LOAD INP,LOAD,0,1,0,0,0,1,0,0,pc=12 LOAD INP,,,,,,,,,0x05fea0c4,0x0000,MEMORY READ,,,,,,,13,13,14,0,0,0,0,,,,,,,,,,,,,,,,,
layer_14,13,LOAD WGT,LOAD,0,0,0,1,1,1,0,0,pc=13 LOAD WGT,,,,,,,,,0x005ffa01,0x0000,MEMORY READ,,,,,,,16,1,16,0,0,0,0,,,,,,,,,,,,,,,,,
layer_14,14,LOAD INP,LOAD,0,1,0,0,1,0,0,0,pc=14 LOAD INP,,,,,,,,,0x05fea0c4,0x00a9,MEMORY READ,,,,,,,13,13,14,0,0,0,0,,,,,,,,,,,,,,,,,
layer_14,15,LOAD WGT,LOAD,0,0,0,1,2,0,0,0,pc=15 LOAD WGT,,,,,,,,,0x005ffb01,0x0010,MEMORY READ,,,,,,,16,1,16,0,0,0,0,,,,,,,,,,,,,,,,,
layer_14,16,GEMM,COMPUTE,1,0,1,0,1,1,0,0,pc=16 GEMM,,,,,,,,,,,,,,,,,,,,,,,,,0,14,21,7,0,2,1,16,1,0,49,,,,,,
layer_14,17,GEMM,COMPUTE,1,0,1,0,0,2,0,0,pc=17 GEMM,,,,,,,,,,,,,,,,,,,,,,,,,0,21,28,7,0,2,1,16,1,0,49,,,,,,
layer_14,18,LOAD INP,LOAD,0,1,0,0,0,1,0,0,pc=18 LOAD INP,,,,,,,,,0x05fea188,0x0000,MEMORY READ,,,,,,,13,13,14,0,0,0,0,,,,,,,,,,,,,,,,,
layer_14,19,LOAD WGT,LOAD,0,0,0,1,1,1,0,0,pc=19 LOAD WGT,,,,,,,,,0x005ffa02,0x0000,MEMORY READ,,,,,,,16,1,16,0,0,0,0,,,,,,,,,,,,,,,,,
layer_14,20,LOAD INP,LOAD,0,1,0,0,1,0,0,0,pc=20 LOAD INP,,,,,,,,,0x05fea188,0x00a9,MEMORY READ,,,,,,,13,13,14,0,0,0,0,,,,,,,,,,,,,,,,,
layer_14,21,LOAD WGT,LOAD,0,0,0,1,2,0,0,0,pc=21 LOAD WGT,,,,,,,,,0x005ffb02,0x0010,MEMORY READ,,,,,,,16,1,16,0,0,0,0,,,,,,,,,,,,,,,,,
layer_14,22,GEMM,COMPUTE,1,0,1,0,1,1,0,0,pc=22 GEMM,,,,,,,,,,,,,,,,,,,,,,,,,0,14,21,7,0,2,1,16,1,0,49,,,,,,
layer_14,23,GEMM,COMPUTE,1,0,1,0,0,2,0,0,pc=23 GEMM,,,,,,,,,,,,,,,,,,,,,,,,,0,21,28,7,0,2,1,16,1,0,49,,,,,,
layer_14,24,LOAD INP,LOAD,0,1,0,0,0,1,0,0,pc=24 LOAD INP,,,,,,,,,0x05fea24c,0x0000,MEMORY READ,,,,,,,13,13,14,0,0,0,0,,,,,,,,,,,,,,,,,
layer_14,25,LOAD WGT,LOAD,0,0,0,1,1,1,0,0,pc=25 LOAD WGT,,,,,,,,,0x005ffa03,0x0000,MEMORY READ,,,,,,,16,1,16,0,0,0,0,,,,,,,,,,,,,,,,,
layer_14,26,LOAD INP,LOAD,0,1,0,0,1,0,0,0,pc=26 LOAD INP,,,,,,,,,0x05fea24c,0x00a9,MEMORY READ,,,,,,,13,13,14,0,0,0,0,,,,,,,,,,,,,,,,,
layer_14,27,LOAD WGT,LOAD,0,0,0,1,2,0,0,0,pc=27 LOAD WGT,,,,,,,,,0x005ffb03,0x0010,MEMORY READ,,,,,,,16,1,16,0,0,0,0,,,,,,,,,,,,,,,,,
layer_14,28,GEMM,COMPUTE,1,0,1,0,1,1,0,0,pc=28 GEMM,,,,,,,,,,,,,,,,,,,,,,,,,0,14,21,7,0,2,1,16,1,0,49,,,,,,
layer_14,29,GEMM,COMPUTE,1,0,1,0,0,2,0,0,pc=29 GEMM,,,,,,,,,,,,,,,,,,,,,,,,,0,21,28,7,0,2,1,16,1,0,49,,,,,,
layer_14,30,LOAD INP,LOAD,0,1,0,0,0,1,0,0,pc=30 LOAD INP,,,,,,,,,0x05fea310,0x0000,MEMORY READ,,,,,,,13,13,14,0,0,0,0,,,,,,,,,,,,,,,,,
layer_14,31,LOAD WGT,LOAD,0,0,0,1,1,1,0,0,pc=31 LOAD WGT,,,,,,,,,0x005ffa04,0x0000,MEMORY READ,,,,,,,16,1,16,0,0,0,0,,,,,,,,,,,,,,,,,
layer_14,32,LOAD INP,LOAD,0,1,0,0,1,0,0,0,pc=32 LOAD INP,,,,,,,,,0x05fea310,0x00a9,MEMORY READ,,,,,,,13,13,14,0,0,0,0,,,,,,,,,,,,,,,,,
layer_14,33,LOAD WGT,LOAD,0,0,0,1,2,0,0,0,pc=33 LOAD WGT,,,,,,,,,0x005ffb04,0x0010,MEMORY READ,,,,,,,16,1,16,0,0,0,0,,,,,,,,,,,,,,,,,
layer_14,34,GEMM,COMPUTE,1,0,1,0,1,1,0,0,pc=34 GEMM,,,,,,,,,,,,,,,,,,,,,,,,,0,14,21,7,0,2,1,16,1,0,49,,,,,,
layer_14,35,GEMM,COMPUTE,1,0,1,0,0,2,0,0,pc=35 GEMM,,,,,,,,,,,,,,,,,,,,,,,,,0,21,28,7,0,2,1,16,1,0,49,,,,,,
layer_14,36,LOAD INP,LOAD,0,1,0,0,0,1,0,0,pc=36 LOAD INP,,,,,,,,,0x05fea3d4,0x0000,MEMORY READ,,,,,,,13,13,14,0,0,0,0,,,,,,,,,,,,,,,,,
layer_14,37,LOAD WGT,LOAD,0,0,0,1,1,1,0,0,pc=37 LOAD WGT,,,,,,,,,0x005ffa05,0x0000,MEMORY READ,,,,,,,16,1,16,0,0,0,0,,,,,,,,,,,,,,,,,
layer_14,38,LOAD INP,LOAD,0,1,0,0,1,0,0,0,pc=38 LOAD INP,,,,,,,,,0x05fea3d4,0x00a9,MEMORY READ,,,,,,,13,13,14,0,0,0,0,,,,,,,,,,,,,,,,,
layer_14,39,LOAD WGT,LOAD,0,0,0,1,2,0,0,0,pc=39 LOAD WGT,,,,,,,,,0x005ffb05,0x0010,MEMORY READ,,,,,,,16,1,16,0,0,0,0,,,,,,,,,,,,,,,,,
layer_14,40,GEMM,COMPUTE,1,0,1,0,1,1,0,0,pc=40 GEMM,,,,,,,,,,,,,,,,,,,,,,,,,0,14,21,7,0,2,1,16,1,0,49,,,,,,
layer_14,41,GEMM,COMPUTE,1,0,1,0,0,2,0,0,pc=41 GEMM,,,,,,,,,,,,,,,,,,,,,,,,,0,21,28,7,0,2,1,16,1,0,49,,,,,,
layer_14,42,LOAD INP,LOAD,0,1,0,0,0,1,0,0,pc=42 LOAD INP,,,,,,,,,0x05fea498,0x0000,MEMORY READ,,,,,,,13,13,14,0,0,0,0,,,,,,,,,,,,,,,,,
layer_14,43,LOAD WGT,LOAD,0,0,0,1,1,1,0,0,pc=43 LOAD WGT,,,,,,,,,0x005ffa06,0x0000,MEMORY READ,,,,,,,16,1,16,0,0,0,0,,,,,,,,,,,,,,,,,
layer_14,44,LOAD INP,LOAD,0,1,0,0,1,0,0,0,pc=44 LOAD INP,,,,,,,,,0x05fea498,0x00a9,MEMORY READ,,,,,,,13,13,14,0,0,0,0,,,,,,,,,,,,,,,,,
layer_14,45,LOAD WGT,LOAD,0,0,0,1,2,0,0,0,pc=45 LOAD WGT,,,,,,,,,0x005ffb06,0x0010,MEMORY READ,,,,,,,16,1,16,0,0,0,0,,,,,,,,,,,,,,,,,
layer_14,46,GEMM,COMPUTE,1,0,1,0,1,1,0,0,pc=46 GEMM,,,,,,,,,,,,,,,,,,,,,,,,,0,14,21,7,0,2,1,16,1,0,49,,,,,,
layer_14,47,GEMM,COMPUTE,1,0,1,0,0,2,0,0,pc=47 GEMM,,,,,,,,,,,,,,,,,,,,,,,,,0,21,28,7,0,2,1,16,1,0,49,,,,,,
layer_14,48,LOAD INP,LOAD,0,1,0,0,0,1,0,0,pc=48 LOAD INP,,,,,,,,,0x05fea55c,0x0000,MEMORY READ,,,,,,,13,13,14,0,0,0,0,,,,,,,,,,,,,,,,,
layer_14,49,LOAD WGT,LOAD,0,0,0,1,1,1,0,0,pc=49 LOAD WGT,,,,,,,,,0x005ffa07,0x0000,MEMORY READ,,,,,,,16,1,16,0,0,0,0,,,,,,,,,,,,,,,,,
layer_14,50,LOAD INP,LOAD,0,1,0,0,1,0,0,0,pc=50 LOAD INP,,,,,,,,,0x05fea55c,0x00a9,MEMORY READ,,,,,,,13,13,14,0,0,0,0,,,,,,,,,,,,,,,,,
layer_14,51,LOAD WGT,LOAD,0,0,0,1,2,0,0,0,pc=51 LOAD WGT,,,,,,,,,0x005ffb07,0x0010,MEMORY READ,,,,,,,16,1,16,0,0,0,0,,,,,,,,,,,,,,,,,
layer_14,52,GEMM,COMPUTE,1,0,1,0,1,1,0,0,pc=52 GEMM,,,,,,,,,,,,,,,,,,,,,,,,,0,14,21,7,0,2,1,16,1,0,49,,,,,,
layer_14,53,GEMM,COMPUTE,1,0,1,0,0,2,0,0,pc=53 GEMM,,,,,,,,,,,,,,,,,,,,,,,,,0,21,28,7,0,2,1,16,1,0,49,,,,,,
layer_14,54,LOAD INP,LOAD,0,1,0,0,0,1,0,0,pc=54 LOAD INP,,,,,,,,,0x05fea620,0x0000,MEMORY READ,,,,,,,13,13,14,0,0,0,0,,,,,,,,,,,,,,,,,
layer_14,55,LOAD WGT,LOAD,0,0,0,1,1,1,0,0,pc=55 LOAD WGT,,,,,,,,,0x005ffa08,0x0000,MEMORY READ,,,,,,,16,1,16,0,0,0,0,,,,,,,,,,,,,,,,,
layer_14,56,LOAD INP,LOAD,0,1,0,0,1,0,0,0,pc=56 LOAD INP,,,,,,,,,0x05fea620,0x00a9,MEMORY READ,,,,,,,13,13,14,0,0,0,0,,,,,,,,,,,,,,,,,
layer_14,57,LOAD WGT,LOAD,0,0,0,1,2,0,0,0,pc=57 LOAD WGT,,,,,,,,,0x005ffb08,0x0010,MEMORY READ,,,,,,,16,1,16,0,0,0,0,,,,,,,,,,,,,,,,,
layer_14,58,GEMM,COMPUTE,1,0,1,0,1,1,0,0,pc=58 GEMM,,,,,,,,,,,,,,,,,,,,,,,,,0,14,21,7,0,2,1,16,1,0,49,,,,,,
layer_14,59,GEMM,COMPUTE,1,0,1,0,0,2,0,0,pc=59 GEMM,,,,,,,,,,,,,,,,,,,,,,,,,0,21,28,7,0,2,1,16,1,0,49,,,,,,
layer_14,60,LOAD INP,LOAD,0,1,0,0,0,1,0,0,pc=60 LOAD INP,,,,,,,,,0x05fea6e4,0x0000,MEMORY READ,,,,,,,13,13,14,0,0,0,0,,,,,,,,,,,,,,,,,
layer_14,61,LOAD WGT,LOAD,0,0,0,1,1,1,0,0,pc=61 LOAD WGT,,,,,,,,,0x005ffa09,0x0000,MEMORY READ,,,,,,,16,1,16,0,0,0,0,,,,,,,,,,,,,,,,,
layer_14,62,LOAD INP,LOAD,0,1,0,0,1,0,0,0,pc=62 LOAD INP,,,,,,,,,0x05fea6e4,0x00a9,MEMORY READ,,,,,,,13,13,14,0,0,0,0,,,,,,,,,,,,,,,,,
layer_14,63,LOAD WGT,LOAD,0,0,0,1,2,0,0,0,pc=63 LOAD WGT,,,,,,,,,0x005ffb09,0x0010,MEMORY READ,,,,,,,16,1,16,0,0,0,0,,,,,,,,,,,,,,,,,
layer_14,64,GEMM,COMPUTE,1,0,1,0,1,1,0,0,pc=64 GEMM,,,,,,,,,,,,,,,,,,,,,,,,,0,14,21,7,0,2,1,16,1,0,49,,,,,,
layer_14,65,GEMM,COMPUTE,1,0,1,0,0,2,0,0,pc=65 GEMM,,,,,,,,,,,,,,,,,,,,,,,,,0,21,28,7,0,2,1,16,1,0,49,,,,,,
layer_14,66,LOAD INP,LOAD,0,1,0,0,0,1,0,0,pc=66 LOAD INP,,,,,,,,,0x05fea7a8,0x0000,MEMORY READ,,,,,,,13,13,14,0,0,0,0,,,,,,,,,,,,,,,,,
layer_14,67,LOAD WGT,LOAD,0,0,0,1,1,1,0,0,pc=67 LOAD WGT,,,,,,,,,0x005ffa0a,0x0000,MEMORY READ,,,,,,,16,1,16,0,0,0,0,,,,,,,,,,,,,,,,,
layer_14,68,LOAD INP,LOAD,0,1,0,0,1,0,0,0,pc=68 LOAD INP,,,,,,,,,0x05fea7a8,0x00a9,MEMORY READ,,,,,,,13,13,14,0,0,0,0,,,,,,,,,,,,,,,,,
layer_14,69,LOAD WGT,LOAD,0,0,0,1,2,0,0,0,pc=69 LOAD WGT,,,,,,,,,0x005ffb0a,0x0010,MEMORY READ,,,,,,,16,1,16,0,0,0,0,,,,,,,,,,,,,,,,,
layer_14,70,GEMM,COMPUTE,1,0,1,0,1,1,0,0,pc=70 GEMM,,,,,,,,,,,,,,,,,,,,,,,,,0,14,21,7,0,2,1,16,1,0,49,,,,,,
layer_14,71,GEMM,COMPUTE,1,0,1,0,0,2,0,0,pc=71 GEMM,,,,,,,,,,,,,,,,,,,,,,,,,0,21,28,7,0,2,1,16,1,0,49,,,,,,
layer_14,72,LOAD INP,LOAD,0,1,0,0,0,1,0,0,pc=72 LOAD INP,,,,,,,,,0x05fea86c,0x0000,MEMORY READ,,,,,,,13,13,14,0,0,0,0,,,,,,,,,,,,,,,,,
layer_14,73,LOAD WGT,LOAD,0,0,0,1,1,1,0,0,pc=73 LOAD WGT,,,,,,,,,0x005ffa0b,0x0000,MEMORY READ,,,,,,,16,1,16,0,0,0,0,,,,,,,,,,,,,,,,,
layer_14,74,LOAD INP,LOAD,0,1,0,0,1,0,0,0,pc=74 LOAD INP,,,,,,,,,0x05fea86c,0x00a9,MEMORY READ,,,,,,,13,13,14,0,0,0,0,,,,,,,,,,,,,,,,,
layer_14,75,LOAD WGT,LOAD,0,0,0,1,2,0,0,0,pc=75 LOAD WGT,,,,,,,,,0x005ffb0b,0x0010,MEMORY READ,,,,,,,16,1,16,0,0,0,0,,,,,,,,,,,,,,,,,
layer_14,76,GEMM,COMPUTE,1,0,1,0,1,1,0,0,pc=76 GEMM,,,,,,,,,,,,,,,,,,,,,,,,,0,14,21,7,0,2,1,16,1,0,49,,,,,,
layer_14,77,GEMM,COMPUTE,1,0,1,0,0,2,0,0,pc=77 GEMM,,,,,,,,,,,,,,,,,,,,,,,,,0,21,28,7,0,2,1,16,1,0,49,,,,,,
layer_14,78,LOAD INP,LOAD,0,1,0,0,0,1,0,0,pc=78 LOAD INP,,,,,,,,,0x05fea930,0x0000,MEMORY READ,,,,,,,13,13,14,0,0,0,0,,,,,,,,,,,,,,,,,
layer_14,79,LOAD WGT,LOAD,0,0,0,1,1,1,0,0,pc=79 LOAD WGT,,,,,,,,,0x005ffa0c,0x0000,MEMORY READ,,,,,,,16,1,16,0,0,0,0,,,,,,,,,,,,,,,,,
layer_14,80,LOAD INP,LOAD,0,1,0,0,1,0,0,0,pc=80 LOAD INP,,,,,,,,,0x05fea930,0x00a9,MEMORY READ,,,,,,,13,13,14,0,0,0,0,,,,,,,,,,,,,,,,,
layer_14,81,LOAD WGT,LOAD,0,0,0,1,2,0,0,0,pc=81 LOAD WGT,,,,,,,,,0x005ffb0c,0x0010,MEMORY READ,,,,,,,16,1,16,0,0,0,0,,,,,,,,,,,,,,,,,
layer_14,82,GEMM,COMPUTE,1,0,1,0,1,1,0,0,pc=82 GEMM,,,,,,,,,,,,,,,,,,,,,,,,,0,14,21,7,0,2,1,16,1,0,49,,,,,,
layer_14,83,GEMM,COMPUTE,1,0,1,0,0,2,0,0,pc=83 GEMM,,,,,,,,,,,,,,,,,,,,,,,,,0,21,28,7,0,2,1,16,1,0,49,,,,,,
layer_14,84,LOAD INP,LOAD,0,1,0,0,0,1,0,0,pc=84 LOAD INP,,,,,,,,,0x05fea9f4,0x0000,MEMORY READ,,,,,,,13,13,14,0,0,0,0,,,,,,,,,,,,,,,,,
layer_14,85,LOAD WGT,LOAD,0,0,0,1,1,1,0,0,pc=85 LOAD WGT,,,,,,,,,0x005ffa0d,0x0000,MEMORY READ,,,,,,,16,1,16,0,0,0,0,,,,,,,,,,,,,,,,,
layer_14,86,LOAD INP,LOAD,0,1,0,0,1,0,0,0,pc=86 LOAD INP,,,,,,,,,0x05fea9f4,0x00a9,MEMORY READ,,,,,,,13,13,14,0,0,0,0,,,,,,,,,,,,,,,,,
layer_14,87,LOAD WGT,LOAD,0,0,0,1,2,0,0,0,pc=87 LOAD WGT,,,,,,,,,0x005ffb0d,0x0010,MEMORY READ,,,,,,,16,1,16,0,0,0,0,,,,,,,,,,,,,,,,,
layer_14,88,GEMM,COMPUTE,1,0,1,0,1,1,0,0,pc=88 GEMM,,,,,,,,,,,,,,,,,,,,,,,,,0,14,21,7,0,2,1,16,1,0,49,,,,,,
layer_14,89,GEMM,COMPUTE,1,0,1,0,0,2,0,0,pc=89 GEMM,,,,,,,,,,,,,,,,,,,,,,,,,0,21,28,7,0,2,1,16,1,0,49,,,,,,
layer_14,90,LOAD INP,LOAD,0,1,0,0,0,1,0,0,pc=90 LOAD INP,,,,,,,,,0x05feaab8,0x0000,MEMORY READ,,,,,,,13,13,14,0,0,0,0,,,,,,,,,,,,,,,,,
layer_14,91,LOAD WGT,LOAD,0,0,0,1,1,1,0,0,pc=91 LOAD WGT,,,,,,,,,0x005ffa0e,0x0000,MEMORY READ,,,,,,,16,1,16,0,0,0,0,,,,,,,,,,,,,,,,,
layer_14,92,LOAD INP,LOAD,0,1,0,0,1,0,0,0,pc=92 LOAD INP,,,,,,,,,0x05feaab8,0x00a9,MEMORY READ,,,,,,,13,13,14,0,0,0,0,,,,,,,,,,,,,,,,,
layer_14,93,LOAD WGT,LOAD,0,0,0,1,2,0,0,0,pc=93 LOAD WGT,,,,,,,,,0x005ffb0e,0x0010,MEMORY READ,,,,,,,16,1,16,0,0,0,0,,,,,,,,,,,,,,,,,
layer_14,94,GEMM,COMPUTE,1,0,1,0,1,1,0,0,pc=94 GEMM,,,,,,,,,,,,,,,,,,,,,,,,,0,14,21,7,0,2,1,16,1,0,49,,,,,,
layer_14,95,GEMM,COMPUTE,1,0,1,0,0,2,0,0,pc=95 GEMM,,,,,,,,,,,,,,,,,,,,,,,,,0,21,28,7,0,2,1,16,1,0,49,,,,,,
layer_14,96,LOAD INP,LOAD,0,1,0,0,0,1,0,0,pc=96 LOAD INP,,,,,,,,,0x05feab7c,0x0000,MEMORY READ,,,,,,,13,13,14,0,0,0,0,,,,,,,,,,,,,,,,,
layer_14,97,LOAD WGT,LOAD,0,0,0,1,1,1,0,0,pc=97 LOAD WGT,,,,,,,,,0x005ffa0f,0x0000,MEMORY READ,,,,,,,16,1,16,0,0,0,0,,,,,,,,,,,,,,,,,
layer_14,98,LOAD INP,LOAD,0,1,0,0,1,0,0,0,pc=98 LOAD INP,,,,,,,,,0x05feab7c,0x00a9,MEMORY READ,,,,,,,13,13,14,0,0,0,0,,,,,,,,,,,,,,,,,
layer_14,99,LOAD WGT,LOAD,0,0,0,1,2,0,0,0,pc=99 LOAD WGT,,,,,,,,,0x005ffb0f,0x0010,MEMORY READ,,,,,,,16,1,16,0,0,0,0,,,,,,,,,,,,,,,,,
layer_14,100,GEMM,COMPUTE,1,0,1,0,1,1,0,0,pc=100 GEMM,,,,,,,,,,,,,,,,,,,,,,,,,0,14,21,7,0,2,1,16,1,0,49,,,,,,
layer_14,101,GEMM,COMPUTE,1,0,1,0,0,2,0,0,pc=101 GEMM,,,,,,,,,,,,,,,,,,,,,,,,,0,21,28,7,0,2,1,16,1,0,49,,,,,,
layer_14,102,NOP-MEMORY-STAGE,LOAD,0,1,0,0,0,1,0,0,pc=102 NOP-MEMORY-STAGE,,,,,,,,,,,,,,,,,,,,,,,,,,,,,,,,,,,,,,,,,
layer_14,103,LOAD ACC,COMPUTE,0,0,0,0,0,1,0,0,pc=103 LOAD ACC,,,,,,,,,0x016a9f40,0x0310,MEMORY READ,,,,,,,1,16,16,0,0,0,0,,,,,,,,,,,,,,,,,
layer_14,104,LOAD UOP,COMPUTE,0,0,0,0,0,1,0,0,pc=104 LOAD UOP,,,,,,,,,0x1858001c,0x001c,MEMORY READ,,,,,,,1,1,1,0,0,0,0,,,,,,,,,,,,,,,,,
layer_14,105,ALU - add,COMPUTE,0,0,0,0,0,1,0,0,pc=105 ALU - add,,,,,,,,,,,,,,,,,,,,,,,,,0,28,29,,,,,,,,,16,49,1,49,1,0
layer_14,106,LOAD UOP,COMPUTE,0,0,0,0,0,1,0,0,pc=106 LOAD UOP,,,,,,,,,0x1858001d,0x001d,MEMORY READ,,,,,,,1,1,1,0,0,0,0,,,,,,,,,,,,,,,,,
layer_14,107,ALU - add imm,COMPUTE,0,0,0,0,0,1,0,0,pc=107 ALU - add imm,,,,,,,,,,,,,,,,,,,,,,,,,0,29,30,,,,,,,,,1,0,0,784,1,1
layer_14,108,LOAD UOP,COMPUTE,0,0,0,0,0,1,0,0,pc=108 LOAD UOP,,,,,,,,,0x1858001e,0x001e,MEMORY READ,,,,,,,1,1,1,0,0,0,0,,,,,,,,,,,,,,,,,
layer_14,109,ALU - shr,COMPUTE,0,0,0,0,0,1,0,0,pc=109 ALU - shr,,,,,,,,,,,,,,,,,,,,,,,,,0,30,31,,,,,,,,,1,0,0,784,1,1
layer_14,110,LOAD UOP,COMPUTE,0,0,0,0,0,1,0,0,pc=110 LOAD UOP,,,,,,,,,0x1858001f,0x001f,MEMORY READ,,,,,,,1,1,1,0,0,0,0,,,,,,,,,,,,,,,,,
layer_14,111,ALU - min imm,COMPUTE,0,0,0,0,0,1,0,0,pc=111 ALU - min imm,,,,,,,,,,,,,,,,,,,,,,,,,0,31,32,,,,,,,,,1,0,0,784,1,1
layer_14,112,LOAD UOP,COMPUTE,0,0,0,0,0,1,0,0,pc=112 LOAD UOP,,,,,,,,,0x18580020,0x0020,MEMORY READ,,,,,,,1,1,1,0,0,0,0,,,,,,,,,,,,,,,,,
layer_14,113,ALU - max imm,COMPUTE,0,0,0,1,0,1,0,1,pc=113 ALU - max imm,,,,,,,,,,,,,,,,,,,,,,,,,0,32,33,,,,,,,,,1,0,0,784,1,1
layer_14,114,LOAD ACC,COMPUTE,0,0,0,0,0,1,0,1,pc=114 LOAD ACC,,,,,,,,,0x016a9f50,0x0630,MEMORY READ,,,,,,,1,16,16,0,0,0,0,,,,,,,,,,,,,,,,,
layer_14,115,LOAD UOP,COMPUTE,0,0,0,0,0,1,0,1,pc=115 LOAD UOP,,,,,,,,,0x18580021,0x0021,MEMORY READ,,,,,,,1,1,1,0,0,0,0,,,,,,,,,,,,,,,,,
layer_14,116,ALU - add,COMPUTE,0,0,0,0,0,1,0,1,pc=116 ALU - add,,,,,,,,,,,,,,,,,,,,,,,,,0,33,34,,,,,,,,,16,49,1,49,1,0
layer_14,117,LOAD UOP,COMPUTE,0,0,0,0,0,1,0,1,pc=117 LOAD UOP,,,,,,,,,0x18580022,0x0022,MEMORY READ,,,,,,,1,1,1,0,0,0,0,,,,,,,,,,,,,,,,,
layer_14,118,ALU - add imm,COMPUTE,0,0,0,0,0,1,0,1,pc=118 ALU - add imm,,,,,,,,,,,,,,,,,,,,,,,,,0,34,35,,,,,,,,,1,0,0,784,1,1
layer_14,119,LOAD UOP,COMPUTE,0,0,0,0,0,1,0,1,pc=119 LOAD UOP,,,,,,,,,0x18580023,0x0023,MEMORY READ,,,,,,,1,1,1,0,0,0,0,,,,,,,,,,,,,,,,,
layer_14,120,ALU - shr,COMPUTE,0,0,0,0,0,1,0,1,pc=120 ALU - shr,,,,,,,,,,,,,,,,,,,,,,,,,0,35,36,,,,,,,,,1,0,0,784,1,1
layer_14,121,LOAD UOP,COMPUTE,0,0,0,0,0,1,0,1,pc=121 LOAD UOP,,,,,,,,,0x18580024,0x0024,MEMORY READ,,,,,,,1,1,1,0,0,0,0,,,,,,,,,,,,,,,,,
layer_14,122,ALU - min imm,COMPUTE,0,0,0,0,0,1,0,1,pc=122 ALU - min imm,,,,,,,,,,,,,,,,,,,,,,,,,0,36,37,,,,,,,,,1,0,0,784,1,1
layer_14,123,LOAD UOP,COMPUTE,0,0,0,0,0,1,0,1,pc=123 LOAD UOP,,,,,,,,,0x18580025,0x0025,MEMORY READ,,,,,,,1,1,1,0,0,0,0,,,,,,,,,,,,,,,,,
layer_14,124,ALU - max imm,COMPUTE,0,0,0,1,0,1,0,2,pc=124 ALU - max imm,,,,,,,,,,,,,,,,,,,,,,,,,0,37,38,,,,,,,,,1,0,0,784,1,1
layer_14,125,STORE,STORE,1,0,0,0,0,1,0,1,pc=125 STORE,,,,,,,,,0x05fe9800,0x0000,MEMORY WRITE,,,,,,,1,784,784,0,0,0,0,,,,,,,,,,,,,,,,,
layer_14,126,STORE,STORE,1,0,1,0,0,1,1,0,pc=126 STORE,,,,,,,,,0x05fe9b10,0x0320,MEMORY WRITE,,,,,,,1,784,784,0,0,0,0,,,,,,,,,,,,,,,,,
layer_14,127,NOP-MEMORY-STAGE,LOAD,0,1,0,0,0,0,1,0,pc=127 NOP-MEMORY-STAGE,,,,,,,,,,,,,,,,,,,,,,,,,,,,,,,,,,,,,,,,,
layer_14,128,NOP-MEMORY-STAGE,LOAD,0,0,0,1,1,0,1,0,pc=128 NOP-MEMORY-STAGE,,,,,,,,,,,,,,,,,,,,,,,,,,,,,,,,,,,,,,,,,
layer_14,129,NOP-COMPUTE-STAGE,COMPUTE,1,1,0,0,0,0,0,0,pc=129 NOP-COMPUTE-STAGE,,,,,,,,,,,,,,,,,,,,,,,,,,,,,,,,,,,,,,,,,
layer_14,130,FINISH,COMPUTE,,,,,0,0,0,0,pc=130 FINISH,,,,,,,,,,,,,,,,,,,,,,,,,,,,,,,,,,,,,,,,,
layer_15,0,LOAD UOP,COMPUTE,0,0,0,0,0,0,0,0,pc=0 LOAD UOP,,,,,,,,,0x18580000,0x0000,MEMORY READ,,,,,,,1,7,7,0,0,0,0,,,,,,,,,,,,,,,,,
layer_15,1,GEMM,COMPUTE,0,0,1,0,0,1,0,0,pc=1 GEMM,,,,,,,,,,,,,,,,,,,,,,,,,1,0,7,7,0,0,1,16,0,0,49,,,,,,
layer_15,2,LOAD UOP,COMPUTE,0,0,0,0,0,1,0,0,pc=2 LOAD UOP,,,,,,,,,0x18580007,0x0007,MEMORY READ,,,,,,,1,7,7,0,0,0,0,,,,,,,,,,,,,,,,,
layer_15,3,GEMM,COMPUTE,0,0,1,0,0,2,0,0,pc=3 GEMM,,,,,,,,,,,,,,,,,,,,,,,,,1,7,14,7,0,0,1,16,0,0,49,,,,,,
layer_15,4,LOAD INP,LOAD,0,1,0,0,0,1,0,0,pc=4 LOAD INP,,,,,,,,,0x05fea000,0x0000,MEMORY READ,,,,,,,14,14,14,1,0,1,0,,,,,,,,,,,,,,,,,
layer_15,5,LOAD WGT,LOAD,0,0,0,1,1,1,0,0,pc=5 LOAD WGT,,,,,,,,,0x00609000,0x0000,MEMORY READ,,,,,,,16,9,144,0,0,0,0,,,,,,,,,,,,,,,,,
layer_15,6,LOAD INP,LOAD,0,1,0,0,1,0,0,0,pc=6 LOAD INP,,,,,,,,,0x05fea000,0x00e1,MEMORY READ,,,,,,,14,14,14,1,0,1,0,,,,,,,,,,,,,,,,,
layer_15,7,LOAD WGT,LOAD,0,0,0,1,2,0,0,0,pc=7 LOAD WGT,,,,,,,,,0x00609900,0x0090,MEMORY READ,,,,,,,16,9,144,0,0,0,0,,,,,,,,,,,,,,,,,
layer_15,8,LOAD UOP,COMPUTE,1,0,0,0,1,0,0,0,pc=8 LOAD UOP,,,,,,,,,0x1858000e,0x000e,MEMORY READ,,,,,,,1,336,336,0,0,0,0,,,,,,,,,,,,,,,,,
layer_15,9,GEMM,COMPUTE,0,0,1,0,1,1,0,0,pc=9 GEMM,,,,,,,,,,,,,,,,,,,,,,,,,0,14,350,7,0,2,1,3,1,1,0,,,,,,
layer_15,10,LOAD UOP,COMPUTE,1,0,0,0,0,1,0,0,pc=10 LOAD UOP,,,,,,,,,0x1858015e,0x015e,MEMORY READ,,,,,,,1,336,336,0,0,0,0,,,,,,,,,,,,,,,,,
layer_15,11,GEMM,COMPUTE,0,0,1,0,0,2,0,0,pc=11 GEMM,,,,,,,,,,,,,,,,,,,,,,,,,0,350,686,7,0,2,1,3,1,1,0,,,,,,
layer_15,12,LOAD INP,LOAD,0,1,0,0,0,1,0,0,pc=12 LOAD INP,,,,,,,,,0x05fea0c4,0x0000,MEMORY READ,,,,,,,14,14,14,1,0,1,0,,,,,,,,,,,,,,,,,
layer_15,13,LOAD WGT,LOAD,0,0,0,1,1,1,0,0,pc=13 LOAD WGT,,,,,,,,,0x00609009,0x0000,MEMORY READ,,,,,,,16,9,144,0,0,0,0,,,,,,,,,,,,,,,,,
layer_15,14,LOAD INP,LOAD,0,1,0,0,1,0,0,0,pc=14 LOAD INP,,,,,,,,,0x05fea0c4,0x00e1,MEMORY READ,,,,,,,14,14,14,1,0,1,0,,,,,,,,,,,,,,,,,
layer_15,15,LOAD WGT,LOAD,0,0,0,1,2,0,0,0,pc=15 LOAD WGT,,,,,,,,,0x00609909,0x0090,MEMORY READ,,,,,,,16,9,144,0,0,0,0,,,,,,,,,,,,,,,,,
layer_15,16,GEMM,COMPUTE,1,0,1,0,1,1,0,0,pc=16 GEMM,,,,,,,,,,,,,,,,,,,,,,,,,0,14,350,7,0,2,1,3,1,1,0,,,,,,
layer_15,17,GEMM,COMPUTE,1,0,1,0,0,2,0,0,pc=17 GEMM,,,,,,,,,,,,,,,,,,,,,,,,,0,350,686,7,0,2,1,3,1,1,0,,,,,,
layer_15,18,LOAD INP,LOAD,0,1,0,0,0,1,0,0,pc=18 LOAD INP,,,,,,,,,0x05fea188,0x0000,MEMORY READ,,,,,,,14,14,14,1,0,1,0,,,,,,,,,,,,,,,,,
layer_15,19,LOAD WGT,LOAD,0,0,0,1,1,1,0,0,pc=19 LOAD WGT,,,,,,,,,0x00609012,0x0000,MEMORY READ,,,,,,,16,9,144,0,0,0,0,,,,,,,,,,,,,,,,,
layer_15,20,LOAD INP,LOAD,0,1,0,0,1,0,0,0,pc=20 LOAD INP,,,,,,,,,0x05fea188,0x00e1,MEMORY READ,,,,,,,14,14,14,1,0,1,0,,,,,,,,,,,,,,,,,
layer_15,21,LOAD WGT,LOAD,0,0,0,1,2,0,0,0,pc=21 LOAD WGT,,,,,,,,,0x00609912,0x0090,MEMORY READ,,,,,,,16,9,144,0,0,0,0,,,,,,,,,,,,,,,,,
layer_15,22,GEMM,COMPUTE,1,0,1,0,1,1,0,0,pc=22 GEMM,,,,,,,,,,,,,,,,,,,,,,,,,0,14,350,7,0,2,1,3,1,1,0,,,,,,
layer_15,23,GEMM,COMPUTE,1,0,1,0,0,2,0,0,pc=23 GEMM,,,,,,,,,,,,,,,,,,,,,,,,,0,350,686,7,0,2,1,3,1,1,0,,,,,,
layer_15,24,LOAD INP,LOAD,0,1,0,0,0,1,0,0,pc=24 LOAD INP,,,,,,,,,0x05fea24c,0x0000,MEMORY READ,,,,,,,14,14,14,1,0,1,0,,,,,,,,,,,,,,,,,
layer_15,25,LOAD WGT,LOAD,0,0,0,1,1,1,0,0,pc=25 LOAD WGT,,,,,,,,,0x0060901b,0x0000,MEMORY READ,,,,,,,16,9,144,0,0,0,0,,,,,,,,,,,,,,,,,
layer_15,26,LOAD INP,LOAD,0,1,0,0,1,0,0,0,pc=26 LOAD INP,,,,,,,,,0x05fea24c,0x00e1,MEMORY READ,,,,,,,14,14,14,1,0,1,0,,,,,,,,,,,,,,,,,
layer_15,27,LOAD WGT,LOAD,0,0,0,1,2,0,0,0,pc=27 LOAD WGT,,,,,,,,,0x0060991b,0x0090,MEMORY READ,,,,,,,16,9,144,0,0,0,0,,,,,,,,,,,,,,,,,
layer_15,28,GEMM,COMPUTE,1,0,1,0,1,1,0,0,pc=28 GEMM,,,,,,,,,,,,,,,,,,,,,,,,,0,14,350,7,0,2,1,3,1,1,0,,,,,,
layer_15,29,GEMM,COMPUTE,1,0,1,0,0,2,0,0,pc=29 GEMM,,,,,,,,,,,,,,,,,,,,,,,,,0,350,686,7,0,2,1,3,1,1,0,,,,,,
layer_15,30,LOAD INP,LOAD,0,1,0,0,0,1,0,0,pc=30 LOAD INP,,,,,,,,,0x05fea310,0x0000,MEMORY READ,,,,,,,14,14,14,1,0,1,0,,,,,,,,,,,,,,,,,
layer_15,31,LOAD WGT,LOAD,0,0,0,1,1,1,0,0,pc=31 LOAD WGT,,,,,,,,,0x00609024,0x0000,MEMORY READ,,,,,,,16,9,144,0,0,0,0,,,,,,,,,,,,,,,,,
layer_15,32,LOAD INP,LOAD,0,1,0,0,1,0,0,0,pc=32 LOAD INP,,,,,,,,,0x05fea310,0x00e1,MEMORY READ,,,,,,,14,14,14,1,0,1,0,,,,,,,,,,,,,,,,,
layer_15,33,LOAD WGT,LOAD,0,0,0,1,2,0,0,0,pc=33 LOAD WGT,,,,,,,,,0x00609924,0x0090,MEMORY READ,,,,,,,16,9,144,0,0,0,0,,,,,,,,,,,,,,,,,
layer_15,34,GEMM,COMPUTE,1,0,1,0,1,1,0,0,pc=34 GEMM,,,,,,,,,,,,,,,,,,,,,,,,,0,14,350,7,0,2,1,3,1,1,0,,,,,,
layer_15,35,GEMM,COMPUTE,1,0,1,0,0,2,0,0,pc=35 GEMM,,,,,,,,,,,,,,,,,,,,,,,,,0,350,686,7,0,2,1,3,1,1,0,,,,,,
layer_15,36,LOAD INP,LOAD,0,1,0,0,0,1,0,0,pc=36 LOAD INP,,,,,,,,,0x05fea3d4,0x0000,MEMORY READ,,,,,,,14,14,14,1,0,1,0,,,,,,,,,,,,,,,,,
layer_15,37,LOAD WGT,LOAD,0,0,0,1,1,1,0,0,pc=37 LOAD WGT,,,,,,,,,0x0060902d,0x0000,MEMORY READ,,,,,,,16,9,144,0,0,0,0,,,,,,,,,,,,,,,,,
layer_15,38,LOAD INP,LOAD,0,1,0,0,1,0,0,0,pc=38 LOAD INP,,,,,,,,,0x05fea3d4,0x00e1,MEMORY READ,,,,,,,14,14,14,1,0,1,0,,,,,,,,,,,,,,,,,
layer_15,39,LOAD WGT,LOAD,0,0,0,1,2,0,0,0,pc=39 LOAD WGT,,,,,,,,,0x0060992d,0x0090,MEMORY READ,,,,,,,16,9,144,0,0,0,0,,,,,,,,,,,,,,,,,
layer_15,40,GEMM,COMPUTE,1,0,1,0,1,1,0,0,pc=40 GEMM,,,,,,,,,,,,,,,,,,,,,,,,,0,14,350,7,0,2,1,3,1,1,0,,,,,,
layer_15,41,GEMM,COMPUTE,1,0,1,0,0,2,0,0,pc=41 GEMM,,,,,,,,,,,,,,,,,,,,,,,,,0,350,686,7,0,2,1,3,1,1,0,,,,,,
layer_15,42,LOAD INP,LOAD,0,1,0,0,0,1,0,0,pc=42 LOAD INP,,,,,,,,,0x05fea498,0x0000,MEMORY READ,,,,,,,14,14,14,1,0,1,0,,,,,,,,,,,,,,,,,
layer_15,43,LOAD WGT,LOAD,0,0,0,1,1,1,0,0,pc=43 LOAD WGT,,,,,,,,,0x00609036,0x0000,MEMORY READ,,,,,,,16,9,144,0,0,0,0,,,,,,,,,,,,,,,,,
layer_15,44,LOAD INP,LOAD,0,1,0,0,1,0,0,0,pc=44 LOAD INP,,,,,,,,,0x05fea498,0x00e1,MEMORY READ,,,,,,,14,14,14,1,0,1,0,,,,,,,,,,,,,,,,,
layer_15,45,LOAD WGT,LOAD,0,0,0,1,2,0,0,0,pc=45 LOAD WGT,,,,,,,,,0x00609936,0x0090,MEMORY READ,,,,,,,16,9,144,0,0,0,0,,,,,,,,,,,,,,,,,
layer_15,46,GEMM,COMPUTE,1,0,1,0,1,1,0,0,pc=46 GEMM,,,,,,,,,,,,,,,,,,,,,,,,,0,14,350,7,0,2,1,3,1,1,0,,,,,,
layer_15,47,GEMM,COMPUTE,1,0,1,0,0,2,0,0,pc=47 GEMM,,,,,,,,,,,,,,,,,,,,,,,,,0,350,686,7,0,2,1,3,1,1,0,,,,,,
layer_15,48,LOAD INP,LOAD,0,1,0,0,0,1,0,0,pc=48 LOAD INP,,,,,,,,,0x05fea55c,0x0000,MEMORY READ,,,,,,,14,14,14,1,0,1,0,,,,,,,,,,,,,,,,,
layer_15,49,LOAD WGT,LOAD,0,0,0,1,1,1,0,0,pc=49 LOAD WGT,,,,,,,,,0x0060903f,0x0000,MEMORY READ,,,,,,,16,9,144,0,0,0,0,,,,,,,,,,,,,,,,,
layer_15,50,LOAD INP,LOAD,0,1,0,0,1,0,0,0,pc=50 LOAD INP,,,,,,,,,0x05fea55c,0x00e1,MEMORY READ,,,,,,,14,14,14,1,0,1,0,,,,,,,,,,,,,,,,,
layer_15,51,LOAD WGT,LOAD,0,0,0,1,2,0,0,0,pc=51 LOAD WGT,,,,,,,,,0x0060993f,0x0090,MEMORY READ,,,,,,,16,9,144,0,0,0,0,,,,,,,,,,,,,,,,,
layer_15,52,GEMM,COMPUTE,1,0,1,0,1,1,0,0,pc=52 GEMM,,,,,,,,,,,,,,,,,,,,,,,,,0,14,350,7,0,2,1,3,1,1,0,,,,,,
layer_15,53,GEMM,COMPUTE,1,0,1,0,0,2,0,0,pc=53 GEMM,,,,,,,,,,,,,,,,,,,,,,,,,0,350,686,7,0,2,1,3,1,1,0,,,,,,
layer_15,54,LOAD INP,LOAD,0,1,0,0,0,1,0,0,pc=54 LOAD INP,,,,,,,,,0x05fea620,0x0000,MEMORY READ,,,,,,,14,14,14,1,0,1,0,,,,,,,,,,,,,,,,,
layer_15,55,LOAD WGT,LOAD,0,0,0,1,1,1,0,0,pc=55 LOAD WGT,,,,,,,,,0x00609048,0x0000,MEMORY READ,,,,,,,16,9,144,0,0,0,0,,,,,,,,,,,,,,,,,
layer_15,56,LOAD INP,LOAD,0,1,0,0,1,0,0,0,pc=56 LOAD INP,,,,,,,,,0x05fea620,0x00e1,MEMORY READ,,,,,,,14,14,14,1,0,1,0,,,,,,,,,,,,,,,,,
layer_15,57,LOAD WGT,LOAD,0,0,0,1,2,0,0,0,pc=57 LOAD WGT,,,,,,,,,0x00609948,0x0090,MEMORY READ,,,,,,,16,9,144,0,0,0,0,,,,,,,,,,,,,,,,,
layer_15,58,GEMM,COMPUTE,1,0,1,0,1,1,0,0,pc=58 GEMM,,,,,,,,,,,,,,,,,,,,,,,,,0,14,350,7,0,2,1,3,1,1,0,,,,,,
layer_15,59,GEMM,COMPUTE,1,0,1,0,0,2,0,0,pc=59 GEMM,,,,,,,,,,,,,,,,,,,,,,,,,0,350,686,7,0,2,1,3,1,1,0,,,,,,
layer_15,60,LOAD INP,LOAD,0,1,0,0,0,1,0,0,pc=60 LOAD INP,,,,,,,,,0x05fea6e4,0x0000,MEMORY READ,,,,,,,14,14,14,1,0,1,0,,,,,,,,,,,,,,,,,
layer_15,61,LOAD WGT,LOAD,0,0,0,1,1,1,0,0,pc=61 LOAD WGT,,,,,,,,,0x00609051,0x0000,MEMORY READ,,,,,,,16,9,144,0,0,0,0,,,,,,,,,,,,,,,,,
layer_15,62,LOAD INP,LOAD,0,1,0,0,1,0,0,0,pc=62 LOAD INP,,,,,,,,,0x05fea6e4,0x00e1,MEMORY READ,,,,,,,14,14,14,1,0,1,0,,,,,,,,,,,,,,,,,
layer_15,63,LOAD WGT,LOAD,0,0,0,1,2,0,0,0,pc=63 LOAD WGT,,,,,,,,,0x00609951,0x0090,MEMORY READ,,,,,,,16,9,144,0,0,0,0,,,,,,,,,,,,,,,,,
layer_15,64,GEMM,COMPUTE,1,0,1,0,1,1,0,0,pc=64 GEMM,,,,,,,,,,,,,,,,,,,,,,,,,0,14,350,7,0,2,1,3,1,1,0,,,,,,
layer_15,65,GEMM,COMPUTE,1,0,1,0,0,2,0,0,pc=65 GEMM,,,,,,,,,,,,,,,,,,,,,,,,,0,350,686,7,0,2,1,3,1,1,0,,,,,,
layer_15,66,LOAD INP,LOAD,0,1,0,0,0,1,0,0,pc=66 LOAD INP,,,,,,,,,0x05fea7a8,0x0000,MEMORY READ,,,,,,,14,14,14,1,0,1,0,,,,,,,,,,,,,,,,,
layer_15,67,LOAD WGT,LOAD,0,0,0,1,1,1,0,0,pc=67 LOAD WGT,,,,,,,,,0x0060905a,0x0000,MEMORY READ,,,,,,,16,9,144,0,0,0,0,,,,,,,,,,,,,,,,,
layer_15,68,LOAD INP,LOAD,0,1,0,0,1,0,0,0,pc=68 LOAD INP,,,,,,,,,0x05fea7a8,0x00e1,MEMORY READ,,,,,,,14,14,14,1,0,1,0,,,,,,,,,,,,,,,,,
layer_15,69,LOAD WGT,LOAD,0,0,0,1,2,0,0,0,pc=69 LOAD WGT,,,,,,,,,0x0060995a,0x0090,MEMORY READ,,,,,,,16,9,144,0,0,0,0,,,,,,,,,,,,,,,,,
layer_15,70,GEMM,COMPUTE,1,0,1,0,1,1,0,0,pc=70 GEMM,,,,,,,,,,,,,,,,,,,,,,,,,0,14,350,7,0,2,1,3,1,1,0,,,,,,
layer_15,71,GEMM,COMPUTE,1,0,1,0,0,2,0,0,pc=71 GEMM,,,,,,,,,,,,,,,,,,,,,,,,,0,350,686,7,0,2,1,3,1,1,0,,,,,,
layer_15,72,LOAD INP,LOAD,0,1,0,0,0,1,0,0,pc=72 LOAD INP,,,,,,,,,0x05fea86c,0x0000,MEMORY READ,,,,,,,14,14,14,1,0,1,0,,,,,,,,,,,,,,,,,
layer_15,73,LOAD WGT,LOAD,0,0,0,1,1,1,0,0,pc=73 LOAD WGT,,,,,,,,,0x00609063,0x0000,MEMORY READ,,,,,,,16,9,144,0,0,0,0,,,,,,,,,,,,,,,,,
layer_15,74,LOAD INP,LOAD,0,1,0,0,1,0,0,0,pc=74 LOAD INP,,,,,,,,,0x05fea86c,0x00e1,MEMORY READ,,,,,,,14,14,14,1,0,1,0,,,,,,,,,,,,,,,,,
layer_15,75,LOAD WGT,LOAD,0,0,0,1,2,0,0,0,pc=75 LOAD WGT,,,,,,,,,0x00609963,0x0090,MEMORY READ,,,,,,,16,9,144,0,0,0,0,,,,,,,,,,,,,,,,,
layer_15,76,GEMM,COMPUTE,1,0,1,0,1,1,0,0,pc=76 GEMM,,,,,,,,,,,,,,,,,,,,,,,,,0,14,350,7,0,2,1,3,1,1,0,,,,,,
layer_15,77,GEMM,COMPUTE,1,0,1,0,0,2,0,0,pc=77 GEMM,,,,,,,,,,,,,,,,,,,,,,,,,0,350,686,7,0,2,1,3,1,1,0,,,,,,
layer_15,78,LOAD INP,LOAD,0,1,0,0,0,1,0,0,pc=78 LOAD INP,,,,,,,,,0x05fea930,0x0000,MEMORY READ,,,,,,,14,14,14,1,0,1,0,,,,,,,,,,,,,,,,,
layer_15,79,LOAD WGT,LOAD,0,0,0,1,1,1,0,0,pc=79 LOAD WGT,,,,,,,,,0x0060906c,0x0000,MEMORY READ,,,,,,,16,9,144,0,0,0,0,,,,,,,,,,,,,,,,,
layer_15,80,LOAD INP,LOAD,0,1,0,0,1,0,0,0,pc=80 LOAD INP,,,,,,,,,0x05fea930,0x00e1,MEMORY READ,,,,,,,14,14,14,1,0,1,0,,,,,,,,,,,,,,,,,
layer_15,81,LOAD WGT,LOAD,0,0,0,1,2,0,0,0,pc=81 LOAD WGT,,,,,,,,,0x0060996c,0x0090,MEMORY READ,,,,,,,16,9,144,0,0,0,0,,,,,,,,,,,,,,,,,
layer_15,82,GEMM,COMPUTE,1,0,1,0,1,1,0,0,pc=82 GEMM,,,,,,,,,,,,,,,,,,,,,,,,,0,14,350,7,0,2,1,3,1,1,0,,,,,,
layer_15,83,GEMM,COMPUTE,1,0,1,0,0,2,0,0,pc=83 GEMM,,,,,,,,,,,,,,,,,,,,,,,,,0,350,686,7,0,2,1,3,1,1,0,,,,,,
layer_15,84,LOAD INP,LOAD,0,1,0,0,0,1,0,0,pc=84 LOAD INP,,,,,,,,,0x05fea9f4,0x0000,MEMORY READ,,,,,,,14,14,14,1,0,1,0,,,,,,,,,,,,,,,,,
layer_15,85,LOAD WGT,LOAD,0,0,0,1,1,1,0,0,pc=85 LOAD WGT,,,,,,,,,0x00609075,0x0000,MEMORY READ,,,,,,,16,9,144,0,0,0,0,,,,,,,,,,,,,,,,,
layer_15,86,LOAD INP,LOAD,0,1,0,0,1,0,0,0,pc=86 LOAD INP,,,,,,,,,0x05fea9f4,0x00e1,MEMORY READ,,,,,,,14,14,14,1,0,1,0,,,,,,,,,,,,,,,,,
layer_15,87,LOAD WGT,LOAD,0,0,0,1,2,0,0,0,pc=87 LOAD WGT,,,,,,,,,0x00609975,0x0090,MEMORY READ,,,,,,,16,9,144,0,0,0,0,,,,,,,,,,,,,,,,,
layer_15,88,GEMM,COMPUTE,1,0,1,0,1,1,0,0,pc=88 GEMM,,,,,,,,,,,,,,,,,,,,,,,,,0,14,350,7,0,2,1,3,1,1,0,,,,,,
layer_15,89,GEMM,COMPUTE,1,0,1,0,0,2,0,0,pc=89 GEMM,,,,,,,,,,,,,,,,,,,,,,,,,0,350,686,7,0,2,1,3,1,1,0,,,,,,
layer_15,90,LOAD INP,LOAD,0,1,0,0,0,1,0,0,pc=90 LOAD INP,,,,,,,,,0x05feaab8,0x0000,MEMORY READ,,,,,,,14,14,14,1,0,1,0,,,,,,,,,,,,,,,,,
layer_15,91,LOAD WGT,LOAD,0,0,0,1,1,1,0,0,pc=91 LOAD WGT,,,,,,,,,0x0060907e,0x0000,MEMORY READ,,,,,,,16,9,144,0,0,0,0,,,,,,,,,,,,,,,,,
layer_15,92,LOAD INP,LOAD,0,1,0,0,1,0,0,0,pc=92 LOAD INP,,,,,,,,,0x05feaab8,0x00e1,MEMORY READ,,,,,,,14,14,14,1,0,1,0,,,,,,,,,,,,,,,,,
layer_15,93,LOAD WGT,LOAD,0,0,0,1,2,0,0,0,pc=93 LOAD WGT,,,,,,,,,0x0060997e,0x0090,MEMORY READ,,,,,,,16,9,144,0,0,0,0,,,,,,,,,,,,,,,,,
layer_15,94,GEMM,COMPUTE,1,0,1,0,1,1,0,0,pc=94 GEMM,,,,,,,,,,,,,,,,,,,,,,,,,0,14,350,7,0,2,1,3,1,1,0,,,,,,
layer_15,95,GEMM,COMPUTE,1,0,1,0,0,2,0,0,pc=95 GEMM,,,,,,,,,,,,,,,,,,,,,,,,,0,350,686,7,0,2,1,3,1,1,0,,,,,,
layer_15,96,LOAD INP,LOAD,0,1,0,0,0,1,0,0,pc=96 LOAD INP,,,,,,,,,0x05feab7c,0x0000,MEMORY READ,,,,,,,14,14,14,1,0,1,0,,,,,,,,,,,,,,,,,
layer_15,97,LOAD WGT,LOAD,0,0,0,1,1,1,0,0,pc=97 LOAD WGT,,,,,,,,,0x00609087,0x0000,MEMORY READ,,,,,,,16,9,144,0,0,0,0,,,,,,,,,,,,,,,,,
layer_15,98,LOAD INP,LOAD,0,1,0,0,1,0,0,0,pc=98 LOAD INP,,,,,,,,,0x05feab7c,0x00e1,MEMORY READ,,,,,,,14,14,14,1,0,1,0,,,,,,,,,,,,,,,,,
layer_15,99,LOAD WGT,LOAD,0,0,0,1,2,0,0,0,pc=99 LOAD WGT,,,,,,,,,0x00609987,0x0090,MEMORY READ,,,,,,,16,9,144,0,0,0,0,,,,,,,,,,,,,,,,,
layer_15,100,GEMM,COMPUTE,1,0,1,0,1,1,0,0,pc=100 GEMM,,,,,,,,,,,,,,,,,,,,,,,,,0,14,350,7,0,2,1,3,1,1,0,,,,,,
layer_15,101,GEMM,COMPUTE,1,0,1,0,0,2,0,0,pc=101 GEMM,,,,,,,,,,,,,,,,,,,,,,,,,0,350,686,7,0,2,1,3,1,1,0,,,,,,
layer_15,102,NOP-MEMORY-STAGE,LOAD,0,1,0,0,0,1,0,0,pc=102 NOP-MEMORY-STAGE,,,,,,,,,,,,,,,,,,,,,,,,,,,,,,,,,,,,,,,,,
layer_15,103,LOAD ACC,COMPUTE,0,0,0,0,0,1,0,0,pc=103 LOAD ACC,,,,,,,,,0x00bb1f00,0x0310,MEMORY READ,,,,,,,1,16,16,0,0,0,0,,,,,,,,,,,,,,,,,
layer_15,104,LOAD UOP,COMPUTE,0,0,0,0,0,1,0,0,pc=104 LOAD UOP,,,,,,,,,0x185802ae,0x02ae,MEMORY READ,,,,,,,1,1,1,0,0,0,0,,,,,,,,,,,,,,,,,
layer_15,105,ALU - add,COMPUTE,0,0,0,0,0,1,0,0,pc=105 ALU - add,,,,,,,,,,,,,,,,,,,,,,,,,0,686,687,,,,,,,,,16,49,1,49,1,0
layer_15,106,LOAD UOP,COMPUTE,0,0,0,0,0,1,0,0,pc=106 LOAD UOP,,,,,,,,,0x185802af,0x02af,MEMORY READ,,,,,,,1,1,1,0,0,0,0,,,,,,,,,,,,,,,,,
layer_15,107,ALU - max imm,COMPUTE,0,0,0,0,0,1,0,0,pc=107 ALU - max imm,,,,,,,,,,,,,,,,,,,,,,,,,0,687,688,,,,,,,,,1,0,0,784,1,1
layer_15,108,LOAD UOP,COMPUTE,0,0,0,0,0,1,0,0,pc=108 LOAD UOP,,,,,,,,,0x185802b0,0x02b0,MEMORY READ,,,,,,,1,1,1,0,0,0,0,,,,,,,,,,,,,,,,,
layer_15,109,ALU - add imm,COMPUTE,0,0,0,0,0,1,0,0,pc=109 ALU - add imm,,,,,,,,,,,,,,,,,,,,,,,,,0,688,689,,,,,,,,,1,0,0,784,1,1
layer_15,110,LOAD UOP,COMPUTE,0,0,0,0,0,1,0,0,pc=110 LOAD UOP,,,,,,,,,0x185802b1,0x02b1,MEMORY READ,,,,,,,1,1,1,0,0,0,0,,,,,,,,,,,,,,,,,
layer_15,111,ALU - shr,COMPUTE,0,0,0,0,0,1,0,0,pc=111 ALU - shr,,,,,,,,,,,,,,,,,,,,,,,,,0,689,690,,,,,,,,,1,0,0,784,1,1
layer_15,112,LOAD UOP,COMPUTE,0,0,0,0,0,1,0,0,pc=112 LOAD UOP,,,,,,,,,0x185802b2,0x02b2,MEMORY READ,,,,,,,1,1,1,0,0,0,0,,,,,,,,,,,,,,,,,
layer_15,113,ALU - min imm,COMPUTE,0,0,0,0,0,1,0,0,pc=113 ALU - min imm,,,,,,,,,,,,,,,,,,,,,,,,,0,690,691,,,,,,,,,1,0,0,784,1,1
layer_15,114,LOAD UOP,COMPUTE,0,0,0,0,0,1,0,0,pc=114 LOAD UOP,,,,,,,,,0x185802b3,0x02b3,MEMORY READ,,,,,,,1,1,1,0,0,0,0,,,,,,,,,,,,,,,,,
layer_15,115,ALU - max imm,COMPUTE,0,0,0,1,0,1,0,1,pc=115 ALU - max imm,,,,,,,,,,,,,,,,,,,,,,,,,0,691,692,,,,,,,,,1,0,0,784,1,1
layer_15,116,LOAD ACC,COMPUTE,0,0,0,0,0,1,0,1,pc=116 LOAD ACC,,,,,,,,,0x00bb1f10,0x0630,MEMORY READ,,,,,,,1,16,16,0,0,0,0,,,,,,,,,,,,,,,,,
layer_15,117,LOAD UOP,COMPUTE,0,0,0,0,0,1,0,1,pc=117 LOAD UOP,,,,,,,,,0x185802b4,0x02b4,MEMORY READ,,,,,,,1,1,1,0,0,0,0,,,,,,,,,,,,,,,,,
layer_15,118,ALU - add,COMPUTE,0,0,0,0,0,1,0,1,pc=118 ALU - add,,,,,,,,,,,,,,,,,,,,,,,,,0,692,693,,,,,,,,,16,49,1,49,1,0
layer_15,119,LOAD UOP,COMPUTE,0,0,0,0,0,1,0,1,pc=119 LOAD UOP,,,,,,,,,0x185802b5,0x02b5,MEMORY READ,,,,,,,1,1,1,0,0,0,0,,,,,,,,,,,,,,,,,
layer_15,120,ALU - max imm,COMPUTE,0,0,0,0,0,1,0,1,pc=120 ALU - max imm,,,,,,,,,,,,,,,,,,,,,,,,,0,693,694,,,,,,,,,1,0,0,784,1,1
layer_15,121,LOAD UOP,COMPUTE,0,0,0,0,0,1,0,1,pc=121 LOAD UOP,,,,,,,,,0x185802b6,0x02b6,MEMORY READ,,,,,,,1,1,1,0,0,0,0,,,,,,,,,,,,,,,,,
layer_15,122,ALU - add imm,COMPUTE,0,0,0,0,0,1,0,1,pc=122 ALU - add imm,,,,,,,,,,,,,,,,,,,,,,,,,0,694,695,,,,,,,,,1,0,0,784,1,1
layer_15,123,LOAD UOP,COMPUTE,0,0,0,0,0,1,0,1,pc=123 LOAD UOP,,,,,,,,,0x185802b7,0x02b7,MEMORY READ,,,,,,,1,1,1,0,0,0,0,,,,,,,,,,,,,,,,,
layer_15,124,ALU - shr,COMPUTE,0,0,0,0,0,1,0,1,pc=124 ALU - shr,,,,,,,,,,,,,,,,,,,,,,,,,0,695,696,,,,,,,,,1,0,0,784,1,1
layer_15,125,LOAD UOP,COMPUTE,0,0,0,0,0,1,0,1,pc=125 LOAD UOP,,,,,,,,,0x185802b8,0x02b8,MEMORY READ,,,,,,,1,1,1,0,0,0,0,,,,,,,,,,,,,,,,,
layer_15,126,ALU - min imm,COMPUTE,0,0,0,0,0,1,0,1,pc=126 ALU - min imm,,,,,,,,,,,,,,,,,,,,,,,,,0,696,697,,,,,,,,,1,0,0,784,1,1
layer_15,127,LOAD UOP,COMPUTE,0,0,0,0,0,1,0,1,pc=127 LOAD UOP,,,,,,,,,0x185802b9,0x02b9,MEMORY READ,,,,,,,1,1,1,0,0,0,0,,,,,,,,,,,,,,,,,
layer_15,128,ALU - max imm,COMPUTE,0,0,0,1,0,1,0,2,pc=128 ALU - max imm,,,,,,,,,,,,,,,,,,,,,,,,,0,697,698,,,,,,,,,1,0,0,784,1,1
layer_15,129,STORE,STORE,1,0,0,0,0,1,0,1,pc=129 STORE,,,,,,,,,0x05fee800,0x0000,MEMORY WRITE,,,,,,,1,784,784,0,0,0,0,,,,,,,,,,,,,,,,,
layer_15,130,STORE,STORE,1,0,1,0,0,1,1,0,pc=130 STORE,,,,,,,,,0x05feeb10,0x0320,MEMORY WRITE,,,,,,,1,784,784,0,0,0,0,,,,,,,,,,,,,,,,,
layer_15,131,NOP-MEMORY-STAGE,LOAD,0,1,0,0,0,0,1,0,pc=131 NOP-MEMORY-STAGE,,,,,,,,,,,,,,,,,,,,,,,,,,,,,,,,,,,,,,,,,
layer_15,132,NOP-MEMORY-STAGE,LOAD,0,0,0,1,1,0,1,0,pc=132 NOP-MEMORY-STAGE,,,,,,,,,,,,,,,,,,,,,,,,,,,,,,,,,,,,,,,,,
layer_15,133,NOP-COMPUTE-STAGE,COMPUTE,1,1,0,0,0,0,0,0,pc=133 NOP-COMPUTE-STAGE,,,,,,,,,,,,,,,,,,,,,,,,,,,,,,,,,,,,,,,,,
layer_15,134,FINISH,COMPUTE,,,,,0,0,0,0,pc=134 FINISH,,,,,,,,,,,,,,,,,,,,,,,,,,,,,,,,,,,,,,,,,
layer_16,0,LOAD UOP,COMPUTE,0,0,0,0,0,0,0,0,pc=0 LOAD UOP,,,,,,,,,0x18580000,0x0000,MEMORY READ,,,,,,,1,7,7,0,0,0,0,,,,,,,,,,,,,,,,,
layer_16,1,GEMM,COMPUTE,0,0,1,0,0,1,0,0,pc=1 GEMM,,,,,,,,,,,,,,,,,,,,,,,,,1,0,7,7,0,0,1,16,0,0,49,,,,,,
layer_16,2,LOAD UOP,COMPUTE,0,0,0,0,0,1,0,0,pc=2 LOAD UOP,,,,,,,,,0x18580007,0x0007,MEMORY READ,,,,,,,1,7,7,0,0,0,0,,,,,,,,,,,,,,,,,
layer_16,3,GEMM,COMPUTE,0,0,1,0,0,2,0,0,pc=3 GEMM,,,,,,,,,,,,,,,,,,,,,,,,,1,7,14,7,0,0,1,16,0,0,49,,,,,,
layer_16,4,LOAD INP,LOAD,0,1,0,0,0,1,0,0,pc=4 LOAD INP,,,,,,,,,0x05fee800,0x0000,MEMORY READ,,,,,,,7,7,7,1,1,1,1,,,,,,,,,,,,,,,,,
layer_16,5,LOAD WGT,LOAD,0,0,0,1,1,1,0,0,pc=5 LOAD WGT,,,,,,,,,0x0060b000,0x0000,MEMORY READ,,,,,,,16,9,288,0,0,0,0,,,,,,,,,,,,,,,,,
layer_16,6,LOAD INP,LOAD,0,1,0,0,1,0,0,0,pc=6 LOAD INP,,,,,,,,,0x05fee800,0x0051,MEMORY READ,,,,,,,7,7,7,1,1,1,1,,,,,,,,,,,,,,,,,
layer_16,7,LOAD WGT,LOAD,0,0,0,1,2,0,0,0,pc=7 LOAD WGT,,,,,,,,,0x0060c200,0x0090,MEMORY READ,,,,,,,16,9,288,0,0,0,0,,,,,,,,,,,,,,,,,
layer_16,8,LOAD UOP,COMPUTE,1,0,0,0,1,0,0,0,pc=8 LOAD UOP,,,,,,,,,0x1858000e,0x000e,MEMORY READ,,,,,,,1,336,336,0,0,0,0,,,,,,,,,,,,,,,,,
layer_16,9,GEMM,COMPUTE,0,0,1,0,1,1,0,0,pc=9 GEMM,,,,,,,,,,,,,,,,,,,,,,,,,0,14,350,7,0,1,1,3,1,1,0,,,,,,
layer_16,10,LOAD UOP,COMPUTE,1,0,0,0,0,1,0,0,pc=10 LOAD UOP,,,,,,,,,0x1858015e,0x015e,MEMORY READ,,,,,,,1,336,336,0,0,0,0,,,,,,,,,,,,,,,,,
layer_16,11,GEMM,COMPUTE,0,0,1,0,0,2,0,0,pc=11 GEMM,,,,,,,,,,,,,,,,,,,,,,,,,0,350,686,7,0,1,1,3,1,1,0,,,,,,
layer_16,12,LOAD INP,LOAD,0,1,0,0,0,1,0,0,pc=12 LOAD INP,,,,,,,,,0x05fee831,0x0000,MEMORY READ,,,,,,,7,7,7,1,1,1,1,,,,,,,,,,,,,,,,,
layer_16,13,LOAD WGT,LOAD,0,0,0,1,1,1,0,0,pc=13 LOAD WGT,,,,,,,,,0x0060b009,0x0000,MEMORY READ,,,,,,,16,9,288,0,0,0,0,,,,,,,,,,,,,,,,,
layer_16,14,LOAD INP,LOAD,0,1,0,0,1,0,0,0,pc=14 LOAD INP,,,,,,,,,0x05fee831,0x0051,MEMORY READ,,,,,,,7,7,7,1,1,1,1,,,,,,,,,,,,,,,,,
layer_16,15,LOAD WGT,LOAD,0,0,0,1,2,0,0,0,pc=15 LOAD WGT,,,,,,,,,0x0060c209,0x0090,MEMORY READ,,,,,,,16,9,288,0,0,0,0,,,,,,,,,,,,,,,,,
layer_16,16,GEMM,COMPUTE,1,0,1,0,1,1,0,0,pc=16 GEMM,,,,,,,,,,,,,,,,,,,,,,,,,0,14,350,7,0,1,1,3,1,1,0,,,,,,
layer_16,17,GEMM,COMPUTE,1,0,1,0,0,2,0,0,pc=17 GEMM,,,,,,,,,,,,,,,,,,,,,,,,,0,350,686,7,0,1,1,3,1,1,0,,,,,,
layer_16,18,LOAD INP,LOAD,0,1,0,0,0,1,0,0,pc=18 LOAD INP,,,,,,,,,0x05fee862,0x0000,MEMORY READ,,,,,,,7,7,7,1,1,1,1,,,,,,,,,,,,,,,,,
layer_16,19,LOAD WGT,LOAD,0,0,0,1,1,1,0,0,pc=19 LOAD WGT,,,,,,,,,0x0060b012,0x0000,MEMORY READ,,,,,,,16,9,288,0,0,0,0,,,,,,,,,,,,,,,,,
layer_16,20,LOAD INP,LOAD,0,1,0,0,1,0,0,0,pc=20 LOAD INP,,,,,,,,,0x05fee862,0x0051,MEMORY READ,,,,,,,7,7,7,1,1,1,1,,,,,,,,,,,,,,,,,
layer_16,21,LOAD WGT,LOAD,0,0,0,1,2,0,0,0,pc=21 LOAD WGT,,,,,,,,,0x0060c212,0x0090,MEMORY READ,,,,,,,16,9,288,0,0,0,0,,,,,,,,,,,,,,,,,
layer_16,22,GEMM,COMPUTE,1,0,1,0,1,1,0,0,pc=22 GEMM,,,,,,,,,,,,,,,,,,,,,,,,,0,14,350,7,0,1,1,3,1,1,0,,,,,,
layer_16,23,GEMM,COMPUTE,1,0,1,0,0,2,0,0,pc=23 GEMM,,,,,,,,,,,,,,,,,,,,,,,,,0,350,686,7,0,1,1,3,1,1,0,,,,,,
layer_16,24,LOAD INP,LOAD,0,1,0,0,0,1,0,0,pc=24 LOAD INP,,,,,,,,,0x05fee893,0x0000,MEMORY READ,,,,,,,7,7,7,1,1,1,1,,,,,,,,,,,,,,,,,
layer_16,25,LOAD WGT,LOAD,0,0,0,1,1,1,0,0,pc=25 LOAD WGT,,,,,,,,,0x0060b01b,0x0000,MEMORY READ,,,,,,,16,9,288,0,0,0,0,,,,,,,,,,,,,,,,,
layer_16,26,LOAD INP,LOAD,0,1,0,0,1,0,0,0,pc=26 LOAD INP,,,,,,,,,0x05fee893,0x0051,MEMORY READ,,,,,,,7,7,7,1,1,1,1,,,,,,,,,,,,,,,,,
layer_16,27,LOAD WGT,LOAD,0,0,0,1,2,0,0,0,pc=27 LOAD WGT,,,,,,,,,0x0060c21b,0x0090,MEMORY READ,,,,,,,16,9,288,0,0,0,0,,,,,,,,,,,,,,,,,
layer_16,28,GEMM,COMPUTE,1,0,1,0,1,1,0,0,pc=28 GEMM,,,,,,,,,,,,,,,,,,,,,,,,,0,14,350,7,0,1,1,3,1,1,0,,,,,,
layer_16,29,GEMM,COMPUTE,1,0,1,0,0,2,0,0,pc=29 GEMM,,,,,,,,,,,,,,,,,,,,,,,,,0,350,686,7,0,1,1,3,1,1,0,,,,,,
layer_16,30,LOAD INP,LOAD,0,1,0,0,0,1,0,0,pc=30 LOAD INP,,,,,,,,,0x05fee8c4,0x0000,MEMORY READ,,,,,,,7,7,7,1,1,1,1,,,,,,,,,,,,,,,,,
layer_16,31,LOAD WGT,LOAD,0,0,0,1,1,1,0,0,pc=31 LOAD WGT,,,,,,,,,0x0060b024,0x0000,MEMORY READ,,,,,,,16,9,288,0,0,0,0,,,,,,,,,,,,,,,,,
layer_16,32,LOAD INP,LOAD,0,1,0,0,1,0,0,0,pc=32 LOAD INP,,,,,,,,,0x05fee8c4,0x0051,MEMORY READ,,,,,,,7,7,7,1,1,1,1,,,,,,,,,,,,,,,,,
layer_16,33,LOAD WGT,LOAD,0,0,0,1,2,0,0,0,pc=33 LOAD WGT,,,,,,,,,0x0060c224,0x0090,MEMORY READ,,,,,,,16,9,288,0,0,0,0,,,,,,,,,,,,,,,,,
layer_16,34,GEMM,COMPUTE,1,0,1,0,1,1,0,0,pc=34 GEMM,,,,,,,,,,,,,,,,,,,,,,,,,0,14,350,7,0,1,1,3,1,1,0,,,,,,
layer_16,35,GEMM,COMPUTE,1,0,1,0,0,2,0,0,pc=35 GEMM,,,,,,,,,,,,,,,,,,,,,,,,,0,350,686,7,0,1,1,3,1,1,0,,,,,,
layer_16,36,LOAD INP,LOAD,0,1,0,0,0,1,0,0,pc=36 LOAD INP,,,,,,,,,0x05fee8f5,0x0000,MEMORY READ,,,,,,,7,7,7,1,1,1,1,,,,,,,,,,,,,,,,,
layer_16,37,LOAD WGT,LOAD,0,0,0,1,1,1,0,0,pc=37 LOAD WGT,,,,,,,,,0x0060b02d,0x0000,MEMORY READ,,,,,,,16,9,288,0,0,0,0,,,,,,,,,,,,,,,,,
layer_16,38,LOAD INP,LOAD,0,1,0,0,1,0,0,0,pc=38 LOAD INP,,,,,,,,,0x05fee8f5,0x0051,MEMORY READ,,,,,,,7,7,7,1,1,1,1,,,,,,,,,,,,,,,,,
layer_16,39,LOAD WGT,LOAD,0,0,0,1,2,0,0,0,pc=39 LOAD WGT,,,,,,,,,0x0060c22d,0x0090,MEMORY READ,,,,,,,16,9,288,0,0,0,0,,,,,,,,,,,,,,,,,
layer_16,40,GEMM,COMPUTE,1,0,1,0,1,1,0,0,pc=40 GEMM,,,,,,,,,,,,,,,,,,,,,,,,,0,14,350,7,0,1,1,3,1,1,0,,,,,,
layer_16,41,GEMM,COMPUTE,1,0,1,0,0,2,0,0,pc=41 GEMM,,,,,,,,,,,,,,,,,,,,,,,,,0,350,686,7,0,1,1,3,1,1,0,,,,,,
layer_16,42,LOAD INP,LOAD,0,1,0,0,0,1,0,0,pc=42 LOAD INP,,,,,,,,,0x05fee926,0x0000,MEMORY READ,,,,,,,7,7,7,1,1,1,1,,,,,,,,,,,,,,,,,
layer_16,43,LOAD WGT,LOAD,0,0,0,1,1,1,0,0,pc=43 LOAD WGT,,,,,,,,,0x0060b036,0x0000,MEMORY READ,,,,,,,16,9,288,0,0,0,0,,,,,,,,,,,,,,,,,
layer_16,44,LOAD INP,LOAD,0,1,0,0,1,0,0,0,pc=44 LOAD INP,,,,,,,,,0x05fee926,0x0051,MEMORY READ,,,,,,,7,7,7,1,1,1,1,,,,,,,,,,,,,,,,,
layer_16,45,LOAD WGT,LOAD,0,0,0,1,2,0,0,0,pc=45 LOAD WGT,,,,,,,,,0x0060c236,0x0090,MEMORY READ,,,,,,,16,9,288,0,0,0,0,,,,,,,,,,,,,,,,,
layer_16,46,GEMM,COMPUTE,1,0,1,0,1,1,0,0,pc=46 GEMM,,,,,,,,,,,,,,,,,,,,,,,,,0,14,350,7,0,1,1,3,1,1,0,,,,,,
layer_16,47,GEMM,COMPUTE,1,0,1,0,0,2,0,0,pc=47 GEMM,,,,,,,,,,,,,,,,,,,,,,,,,0,350,686,7,0,1,1,3,1,1,0,,,,,,
layer_16,48,LOAD INP,LOAD,0,1,0,0,0,1,0,0,pc=48 LOAD INP,,,,,,,,,0x05fee957,0x0000,MEMORY READ,,,,,,,7,7,7,1,1,1,1,,,,,,,,,,,,,,,,,
layer_16,49,LOAD WGT,LOAD,0,0,0,1,1,1,0,0,pc=49 LOAD WGT,,,,,,,,,0x0060b03f,0x0000,MEMORY READ,,,,,,,16,9,288,0,0,0,0,,,,,,,,,,,,,,,,,
layer_16,50,LOAD INP,LOAD,0,1,0,0,1,0,0,0,pc=50 LOAD INP,,,,,,,,,0x05fee957,0x0051,MEMORY READ,,,,,,,7,7,7,1,1,1,1,,,,,,,,,,,,,,,,,
layer_16,51,LOAD WGT,LOAD,0,0,0,1,2,0,0,0,pc=51 LOAD WGT,,,,,,,,,0x0060c23f,0x0090,MEMORY READ,,,,,,,16,9,288,0,0,0,0,,,,,,,,,,,,,,,,,
layer_16,52,GEMM,COMPUTE,1,0,1,0,1,1,0,0,pc=52 GEMM,,,,,,,,,,,,,,,,,,,,,,,,,0,14,350,7,0,1,1,3,1,1,0,,,,,,
layer_16,53,GEMM,COMPUTE,1,0,1,0,0,2,0,0,pc=53 GEMM,,,,,,,,,,,,,,,,,,,,,,,,,0,350,686,7,0,1,1,3,1,1,0,,,,,,
layer_16,54,LOAD INP,LOAD,0,1,0,0,0,1,0,0,pc=54 LOAD INP,,,,,,,,,0x05fee988,0x0000,MEMORY READ,,,,,,,7,7,7,1,1,1,1,,,,,,,,,,,,,,,,,
layer_16,55,LOAD WGT,LOAD,0,0,0,1,1,1,0,0,pc=55 LOAD WGT,,,,,,,,,0x0060b048,0x0000,MEMORY READ,,,,,,,16,9,288,0,0,0,0,,,,,,,,,,,,,,,,,
layer_16,56,LOAD INP,LOAD,0,1,0,0,1,0,0,0,pc=56 LOAD INP,,,,,,,,,0x05fee988,0x0051,MEMORY READ,,,,,,,7,7,7,1,1,1,1,,,,,,,,,,,,,,,,,
layer_16,57,LOAD WGT,LOAD,0,0,0,1,2,0,0,0,pc=57 LOAD WGT,,,,,,,,,0x0060c248,0x0090,MEMORY READ,,,,,,,16,9,288,0,0,0,0,,,,,,,,,,,,,,,,,
layer_16,58,GEMM,COMPUTE,1,0,1,0,1,1,0,0,pc=58 GEMM,,,,,,,,,,,,,,,,,,,,,,,,,0,14,350,7,0,1,1,3,1,1,0,,,,,,
layer_16,59,GEMM,COMPUTE,1,0,1,0,0,2,0,0,pc=59 GEMM,,,,,,,,,,,,,,,,,,,,,,,,,0,350,686,7,0,1,1,3,1,1,0,,,,,,
layer_16,60,LOAD INP,LOAD,0,1,0,0,0,1,0,0,pc=60 LOAD INP,,,,,,,,,0x05fee9b9,0x0000,MEMORY READ,,,,,,,7,7,7,1,1,1,1,,,,,,,,,,,,,,,,,
layer_16,61,LOAD WGT,LOAD,0,0,0,1,1,1,0,0,pc=61 LOAD WGT,,,,,,,,,0x0060b051,0x0000,MEMORY READ,,,,,,,16,9,288,0,0,0,0,,,,,,,,,,,,,,,,,
layer_16,62,LOAD INP,LOAD,0,1,0,0,1,0,0,0,pc=62 LOAD INP,,,,,,,,,0x05fee9b9,0x0051,MEMORY READ,,,,,,,7,7,7,1,1,1,1,,,,,,,,,,,,,,,,,
layer_16,63,LOAD WGT,LOAD,0,0,0,1,2,0,0,0,pc=63 LOAD WGT,,,,,,,,,0x0060c251,0x0090,MEMORY READ,,,,,,,16,9,288,0,0,0,0,,,,,,,,,,,,,,,,,
layer_16,64,GEMM,COMPUTE,1,0,1,0,1,1,0,0,pc=64 GEMM,,,,,,,,,,,,,,,,,,,,,,,,,0,14,350,7,0,1,1,3,1,1,0,,,,,,
layer_16,65,GEMM,COMPUTE,1,0,1,0,0,2,0,0,pc=65 GEMM,,,,,,,,,,,,,,,,,,,,,,,,,0,350,686,7,0,1,1,3,1,1,0,,,,,,
layer_16,66,LOAD INP,LOAD,0,1,0,0,0,1,0,0,pc=66 LOAD INP,,,,,,,,,0x05fee9ea,0x0000,MEMORY READ,,,,,,,7,7,7,1,1,1,1,,,,,,,,,,,,,,,,,
layer_16,67,LOAD WGT,LOAD,0,0,0,1,1,1,0,0,pc=67 LOAD WGT,,,,,,,,,0x0060b05a,0x0000,MEMORY READ,,,,,,,16,9,288,0,0,0,0,,,,,,,,,,,,,,,,,
layer_16,68,LOAD INP,LOAD,0,1,0,0,1,0,0,0,pc=68 LOAD INP,,,,,,,,,0x05fee9ea,0x0051,MEMORY READ,,,,,,,7,7,7,1,1,1,1,,,,,,,,,,,,,,,,,
layer_16,69,LOAD WGT,LOAD,0,0,0,1,2,0,0,0,pc=69 LOAD WGT,,,,,,,,,0x0060c25a,0x0090,MEMORY READ,,,,,,,16,9,288,0,0,0,0,,,,,,,,,,,,,,,,,
layer_16,70,GEMM,COMPUTE,1,0,1,0,1,1,0,0,pc=70 GEMM,,,,,,,,,,,,,,,,,,,,,,,,,0,14,350,7,0,1,1,3,1,1,0,,,,,,
layer_16,71,GEMM,COMPUTE,1,0,1,0,0,2,0,0,pc=71 GEMM,,,,,,,,,,,,,,,,,,,,,,,,,0,350,686,7,0,1,1,3,1,1,0,,,,,,
layer_16,72,LOAD INP,LOAD,0,1,0,0,0,1,0,0,pc=72 LOAD INP,,,,,,,,,0x05feea1b,0x0000,MEMORY READ,,,,,,,7,7,7,1,1,1,1,,,,,,,,,,,,,,,,,
layer_16,73,LOAD WGT,LOAD,0,0,0,1,1,1,0,0,pc=73 LOAD WGT,,,,,,,,,0x0060b063,0x0000,MEMORY READ,,,,,,,16,9,288,0,0,0,0,,,,,,,,,,,,,,,,,
layer_16,74,LOAD INP,LOAD,0,1,0,0,1,0,0,0,pc=74 LOAD INP,,,,,,,,,0x05feea1b,0x0051,MEMORY READ,,,,,,,7,7,7,1,1,1,1,,,,,,,,,,,,,,,,,
layer_16,75,LOAD WGT,LOAD,0,0,0,1,2,0,0,0,pc=75 LOAD WGT,,,,,,,,,0x0060c263,0x0090,MEMORY READ,,,,,,,16,9,288,0,0,0,0,,,,,,,,,,,,,,,,,
layer_16,76,GEMM,COMPUTE,1,0,1,0,1,1,0,0,pc=76 GEMM,,,,,,,,,,,,,,,,,,,,,,,,,0,14,350,7,0,1,1,3,1,1,0,,,,,,
layer_16,77,GEMM,COMPUTE,1,0,1,0,0,2,0,0,pc=77 GEMM,,,,,,,,,,,,,,,,,,,,,,,,,0,350,686,7,0,1,1,3,1,1,0,,,,,,
layer_16,78,LOAD INP,LOAD,0,1,0,0,0,1,0,0,pc=78 LOAD INP,,,,,,,,,0x05feea4c,0x0000,MEMORY READ,,,,,,,7,7,7,1,1,1,1,,,,,,,,,,,,,,,,,
layer_16,79,LOAD WGT,LOAD,0,0,0,1,1,1,0,0,pc=79 LOAD WGT,,,,,,,,,0x0060b06c,0x0000,MEMORY READ,,,,,,,16,9,288,0,0,0,0,,,,,,,,,,,,,,,,,
layer_16,80,LOAD INP,LOAD,0,1,0,0,1,0,0,0,pc=80 LOAD INP,,,,,,,,,0x05feea4c,0x0051,MEMORY READ,,,,,,,7,7,7,1,1,1,1,,,,,,,,,,,,,,,,,
layer_16,81,LOAD WGT,LOAD,0,0,0,1,2,0,0,0,pc=81 LOAD WGT,,,,,,,,,0x0060c26c,0x0090,MEMORY READ,,,,,,,16,9,288,0,0,0,0,,,,,,,,,,,,,,,,,
layer_16,82,GEMM,COMPUTE,1,0,1,0,1,1,0,0,pc=82 GEMM,,,,,,,,,,,,,,,,,,,,,,,,,0,14,350,7,0,1,1,3,1,1,0,,,,,,
layer_16,83,GEMM,COMPUTE,1,0,1,0,0,2,0,0,pc=83 GEMM,,,,,,,,,,,,,,,,,,,,,,,,,0,350,686,7,0,1,1,3,1,1,0,,,,,,
layer_16,84,LOAD INP,LOAD,0,1,0,0,0,1,0,0,pc=84 LOAD INP,,,,,,,,,0x05feea7d,0x0000,MEMORY READ,,,,,,,7,7,7,1,1,1,1,,,,,,,,,,,,,,,,,
layer_16,85,LOAD WGT,LOAD,0,0,0,1,1,1,0,0,pc=85 LOAD WGT,,,,,,,,,0x0060b075,0x0000,MEMORY READ,,,,,,,16,9,288,0,0,0,0,,,,,,,,,,,,,,,,,
layer_16,86,LOAD INP,LOAD,0,1,0,0,1,0,0,0,pc=86 LOAD INP,,,,,,,,,0x05feea7d,0x0051,MEMORY READ,,,,,,,7,7,7,1,1,1,1,,,,,,,,,,,,,,,,,
layer_16,87,LOAD WGT,LOAD,0,0,0,1,2,0,0,0,pc=87 LOAD WGT,,,,,,,,,0x0060c275,0x0090,MEMORY READ,,,,,,,16,9,288,0,0,0,0,,,,,,,,,,,,,,,,,
layer_16,88,GEMM,COMPUTE,1,0,1,0,1,1,0,0,pc=88 GEMM,,,,,,,,,,,,,,,,,,,,,,,,,0,14,350,7,0,1,1,3,1,1,0,,,,,,
layer_16,89,GEMM,COMPUTE,1,0,1,0,0,2,0,0,pc=89 GEMM,,,,,,,,,,,,,,,,,,,,,,,,,0,350,686,7,0,1,1,3,1,1,0,,,,,,
layer_16,90,LOAD INP,LOAD,0,1,0,0,0,1,0,0,pc=90 LOAD INP,,,,,,,,,0x05feeaae,0x0000,MEMORY READ,,,,,,,7,7,7,1,1,1,1,,,,,,,,,,,,,,,,,
layer_16,91,LOAD WGT,LOAD,0,0,0,1,1,1,0,0,pc=91 LOAD WGT,,,,,,,,,0x0060b07e,0x0000,MEMORY READ,,,,,,,16,9,288,0,0,0,0,,,,,,,,,,,,,,,,,
layer_16,92,LOAD INP,LOAD,0,1,0,0,1,0,0,0,pc=92 LOAD INP,,,,,,,,,0x05feeaae,0x0051,MEMORY READ,,,,,,,7,7,7,1,1,1,1,,,,,,,,,,,,,,,,,
layer_16,93,LOAD WGT,LOAD,0,0,0,1,2,0,0,0,pc=93 LOAD WGT,,,,,,,,,0x0060c27e,0x0090,MEMORY READ,,,,,,,16,9,288,0,0,0,0,,,,,,,,,,,,,,,,,
layer_16,94,GEMM,COMPUTE,1,0,1,0,1,1,0,0,pc=94 GEMM,,,,,,,,,,,,,,,,,,,,,,,,,0,14,350,7,0,1,1,3,1,1,0,,,,,,
layer_16,95,GEMM,COMPUTE,1,0,1,0,0,2,0,0,pc=95 GEMM,,,,,,,,,,,,,,,,,,,,,,,,,0,350,686,7,0,1,1,3,1,1,0,,,,,,
layer_16,96,LOAD INP,LOAD,0,1,0,0,0,1,0,0,pc=96 LOAD INP,,,,,,,,,0x05feeadf,0x0000,MEMORY READ,,,,,,,7,7,7,1,1,1,1,,,,,,,,,,,,,,,,,
layer_16,97,LOAD WGT,LOAD,0,0,0,1,1,1,0,0,pc=97 LOAD WGT,,,,,,,,,0x0060b087,0x0000,MEMORY READ,,,,,,,16,9,288,0,0,0,0,,,,,,,,,,,,,,,,,
layer_16,98,LOAD INP,LOAD,0,1,0,0,1,0,0,0,pc=98 LOAD INP,,,,,,,,,0x05feeadf,0x0051,MEMORY READ,,,,,,,7,7,7,1,1,1,1,,,,,,,,,,,,,,,,,
layer_16,99,LOAD WGT,LOAD,0,0,0,1,2,0,0,0,pc=99 LOAD WGT,,,,,,,,,0x0060c287,0x0090,MEMORY READ,,,,,,,16,9,288,0,0,0,0,,,,,,,,,,,,,,,,,
layer_16,100,GEMM,COMPUTE,1,0,1,0,1,1,0,0,pc=100 GEMM,,,,,,,,,,,,,,,,,,,,,,,,,0,14,350,7,0,1,1,3,1,1,0,,,,,,
layer_16,101,GEMM,COMPUTE,1,0,1,0,0,2,0,0,pc=101 GEMM,,,,,,,,,,,,,,,,,,,,,,,,,0,350,686,7,0,1,1,3,1,1,0,,,,,,
layer_16,102,LOAD INP,LOAD,0,1,0,0,0,1,0,0,pc=102 LOAD INP,,,,,,,,,0x05feeb10,0x0000,MEMORY READ,,,,,,,7,7,7,1,1,1,1,,,,,,,,,,,,,,,,,
layer_16,103,LOAD WGT,LOAD,0,0,0,1,1,1,0,0,pc=103 LOAD WGT,,,,,,,,,0x0060b090,0x0000,MEMORY READ,,,,,,,16,9,288,0,0,0,0,,,,,,,,,,,,,,,,,
layer_16,104,LOAD INP,LOAD,0,1,0,0,1,0,0,0,pc=104 LOAD INP,,,,,,,,,0x05feeb10,0x0051,MEMORY READ,,,,,,,7,7,7,1,1,1,1,,,,,,,,,,,,,,,,,
layer_16,105,LOAD WGT,LOAD,0,0,0,1,2,0,0,0,pc=105 LOAD WGT,,,,,,,,,0x0060c290,0x0090,MEMORY READ,,,,,,,16,9,288,0,0,0,0,,,,,,,,,,,,,,,,,
layer_16,106,GEMM,COMPUTE,1,0,1,0,1,1,0,0,pc=106 GEMM,,,,,,,,,,,,,,,,,,,,,,,,,0,14,350,7,0,1,1,3,1,1,0,,,,,,
layer_16,107,GEMM,COMPUTE,1,0,1,0,0,2,0,0,pc=107 GEMM,,,,,,,,,,,,,,,,,,,,,,,,,0,350,686,7,0,1,1,3,1,1,0,,,,,,
layer_16,108,LOAD INP,LOAD,0,1,0,0,0,1,0,0,pc=108 LOAD INP,,,,,,,,,0x05feeb41,0x0000,MEMORY READ,,,,,,,7,7,7,1,1,1,1,,,,,,,,,,,,,,,,,
layer_16,109,LOAD WGT,LOAD,0,0,0,1,1,1,0,0,pc=109 LOAD WGT,,,,,,,,,0x0060b099,0x0000,MEMORY READ,,,,,,,16,9,288,0,0,0,0,,,,,,,,,,,,,,,,,
layer_16,110,LOAD INP,LOAD,0,1,0,0,1,0,0,0,pc=110 LOAD INP,,,,,,,,,0x05feeb41,0x0051,MEMORY READ,,,,,,,7,7,7,1,1,1,1,,,,,,,,,,,,,,,,,
layer_16,111,LOAD WGT,LOAD,0,0,0,1,2,0,0,0,pc=111 LOAD WGT,,,,,,,,,0x0060c299,0x0090,MEMORY READ,,,,,,,16,9,288,0,0,0,0,,,,,,,,,,,,,,,,,
layer_16,112,GEMM,COMPUTE,1,0,1,0,1,1,0,0,pc=112 GEMM,,,,,,,,,,,,,,,,,,,,,,,,,0,14,350,7,0,1,1,3,1,1,0,,,,,,
layer_16,113,GEMM,COMPUTE,1,0,1,0,0,2,0,0,pc=113 GEMM,,,,,,,,,,,,,,,,,,,,,,,,,0,350,686,7,0,1,1,3,1,1,0,,,,,,
layer_16,114,LOAD INP,LOAD,0,1,0,0,0,1,0,0,pc=114 LOAD INP,,,,,,,,,0x05feeb72,0x0000,MEMORY READ,,,,,,,7,7,7,1,1,1,1,,,,,,,,,,,,,,,,,
layer_16,115,LOAD WGT,LOAD,0,0,0,1,1,1,0,0,pc=115 LOAD WGT,,,,,,,,,0x0060b0a2,0x0000,MEMORY READ,,,,,,,16,9,288,0,0,0,0,,,,,,,,,,,,,,,,,
layer_16,116,LOAD INP,LOAD,0,1,0,0,1,0,0,0,pc=116 LOAD INP,,,,,,,,,0x05feeb72,0x0051,MEMORY READ,,,,,,,7,7,7,1,1,1,1,,,,,,,,,,,,,,,,,
layer_16,117,LOAD WGT,LOAD,0,0,0,1,2,0,0,0,pc=117 LOAD WGT,,,,,,,,,0x0060c2a2,0x0090,MEMORY READ,,,,,,,16,9,288,0,0,0,0,,,,,,,,,,,,,,,,,
layer_16,118,GEMM,COMPUTE,1,0,1,0,1,1,0,0,pc=118 GEMM,,,,,,,,,,,,,,,,,,,,,,,,,0,14,350,7,0,1,1,3,1,1,0,,,,,,
layer_16,119,GEMM,COMPUTE,1,0,1,0,0,2,0,0,pc=119 GEMM,,,,,,,,,,,,,,,,,,,,,,,,,0,350,686,7,0,1,1,3,1,1,0,,,,,,
layer_16,120,LOAD INP,LOAD,0,1,0,0,0,1,0,0,pc=120 LOAD INP,,,,,,,,,0x05feeba3,0x0000,MEMORY READ,,,,,,,7,7,7,1,1,1,1,,,,,,,,,,,,,,,,,
layer_16,121,LOAD WGT,LOAD,0,0,0,1,1,1,0,0,pc=121 LOAD WGT,,,,,,,,,0x0060b0ab,0x0000,MEMORY READ,,,,,,,16,9,288,0,0,0,0,,,,,,,,,,,,,,,,,
layer_16,122,LOAD INP,LOAD,0,1,0,0,1,0,0,0,pc=122 LOAD INP,,,,,,,,,0x05feeba3,0x0051,MEMORY READ,,,,,,,7,7,7,1,1,1,1,,,,,,,,,,,,,,,,,
layer_16,123,LOAD WGT,LOAD,0,0,0,1,2,0,0,0,pc=123 LOAD WGT,,,,,,,,,0x0060c2ab,0x0090,MEMORY READ,,,,,,,16,9,288,0,0,0,0,,,,,,,,,,,,,,,,,
layer_16,124,GEMM,COMPUTE,1,0,1,0,1,1,0,0,pc=124 GEMM,,,,,,,,,,,,,,,,,,,,,,,,,0,14,350,7,0,1,1,3,1,1,0,,,,,,
layer_16,125,GEMM,COMPUTE,1,0,1,0,0,2,0,0,pc=125 GEMM,,,,,,,,,,,,,,,,,,,,,,,,,0,350,686,7,0,1,1,3,1,1,0,,,,,,
layer_16,126,LOAD INP,LOAD,0,1,0,0,0,1,0,0,pc=126 LOAD INP,,,,,,,,,0x05feebd4,0x0000,MEMORY READ,,,,,,,7,7,7,1,1,1,1,,,,,,,,,,,,,,,,,
layer_16,127,LOAD WGT,LOAD,0,0,0,1,1,1,0,0,pc=127 LOAD WGT,,,,,,,,,0x0060b0b4,0x0000,MEMORY READ,,,,,,,16,9,288,0,0,0,0,,,,,,,,,,,,,,,,,
layer_16,128,LOAD INP,LOAD,0,1,0,0,1,0,0,0,pc=128 LOAD INP,,,,,,,,,0x05feebd4,0x0051,MEMORY READ,,,,,,,7,7,7,1,1,1,1,,,,,,,,,,,,,,,,,
layer_16,129,LOAD WGT,LOAD,0,0,0,1,2,0,0,0,pc=129 LOAD WGT,,,,,,,,,0x0060c2b4,0x0090,MEMORY READ,,,,,,,16,9,288,0,0,0,0,,,,,,,,,,,,,,,,,
layer_16,130,GEMM,COMPUTE,1,0,1,0,1,1,0,0,pc=130 GEMM,,,,,,,,,,,,,,,,,,,,,,,,,0,14,350,7,0,1,1,3,1,1,0,,,,,,
layer_16,131,GEMM,COMPUTE,1,0,1,0,0,2,0,0,pc=131 GEMM,,,,,,,,,,,,,,,,,,,,,,,,,0,350,686,7,0,1,1,3,1,1,0,,,,,,
layer_16,132,LOAD INP,LOAD,0,1,0,0,0,1,0,0,pc=132 LOAD INP,,,,,,,,,0x05feec05,0x0000,MEMORY READ,,,,,,,7,7,7,1,1,1,1,,,,,,,,,,,,,,,,,
layer_16,133,LOAD WGT,LOAD,0,0,0,1,1,1,0,0,pc=133 LOAD WGT,,,,,,,,,0x0060b0bd,0x0000,MEMORY READ,,,,,,,16,9,288,0,0,0,0,,,,,,,,,,,,,,,,,
layer_16,134,LOAD INP,LOAD,0,1,0,0,1,0,0,0,pc=134 LOAD INP,,,,,,,,,0x05feec05,0x0051,MEMORY READ,,,,,,,7,7,7,1,1,1,1,,,,,,,,,,,,,,,,,
layer_16,135,LOAD WGT,LOAD,0,0,0,1,2,0,0,0,pc=135 LOAD WGT,,,,,,,,,0x0060c2bd,0x0090,MEMORY READ,,,,,,,16,9,288,0,0,0,0,,,,,,,,,,,,,,,,,
layer_16,136,GEMM,COMPUTE,1,0,1,0,1,1,0,0,pc=136 GEMM,,,,,,,,,,,,,,,,,,,,,,,,,0,14,350,7,0,1,1,3,1,1,0,,,,,,
layer_16,137,GEMM,COMPUTE,1,0,1,0,0,2,0,0,pc=137 GEMM,,,,,,,,,,,,,,,,,,,,,,,,,0,350,686,7,0,1,1,3,1,1,0,,,,,,
layer_16,138,LOAD INP,LOAD,0,1,0,0,0,1,0,0,pc=138 LOAD INP,,,,,,,,,0x05feec36,0x0000,MEMORY READ,,,,,,,7,7,7,1,1,1,1,,,,,,,,,,,,,,,,,
layer_16,139,LOAD WGT,LOAD,0,0,0,1,1,1,0,0,pc=139 LOAD WGT,,,,,,,,,0x0060b0c6,0x0000,MEMORY READ,,,,,,,16,9,288,0,0,0,0,,,,,,,,,,,,,,,,,
layer_16,140,LOAD INP,LOAD,0,1,0,0,1,0,0,0,pc=140 LOAD INP,,,,,,,,,0x05feec36,0x0051,MEMORY READ,,,,,,,7,7,7,1,1,1,1,,,,,,,,,,,,,,,,,
layer_16,141,LOAD WGT,LOAD,0,0,0,1,2,0,0,0,pc=141 LOAD WGT,,,,,,,,,0x0060c2c6,0x0090,MEMORY READ,,,,,,,16,9,288,0,0,0,0,,,,,,,,,,,,,,,,,
layer_16,142,GEMM,COMPUTE,1,0,1,0,1,1,0,0,pc=142 GEMM,,,,,,,,,,,,,,,,,,,,,,,,,0,14,350,7,0,1,1,3,1,1,0,,,,,,
layer_16,143,GEMM,COMPUTE,1,0,1,0,0,2,0,0,pc=143 GEMM,,,,,,,,,,,,,,,,,,,,,,,,,0,350,686,7,0,1,1,3,1,1,0,,,,,,
layer_16,144,LOAD INP,LOAD,0,1,0,0,0,1,0,0,pc=144 LOAD INP,,,,,,,,,0x05feec67,0x0000,MEMORY READ,,,,,,,7,7,7,1,1,1,1,,,,,,,,,,,,,,,,,
layer_16,145,LOAD WGT,LOAD,0,0,0,1,1,1,0,0,pc=145 LOAD WGT,,,,,,,,,0x0060b0cf,0x0000,MEMORY READ,,,,,,,16,9,288,0,0,0,0,,,,,,,,,,,,,,,,,
layer_16,146,LOAD INP,LOAD,0,1,0,0,1,0,0,0,pc=146 LOAD INP,,,,,,,,,0x05feec67,0x0051,MEMORY READ,,,,,,,7,7,7,1,1,1,1,,,,,,,,,,,,,,,,,
layer_16,147,LOAD WGT,LOAD,0,0,0,1,2,0,0,0,pc=147 LOAD WGT,,,,,,,,,0x0060c2cf,0x0090,MEMORY READ,,,,,,,16,9,288,0,0,0,0,,,,,,,,,,,,,,,,,
layer_16,148,GEMM,COMPUTE,1,0,1,0,1,1,0,0,pc=148 GEMM,,,,,,,,,,,,,,,,,,,,,,,,,0,14,350,7,0,1,1,3,1,1,0,,,,,,
layer_16,149,GEMM,COMPUTE,1,0,1,0,0,2,0,0,pc=149 GEMM,,,,,,,,,,,,,,,,,,,,,,,,,0,350,686,7,0,1,1,3,1,1,0,,,,,,
layer_16,150,LOAD INP,LOAD,0,1,0,0,0,1,0,0,pc=150 LOAD INP,,,,,,,,,0x05feec98,0x0000,MEMORY READ,,,,,,,7,7,7,1,1,1,1,,,,,,,,,,,,,,,,,
layer_16,151,LOAD WGT,LOAD,0,0,0,1,1,1,0,0,pc=151 LOAD WGT,,,,,,,,,0x0060b0d8,0x0000,MEMORY READ,,,,,,,16,9,288,0,0,0,0,,,,,,,,,,,,,,,,,
layer_16,152,LOAD INP,LOAD,0,1,0,0,1,0,0,0,pc=152 LOAD INP,,,,,,,,,0x05feec98,0x0051,MEMORY READ,,,,,,,7,7,7,1,1,1,1,,,,,,,,,,,,,,,,,
layer_16,153,LOAD WGT,LOAD,0,0,0,1,2,0,0,0,pc=153 LOAD WGT,,,,,,,,,0x0060c2d8,0x0090,MEMORY READ,,,,,,,16,9,288,0,0,0,0,,,,,,,,,,,,,,,,,
layer_16,154,GEMM,COMPUTE,1,0,1,0,1,1,0,0,pc=154 GEMM,,,,,,,,,,,,,,,,,,,,,,,,,0,14,350,7,0,1,1,3,1,1,0,,,,,,
layer_16,155,GEMM,COMPUTE,1,0,1,0,0,2,0,0,pc=155 GEMM,,,,,,,,,,,,,,,,,,,,,,,,,0,350,686,7,0,1,1,3,1,1,0,,,,,,
layer_16,156,LOAD INP,LOAD,0,1,0,0,0,1,0,0,pc=156 LOAD INP,,,,,,,,,0x05feecc9,0x0000,MEMORY READ,,,,,,,7,7,7,1,1,1,1,,,,,,,,,,,,,,,,,
layer_16,157,LOAD WGT,LOAD,0,0,0,1,1,1,0,0,pc=157 LOAD WGT,,,,,,,,,0x0060b0e1,0x0000,MEMORY READ,,,,,,,16,9,288,0,0,0,0,,,,,,,,,,,,,,,,,
layer_16,158,LOAD INP,LOAD,0,1,0,0,1,0,0,0,pc=158 LOAD INP,,,,,,,,,0x05feecc9,0x0051,MEMORY READ,,,,,,,7,7,7,1,1,1,1,,,,,,,,,,,,,,,,,
layer_16,159,LOAD WGT,LOAD,0,0,0,1,2,0,0,0,pc=159 LOAD WGT,,,,,,,,,0x0060c2e1,0x0090,MEMORY READ,,,,,,,16,9,288,0,0,0,0,,,,,,,,,,,,,,,,,
layer_16,160,GEMM,COMPUTE,1,0,1,0,1,1,0,0,pc=160 GEMM,,,,,,,,,,,,,,,,,,,,,,,,,0,14,350,7,0,1,1,3,1,1,0,,,,,,
layer_16,161,GEMM,COMPUTE,1,0,1,0,0,2,0,0,pc=161 GEMM,,,,,,,,,,,,,,,,,,,,,,,,,0,350,686,7,0,1,1,3,1,1,0,,,,,,
layer_16,162,LOAD INP,LOAD,0,1,0,0,0,1,0,0,pc=162 LOAD INP,,,,,,,,,0x05feecfa,0x0000,MEMORY READ,,,,,,,7,7,7,1,1,1,1,,,,,,,,,,,,,,,,,
layer_16,163,LOAD WGT,LOAD,0,0,0,1,1,1,0,0,pc=163 LOAD WGT,,,,,,,,,0x0060b0ea,0x0000,MEMORY READ,,,,,,,16,9,288,0,0,0,0,,,,,,,,,,,,,,,,,
layer_16,164,LOAD INP,LOAD,0,1,0,0,1,0,0,0,pc=164 LOAD INP,,,,,,,,,0x05feecfa,0x0051,MEMORY READ,,,,,,,7,7,7,1,1,1,1,,,,,,,,,,,,,,,,,
layer_16,165,LOAD WGT,LOAD,0,0,0,1,2,0,0,0,pc=165 LOAD WGT,,,,,,,,,0x0060c2ea,0x0090,MEMORY READ,,,,,,,16,9,288,0,0,0,0,,,,,,,,,,,,,,,,,
layer_16,166,GEMM,COMPUTE,1,0,1,0,1,1,0,0,pc=166 GEMM,,,,,,,,,,,,,,,,,,,,,,,,,0,14,350,7,0,1,1,3,1,1,0,,,,,,
layer_16,167,GEMM,COMPUTE,1,0,1,0,0,2,0,0,pc=167 GEMM,,,,,,,,,,,,,,,,,,,,,,,,,0,350,686,7,0,1,1,3,1,1,0,,,,,,
layer_16,168,LOAD INP,LOAD,0,1,0,0,0,1,0,0,pc=168 LOAD INP,,,,,,,,,0x05feed2b,0x0000,MEMORY READ,,,,,,,7,7,7,1,1,1,1,,,,,,,,,,,,,,,,,
layer_16,169,LOAD WGT,LOAD,0,0,0,1,1,1,0,0,pc=169 LOAD WGT,,,,,,,,,0x0060b0f3,0x0000,MEMORY READ,,,,,,,16,9,288,0,0,0,0,,,,,,,,,,,,,,,,,
layer_16,170,LOAD INP,LOAD,0,1,0,0,1,0,0,0,pc=170 LOAD INP,,,,,,,,,0x05feed2b,0x0051,MEMORY READ,,,,,,,7,7,7,1,1,1,1,,,,,,,,,,,,,,,,,
layer_16,171,LOAD WGT,LOAD,0,0,0,1,2,0,0,0,pc=171 LOAD WGT,,,,,,,,,0x0060c2f3,0x0090,MEMORY READ,,,,,,,16,9,288,0,0,0,0,,,,,,,,,,,,,,,,,
layer_16,172,GEMM,COMPUTE,1,0,1,0,1,1,0,0,pc=172 GEMM,,,,,,,,,,,,,,,,,,,,,,,,,0,14,350,7,0,1,1,3,1,1,0,,,,,,
layer_16,173,GEMM,COMPUTE,1,0,1,0,0,2,0,0,pc=173 GEMM,,,,,,,,,,,,,,,,,,,,,,,,,0,350,686,7,0,1,1,3,1,1,0,,,,,,
layer_16,174,LOAD INP,LOAD,0,1,0,0,0,1,0,0,pc=174 LOAD INP,,,,,,,,,0x05feed5c,0x0000,MEMORY READ,,,,,,,7,7,7,1,1,1,1,,,,,,,,,,,,,,,,,
layer_16,175,LOAD WGT,LOAD,0,0,0,1,1,1,0,0,pc=175 LOAD WGT,,,,,,,,,0x0060b0fc,0x0000,MEMORY READ,,,,,,,16,9,288,0,0,0,0,,,,,,,,,,,,,,,,,
layer_16,176,LOAD INP,LOAD,0,1,0,0,1,0,0,0,pc=176 LOAD INP,,,,,,,,,0x05feed5c,0x0051,MEMORY READ,,,,,,,7,7,7,1,1,1,1,,,,,,,,,,,,,,,,,
layer_16,177,LOAD WGT,LOAD,0,0,0,1,2,0,0,0,pc=177 LOAD WGT,,,,,,,,,0x0060c2fc,0x0090,MEMORY READ,,,,,,,16,9,288,0,0,0,0,,,,,,,,,,,,,,,,,
layer_16,178,GEMM,COMPUTE,1,0,1,0,1,1,0,0,pc=178 GEMM,,,,,,,,,,,,,,,,,,,,,,,,,0,14,350,7,0,1,1,3,1,1,0,,,,,,
layer_16,179,GEMM,COMPUTE,1,0,1,0,0,2,0,0,pc=179 GEMM,,,,,,,,,,,,,,,,,,,,,,,,,0,350,686,7,0,1,1,3,1,1,0,,,,,,
layer_16,180,LOAD INP,LOAD,0,1,0,0,0,1,0,0,pc=180 LOAD INP,,,,,,,,,0x05feed8d,0x0000,MEMORY READ,,,,,,,7,7,7,1,1,1,1,,,,,,,,,,,,,,,,,
layer_16,181,LOAD WGT,LOAD,0,0,0,1,1,1,0,0,pc=181 LOAD WGT,,,,,,,,,0x0060b105,0x0000,MEMORY READ,,,,,,,16,9,288,0,0,0,0,,,,,,,,,,,,,,,,,
layer_16,182,LOAD INP,LOAD,0,1,0,0,1,0,0,0,pc=182 LOAD INP,,,,,,,,,0x05feed8d,0x0051,MEMORY READ,,,,,,,7,7,7,1,1,1,1,,,,,,,,,,,,,,,,,
layer_16,183,LOAD WGT,LOAD,0,0,0,1,2,0,0,0,pc=183 LOAD WGT,,,,,,,,,0x0060c305,0x0090,MEMORY READ,,,,,,,16,9,288,0,0,0,0,,,,,,,,,,,,,,,,,
layer_16,184,GEMM,COMPUTE,1,0,1,0,1,1,0,0,pc=184 GEMM,,,,,,,,,,,,,,,,,,,,,,,,,0,14,350,7,0,1,1,3,1,1,0,,,,,,
layer_16,185,GEMM,COMPUTE,1,0,1,0,0,2,0,0,pc=185 GEMM,,,,,,,,,,,,,,,,,,,,,,,,,0,350,686,7,0,1,1,3,1,1,0,,,,,,
layer_16,186,LOAD INP,LOAD,0,1,0,0,0,1,0,0,pc=186 LOAD INP,,,,,,,,,0x05feedbe,0x0000,MEMORY READ,,,,,,,7,7,7,1,1,1,1,,,,,,,,,,,,,,,,,
layer_16,187,LOAD WGT,LOAD,0,0,0,1,1,1,0,0,pc=187 LOAD WGT,,,,,,,,,0x0060b10e,0x0000,MEMORY READ,,,,,,,16,9,288,0,0,0,0,,,,,,,,,,,,,,,,,
layer_16,188,LOAD INP,LOAD,0,1,0,0,1,0,0,0,pc=188 LOAD INP,,,,,,,,,0x05feedbe,0x0051,MEMORY READ,,,,,,,7,7,7,1,1,1,1,,,,,,,,,,,,,,,,,
layer_16,189,LOAD WGT,LOAD,0,0,0,1,2,0,0,0,pc=189 LOAD WGT,,,,,,,,,0x0060c30e,0x0090,MEMORY READ,,,,,,,16,9,288,0,0,0,0,,,,,,,,,,,,,,,,,
layer_16,190,GEMM,COMPUTE,1,0,1,0,1,1,0,0,pc=190 GEMM,,,,,,,,,,,,,,,,,,,,,,,,,0,14,350,7,0,1,1,3,1,1,0,,,,,,
layer_16,191,GEMM,COMPUTE,1,0,1,0,0,2,0,0,pc=191 GEMM,,,,,,,,,,,,,,,,,,,,,,,,,0,350,686,7,0,1,1,3,1,1,0,,,,,,
layer_16,192,LOAD INP,LOAD,0,1,0,0,0,1,0,0,pc=192 LOAD INP,,,,,,,,,0x05feedef,0x0000,MEMORY READ,,,,,,,7,7,7,1,1,1,1,,,,,,,,,,,,,,,,,
layer_16,193,LOAD WGT,LOAD,0,0,0,1,1,1,0,0,pc=193 LOAD WGT,,,,,,,,,0x0060b117,0x0000,MEMORY READ,,,,,,,16,9,288,0,0,0,0,,,,,,,,,,,,,,,,,
layer_16,194,LOAD INP,LOAD,0,1,0,0,1,0,0,0,pc=194 LOAD INP,,,,,,,,,0x05feedef,0x0051,MEMORY READ,,,,,,,7,7,7,1,1,1,1,,,,,,,,,,,,,,,,,
layer_16,195,LOAD WGT,LOAD,0,0,0,1,2,0,0,0,pc=195 LOAD WGT,,,,,,,,,0x0060c317,0x0090,MEMORY READ,,,,,,,16,9,288,0,0,0,0,,,,,,,,,,,,,,,,,
layer_16,196,GEMM,COMPUTE,1,0,1,0,1,1,0,0,pc=196 GEMM,,,,,,,,,,,,,,,,,,,,,,,,,0,14,350,7,0,1,1,3,1,1,0,,,,,,
layer_16,197,GEMM,COMPUTE,1,0,1,0,0,2,0,0,pc=197 GEMM,,,,,,,,,,,,,,,,,,,,,,,,,0,350,686,7,0,1,1,3,1,1,0,,,,,,
layer_16,198,NOP-MEMORY-STAGE,LOAD,0,1,0,0,0,1,0,0,pc=198 NOP-MEMORY-STAGE,,,,,,,,,,,,,,,,,,,,,,,,,,,,,,,,,,,,,,,,,
layer_16,199,LOAD ACC,COMPUTE,0,0,0,0,0,1,0,0,pc=199 LOAD ACC,,,,,,,,,0x00d20b80,0x0310,MEMORY READ,,,,,,,1,16,16,0,0,0,0,,,,,,,,,,,,,,,,,
layer_16,200,LOAD UOP,COMPUTE,0,0,0,0,0,1,0,0,pc=200 LOAD UOP,,,,,,,,,0x185802ae,0x02ae,MEMORY READ,,,,,,,1,1,1,0,0,0,0,,,,,,,,,,,,,,,,,
layer_16,201,ALU - add,COMPUTE,0,0,0,0,0,1,0,0,pc=201 ALU - add,,,,,,,,,,,,,,,,,,,,,,,,,0,686,687,,,,,,,,,16,49,1,49,1,0
layer_16,202,LOAD UOP,COMPUTE,0,0,0,0,0,1,0,0,pc=202 LOAD UOP,,,,,,,,,0x185802af,0x02af,MEMORY READ,,,,,,,1,1,1,0,0,0,0,,,,,,,,,,,,,,,,,
layer_16,203,ALU - add imm,COMPUTE,0,0,0,0,0,1,0,0,pc=203 ALU - add imm,,,,,,,,,,,,,,,,,,,,,,,,,0,687,688,,,,,,,,,1,0,0,784,1,1
layer_16,204,LOAD UOP,COMPUTE,0,0,0,0,0,1,0,0,pc=204 LOAD UOP,,,,,,,,,0x185802b0,0x02b0,MEMORY READ,,,,,,,1,1,1,0,0,0,0,,,,,,,,,,,,,,,,,
layer_16,205,ALU - shr,COMPUTE,0,0,0,0,0,1,0,0,pc=205 ALU - shr,,,,,,,,,,,,,,,,,,,,,,,,,0,688,689,,,,,,,,,1,0,0,784,1,1
layer_16,206,LOAD UOP,COMPUTE,0,0,0,0,0,1,0,0,pc=206 LOAD UOP,,,,,,,,,0x185802b1,0x02b1,MEMORY READ,,,,,,,1,1,1,0,0,0,0,,,,,,,,,,,,,,,,,
layer_16,207,ALU - min imm,COMPUTE,0,0,0,0,0,1,0,0,pc=207 ALU - min imm,,,,,,,,,,,,,,,,,,,,,,,,,0,689,690,,,,,,,,,1,0,0,784,1,1
layer_16,208,LOAD UOP,COMPUTE,0,0,0,0,0,1,0,0,pc=208 LOAD UOP,,,,,,,,,0x185802b2,0x02b2,MEMORY READ,,,,,,,1,1,1,0,0,0,0,,,,,,,,,,,,,,,,,
layer_16,209,ALU - max imm,COMPUTE,0,0,0,1,0,1,0,1,pc=209 ALU - max imm,,,,,,,,,,,,,,,,,,,,,,,,,0,690,691,,,,,,,,,1,0,0,784,1,1
layer_16,210,LOAD ACC,COMPUTE,0,0,0,0,0,1,0,1,pc=210 LOAD ACC,,,,,,,,,0x00d20b90,0x0630,MEMORY READ,,,,,,,1,16,16,0,0,0,0,,,,,,,,,,,,,,,,,
layer_16,211,LOAD UOP,COMPUTE,0,0,0,0,0,1,0,1,pc=211 LOAD UOP,,,,,,,,,0x185802b3,0x02b3,MEMORY READ,,,,,,,1,1,1,0,0,0,0,,,,,,,,,,,,,,,,,
layer_16,212,ALU - add,COMPUTE,0,0,0,0,0,1,0,1,pc=212 ALU - add,,,,,,,,,,,,,,,,,,,,,,,,,0,691,692,,,,,,,,,16,49,1,49,1,0
layer_16,213,LOAD UOP,COMPUTE,0,0,0,0,0,1,0,1,pc=213 LOAD UOP,,,,,,,,,0x185802b4,0x02b4,MEMORY READ,,,,,,,1,1,1,0,0,0,0,,,,,,,,,,,,,,,,,
layer_16,214,ALU - add imm,COMPUTE,0,0,0,0,0,1,0,1,pc=214 ALU - add imm,,,,,,,,,,,,,,,,,,,,,,,,,0,692,693,,,,,,,,,1,0,0,784,1,1
layer_16,215,LOAD UOP,COMPUTE,0,0,0,0,0,1,0,1,pc=215 LOAD UOP,,,,,,,,,0x185802b5,0x02b5,MEMORY READ,,,,,,,1,1,1,0,0,0,0,,,,,,,,,,,,,,,,,
layer_16,216,ALU - shr,COMPUTE,0,0,0,0,0,1,0,1,pc=216 ALU - shr,,,,,,,,,,,,,,,,,,,,,,,,,0,693,694,,,,,,,,,1,0,0,784,1,1
layer_16,217,LOAD UOP,COMPUTE,0,0,0,0,0,1,0,1,pc=217 LOAD UOP,,,,,,,,,0x185802b6,0x02b6,MEMORY READ,,,,,,,1,1,1,0,0,0,0,,,,,,,,,,,,,,,,,
layer_16,218,ALU - min imm,COMPUTE,0,0,0,0,0,1,0,1,pc=218 ALU - min imm,,,,,,,,,,,,,,,,,,,,,,,,,0,694,695,,,,,,,,,1,0,0,784,1,1
layer_16,219,LOAD UOP,COMPUTE,0,0,0,0,0,1,0,1,pc=219 LOAD UOP,,,,,,,,,0x185802b7,0x02b7,MEMORY READ,,,,,,,1,1,1,0,0,0,0,,,,,,,,,,,,,,,,,
layer_16,220,ALU - max imm,COMPUTE,0,0,0,1,0,1,0,2,pc=220 ALU - max imm,,,,,,,,,,,,,,,,,,,,,,,,,0,695,696,,,,,,,,,1,0,0,784,1,1
layer_16,221,STORE,STORE,1,0,0,0,0,1,0,1,pc=221 STORE,,,,,,,,,0x05fea000,0x0000,MEMORY WRITE,,,,,,,1,784,784,0,0,0,0,,,,,,,,,,,,,,,,,
layer_16,222,STORE,STORE,1,0,1,0,0,1,1,0,pc=222 STORE,,,,,,,,,0x05fea310,0x0320,MEMORY WRITE,,,,,,,1,784,784,0,0,0,0,,,,,,,,,,,,,,,,,
layer_16,223,NOP-MEMORY-STAGE,LOAD,0,1,0,0,0,0,1,0,pc=223 NOP-MEMORY-STAGE,,,,,,,,,,,,,,,,,,,,,,,,,,,,,,,,,,,,,,,,,
layer_16,224,NOP-MEMORY-STAGE,LOAD,0,0,0,1,1,0,1,0,pc=224 NOP-MEMORY-STAGE,,,,,,,,,,,,,,,,,,,,,,,,,,,,,,,,,,,,,,,,,
layer_16,225,NOP-COMPUTE-STAGE,COMPUTE,1,1,0,0,0,0,0,0,pc=225 NOP-COMPUTE-STAGE,,,,,,,,,,,,,,,,,,,,,,,,,,,,,,,,,,,,,,,,,
layer_16,226,FINISH,COMPUTE,,,,,0,0,0,0,pc=226 FINISH,,,,,,,,,,,,,,,,,,,,,,,,,,,,,,,,,,,,,,,,,
layer_17,0,LOAD UOP,COMPUTE,0,0,0,0,0,0,0,0,pc=0 LOAD UOP,,,,,,,,,0x18580000,0x0000,MEMORY READ,,,,,,,1,7,7,0,0,0,0,,,,,,,,,,,,,,,,,
layer_17,1,GEMM,COMPUTE,0,0,1,0,0,1,0,0,pc=1 GEMM,,,,,,,,,,,,,,,,,,,,,,,,,1,0,7,7,0,0,1,16,0,0,49,,,,,,
layer_17,2,LOAD UOP,COMPUTE,0,0,0,0,0,1,0,0,pc=2 LOAD UOP,,,,,,,,,0x18580007,0x0007,MEMORY READ,,,,,,,1,7,7,0,0,0,0,,,,,,,,,,,,,,,,,
layer_17,3,GEMM,COMPUTE,0,0,1,0,0,2,0,0,pc=3 GEMM,,,,,,,,,,,,,,,,,,,,,,,,,1,7,14,7,0,0,1,16,0,0,49,,,,,,
layer_17,4,LOAD INP,LOAD,0,1,0,0,0,1,0,0,pc=4 LOAD INP,,,,,,,,,0x05fee800,0x0000,MEMORY READ,,,,,,,7,7,7,1,1,1,1,,,,,,,,,,,,,,,,,
layer_17,5,LOAD WGT,LOAD,0,0,0,1,1,1,0,0,pc=5 LOAD WGT,,,,,,,,,0x0060e000,0x0000,MEMORY READ,,,,,,,16,9,288,0,0,0,0,,,,,,,,,,,,,,,,,
layer_17,6,LOAD INP,LOAD,0,1,0,0,1,0,0,0,pc=6 LOAD INP,,,,,,,,,0x05fee800,0x0051,MEMORY READ,,,,,,,7,7,7,1,1,1,1,,,,,,,,,,,,,,,,,
layer_17,7,LOAD WGT,LOAD,0,0,0,1,2,0,0,0,pc=7 LOAD WGT,,,,,,,,,0x0060f200,0x0090,MEMORY READ,,,,,,,16,9,288,0,0,0,0,,,,,,,,,,,,,,,,,
layer_17,8,LOAD UOP,COMPUTE,1,0,0,0,1,0,0,0,pc=8 LOAD UOP,,,,,,,,,0x1858000e,0x000e,MEMORY READ,,,,,,,1,336,336,0,0,0,0,,,,,,,,,,,,,,,,,
layer_17,9,GEMM,COMPUTE,0,0,1,0,1,1,0,0,pc=9 GEMM,,,,,,,,,,,,,,,,,,,,,,,,,0,14,350,7,0,1,1,3,1,1,0,,,,,,
layer_17,10,LOAD UOP,COMPUTE,1,0,0,0,0,1,0,0,pc=10 LOAD UOP,,,,,,,,,0x1858015e,0x015e,MEMORY READ,,,,,,,1,336,336,0,0,0,0,,,,,,,,,,,,,,,,,
layer_17,11,GEMM,COMPUTE,0,0,1,0,0,2,0,0,pc=11 GEMM,,,,,,,,,,,,,,,,,,,,,,,,,0,350,686,7,0,1,1,3,1,1,0,,,,,,
layer_17,12,LOAD INP,LOAD,0,1,0,0,0,1,0,0,pc=12 LOAD INP,,,,,,,,,0x05fee831,0x0000,MEMORY READ,,,,,,,7,7,7,1,1,1,1,,,,,,,,,,,,,,,,,
layer_17,13,LOAD WGT,LOAD,0,0,0,1,1,1,0,0,pc=13 LOAD WGT,,,,,,,,,0x0060e009,0x0000,MEMORY READ,,,,,,,16,9,288,0,0,0,0,,,,,,,,,,,,,,,,,
layer_17,14,LOAD INP,LOAD,0,1,0,0,1,0,0,0,pc=14 LOAD INP,,,,,,,,,0x05fee831,0x0051,MEMORY READ,,,,,,,7,7,7,1,1,1,1,,,,,,,,,,,,,,,,,
layer_17,15,LOAD WGT,LOAD,0,0,0,1,2,0,0,0,pc=15 LOAD WGT,,,,,,,,,0x0060f209,0x0090,MEMORY READ,,,,,,,16,9,288,0,0,0,0,,,,,,,,,,,,,,,,,
layer_17,16,GEMM,COMPUTE,1,0,1,0,1,1,0,0,pc=16 GEMM,,,,,,,,,,,,,,,,,,,,,,,,,0,14,350,7,0,1,1,3,1,1,0,,,,,,
layer_17,17,GEMM,COMPUTE,1,0,1,0,0,2,0,0,pc=17 GEMM,,,,,,,,,,,,,,,,,,,,,,,,,0,350,686,7,0,1,1,3,1,1,0,,,,,,
layer_17,18,LOAD INP,LOAD,0,1,0,0,0,1,0,0,pc=18 LOAD INP,,,,,,,,,0x05fee862,0x0000,MEMORY READ,,,,,,,7,7,7,1,1,1,1,,,,,,,,,,,,,,,,,
layer_17,19,LOAD WGT,LOAD,0,0,0,1,1,1,0,0,pc=19 LOAD WGT,,,,,,,,,0x0060e012,0x0000,MEMORY READ,,,,,,,16,9,288,0,0,0,0,,,,,,,,,,,,,,,,,
layer_17,20,LOAD INP,LOAD,0,1,0,0,1,0,0,0,pc=20 LOAD INP,,,,,,,,,0x05fee862,0x0051,MEMORY READ,,,,,,,7,7,7,1,1,1,1,,,,,,,,,,,,,,,,,
layer_17,21,LOAD WGT,LOAD,0,0,0,1,2,0,0,0,pc=21 LOAD WGT,,,,,,,,,0x0060f212,0x0090,MEMORY READ,,,,,,,16,9,288,0,0,0,0,,,,,,,,,,,,,,,,,
layer_17,22,GEMM,COMPUTE,1,0,1,0,1,1,0,0,pc=22 GEMM,,,,,,,,,,,,,,,,,,,,,,,,,0,14,350,7,0,1,1,3,1,1,0,,,,,,
layer_17,23,GEMM,COMPUTE,1,0,1,0,0,2,0,0,pc=23 GEMM,,,,,,,,,,,,,,,,,,,,,,,,,0,350,686,7,0,1,1,3,1,1,0,,,,,,
layer_17,24,LOAD INP,LOAD,0,1,0,0,0,1,0,0,pc=24 LOAD INP,,,,,,,,,0x05fee893,0x0000,MEMORY READ,,,,,,,7,7,7,1,1,1,1,,,,,,,,,,,,,,,,,
layer_17,25,LOAD WGT,LOAD,0,0,0,1,1,1,0,0,pc=25 LOAD WGT,,,,,,,,,0x0060e01b,0x0000,MEMORY READ,,,,,,,16,9,288,0,0,0,0,,,,,,,,,,,,,,,,,
layer_17,26,LOAD INP,LOAD,0,1,0,0,1,0,0,0,pc=26 LOAD INP,,,,,,,,,0x05fee893,0x0051,MEMORY READ,,,,,,,7,7,7,1,1,1,1,,,,,,,,,,,,,,,,,
layer_17,27,LOAD WGT,LOAD,0,0,0,1,2,0,0,0,pc=27 LOAD WGT,,,,,,,,,0x0060f21b,0x0090,MEMORY READ,,,,,,,16,9,288,0,0,0,0,,,,,,,,,,,,,,,,,
layer_17,28,GEMM,COMPUTE,1,0,1,0,1,1,0,0,pc=28 GEMM,,,,,,,,,,,,,,,,,,,,,,,,,0,14,350,7,0,1,1,3,1,1,0,,,,,,
layer_17,29,GEMM,COMPUTE,1,0,1,0,0,2,0,0,pc=29 GEMM,,,,,,,,,,,,,,,,,,,,,,,,,0,350,686,7,0,1,1,3,1,1,0,,,,,,
layer_17,30,LOAD INP,LOAD,0,1,0,0,0,1,0,0,pc=30 LOAD INP,,,,,,,,,0x05fee8c4,0x0000,MEMORY READ,,,,,,,7,7,7,1,1,1,1,,,,,,,,,,,,,,,,,
layer_17,31,LOAD WGT,LOAD,0,0,0,1,1,1,0,0,pc=31 LOAD WGT,,,,,,,,,0x0060e024,0x0000,MEMORY READ,,,,,,,16,9,288,0,0,0,0,,,,,,,,,,,,,,,,,
layer_17,32,LOAD INP,LOAD,0,1,0,0,1,0,0,0,pc=32 LOAD INP,,,,,,,,,0x05fee8c4,0x0051,MEMORY READ,,,,,,,7,7,7,1,1,1,1,,,,,,,,,,,,,,,,,
layer_17,33,LOAD WGT,LOAD,0,0,0,1,2,0,0,0,pc=33 LOAD WGT,,,,,,,,,0x0060f224,0x0090,MEMORY READ,,,,,,,16,9,288,0,0,0,0,,,,,,,,,,,,,,,,,
layer_17,34,GEMM,COMPUTE,1,0,1,0,1,1,0,0,pc=34 GEMM,,,,,,,,,,,,,,,,,,,,,,,,,0,14,350,7,0,1,1,3,1,1,0,,,,,,
layer_17,35,GEMM,COMPUTE,1,0,1,0,0,2,0,0,pc=35 GEMM,,,,,,,,,,,,,,,,,,,,,,,,,0,350,686,7,0,1,1,3,1,1,0,,,,,,
layer_17,36,LOAD INP,LOAD,0,1,0,0,0,1,0,0,pc=36 LOAD INP,,,,,,,,,0x05fee8f5,0x0000,MEMORY READ,,,,,,,7,7,7,1,1,1,1,,,,,,,,,,,,,,,,,
layer_17,37,LOAD WGT,LOAD,0,0,0,1,1,1,0,0,pc=37 LOAD WGT,,,,,,,,,0x0060e02d,0x0000,MEMORY READ,,,,,,,16,9,288,0,0,0,0,,,,,,,,,,,,,,,,,
layer_17,38,LOAD INP,LOAD,0,1,0,0,1,0,0,0,pc=38 LOAD INP,,,,,,,,,0x05fee8f5,0x0051,MEMORY READ,,,,,,,7,7,7,1,1,1,1,,,,,,,,,,,,,,,,,
layer_17,39,LOAD WGT,LOAD,0,0,0,1,2,0,0,0,pc=39 LOAD WGT,,,,,,,,,0x0060f22d,0x0090,MEMORY READ,,,,,,,16,9,288,0,0,0,0,,,,,,,,,,,,,,,,,
layer_17,40,GEMM,COMPUTE,1,0,1,0,1,1,0,0,pc=40 GEMM,,,,,,,,,,,,,,,,,,,,,,,,,0,14,350,7,0,1,1,3,1,1,0,,,,,,
layer_17,41,GEMM,COMPUTE,1,0,1,0,0,2,0,0,pc=41 GEMM,,,,,,,,,,,,,,,,,,,,,,,,,0,350,686,7,0,1,1,3,1,1,0,,,,,,
layer_17,42,LOAD INP,LOAD,0,1,0,0,0,1,0,0,pc=42 LOAD INP,,,,,,,,,0x05fee926,0x0000,MEMORY READ,,,,,,,7,7,7,1,1,1,1,,,,,,,,,,,,,,,,,
layer_17,43,LOAD WGT,LOAD,0,0,0,1,1,1,0,0,pc=43 LOAD WGT,,,,,,,,,0x0060e036,0x0000,MEMORY READ,,,,,,,16,9,288,0,0,0,0,,,,,,,,,,,,,,,,,
layer_17,44,LOAD INP,LOAD,0,1,0,0,1,0,0,0,pc=44 LOAD INP,,,,,,,,,0x05fee926,0x0051,MEMORY READ,,,,,,,7,7,7,1,1,1,1,,,,,,,,,,,,,,,,,
layer_17,45,LOAD WGT,LOAD,0,0,0,1,2,0,0,0,pc=45 LOAD WGT,,,,,,,,,0x0060f236,0x0090,MEMORY READ,,,,,,,16,9,288,0,0,0,0,,,,,,,,,,,,,,,,,
layer_17,46,GEMM,COMPUTE,1,0,1,0,1,1,0,0,pc=46 GEMM,,,,,,,,,,,,,,,,,,,,,,,,,0,14,350,7,0,1,1,3,1,1,0,,,,,,
layer_17,47,GEMM,COMPUTE,1,0,1,0,0,2,0,0,pc=47 GEMM,,,,,,,,,,,,,,,,,,,,,,,,,0,350,686,7,0,1,1,3,1,1,0,,,,,,
layer_17,48,LOAD INP,LOAD,0,1,0,0,0,1,0,0,pc=48 LOAD INP,,,,,,,,,0x05fee957,0x0000,MEMORY READ,,,,,,,7,7,7,1,1,1,1,,,,,,,,,,,,,,,,,
layer_17,49,LOAD WGT,LOAD,0,0,0,1,1,1,0,0,pc=49 LOAD WGT,,,,,,,,,0x0060e03f,0x0000,MEMORY READ,,,,,,,16,9,288,0,0,0,0,,,,,,,,,,,,,,,,,
layer_17,50,LOAD INP,LOAD,0,1,0,0,1,0,0,0,pc=50 LOAD INP,,,,,,,,,0x05fee957,0x0051,MEMORY READ,,,,,,,7,7,7,1,1,1,1,,,,,,,,,,,,,,,,,
layer_17,51,LOAD WGT,LOAD,0,0,0,1,2,0,0,0,pc=51 LOAD WGT,,,,,,,,,0x0060f23f,0x0090,MEMORY READ,,,,,,,16,9,288,0,0,0,0,,,,,,,,,,,,,,,,,
layer_17,52,GEMM,COMPUTE,1,0,1,0,1,1,0,0,pc=52 GEMM,,,,,,,,,,,,,,,,,,,,,,,,,0,14,350,7,0,1,1,3,1,1,0,,,,,,
layer_17,53,GEMM,COMPUTE,1,0,1,0,0,2,0,0,pc=53 GEMM,,,,,,,,,,,,,,,,,,,,,,,,,0,350,686,7,0,1,1,3,1,1,0,,,,,,
layer_17,54,LOAD INP,LOAD,0,1,0,0,0,1,0,0,pc=54 LOAD INP,,,,,,,,,0x05fee988,0x0000,MEMORY READ,,,,,,,7,7,7,1,1,1,1,,,,,,,,,,,,,,,,,
layer_17,55,LOAD WGT,LOAD,0,0,0,1,1,1,0,0,pc=55 LOAD WGT,,,,,,,,,0x0060e048,0x0000,MEMORY READ,,,,,,,16,9,288,0,0,0,0,,,,,,,,,,,,,,,,,
layer_17,56,LOAD INP,LOAD,0,1,0,0,1,0,0,0,pc=56 LOAD INP,,,,,,,,,0x05fee988,0x0051,MEMORY READ,,,,,,,7,7,7,1,1,1,1,,,,,,,,,,,,,,,,,
layer_17,57,LOAD WGT,LOAD,0,0,0,1,2,0,0,0,pc=57 LOAD WGT,,,,,,,,,0x0060f248,0x0090,MEMORY READ,,,,,,,16,9,288,0,0,0,0,,,,,,,,,,,,,,,,,
layer_17,58,GEMM,COMPUTE,1,0,1,0,1,1,0,0,pc=58 GEMM,,,,,,,,,,,,,,,,,,,,,,,,,0,14,350,7,0,1,1,3,1,1,0,,,,,,
layer_17,59,GEMM,COMPUTE,1,0,1,0,0,2,0,0,pc=59 GEMM,,,,,,,,,,,,,,,,,,,,,,,,,0,350,686,7,0,1,1,3,1,1,0,,,,,,
layer_17,60,LOAD INP,LOAD,0,1,0,0,0,1,0,0,pc=60 LOAD INP,,,,,,,,,0x05fee9b9,0x0000,MEMORY READ,,,,,,,7,7,7,1,1,1,1,,,,,,,,,,,,,,,,,
layer_17,61,LOAD WGT,LOAD,0,0,0,1,1,1,0,0,pc=61 LOAD WGT,,,,,,,,,0x0060e051,0x0000,MEMORY READ,,,,,,,16,9,288,0,0,0,0,,,,,,,,,,,,,,,,,
layer_17,62,LOAD INP,LOAD,0,1,0,0,1,0,0,0,pc=62 LOAD INP,,,,,,,,,0x05fee9b9,0x0051,MEMORY READ,,,,,,,7,7,7,1,1,1,1,,,,,,,,,,,,,,,,,
layer_17,63,LOAD WGT,LOAD,0,0,0,1,2,0,0,0,pc=63 LOAD WGT,,,,,,,,,0x0060f251,0x0090,MEMORY READ,,,,,,,16,9,288,0,0,0,0,,,,,,,,,,,,,,,,,
layer_17,64,GEMM,COMPUTE,1,0,1,0,1,1,0,0,pc=64 GEMM,,,,,,,,,,,,,,,,,,,,,,,,,0,14,350,7,0,1,1,3,1,1,0,,,,,,
layer_17,65,GEMM,COMPUTE,1,0,1,0,0,2,0,0,pc=65 GEMM,,,,,,,,,,,,,,,,,,,,,,,,,0,350,686,7,0,1,1,3,1,1,0,,,,,,
layer_17,66,LOAD INP,LOAD,0,1,0,0,0,1,0,0,pc=66 LOAD INP,,,,,,,,,0x05fee9ea,0x0000,MEMORY READ,,,,,,,7,7,7,1,1,1,1,,,,,,,,,,,,,,,,,
layer_17,67,LOAD WGT,LOAD,0,0,0,1,1,1,0,0,pc=67 LOAD WGT,,,,,,,,,0x0060e05a,0x0000,MEMORY READ,,,,,,,16,9,288,0,0,0,0,,,,,,,,,,,,,,,,,
layer_17,68,LOAD INP,LOAD,0,1,0,0,1,0,0,0,pc=68 LOAD INP,,,,,,,,,0x05fee9ea,0x0051,MEMORY READ,,,,,,,7,7,7,1,1,1,1,,,,,,,,,,,,,,,,,
layer_17,69,LOAD WGT,LOAD,0,0,0,1,2,0,0,0,pc=69 LOAD WGT,,,,,,,,,0x0060f25a,0x0090,MEMORY READ,,,,,,,16,9,288,0,0,0,0,,,,,,,,,,,,,,,,,
layer_17,70,GEMM,COMPUTE,1,0,1,0,1,1,0,0,pc=70 GEMM,,,,,,,,,,,,,,,,,,,,,,,,,0,14,350,7,0,1,1,3,1,1,0,,,,,,
layer_17,71,GEMM,COMPUTE,1,0,1,0,0,2,0,0,pc=71 GEMM,,,,,,,,,,,,,,,,,,,,,,,,,0,350,686,7,0,1,1,3,1,1,0,,,,,,
layer_17,72,LOAD INP,LOAD,0,1,0,0,0,1,0,0,pc=72 LOAD INP,,,,,,,,,0x05feea1b,0x0000,MEMORY READ,,,,,,,7,7,7,1,1,1,1,,,,,,,,,,,,,,,,,
layer_17,73,LOAD WGT,LOAD,0,0,0,1,1,1,0,0,pc=73 LOAD WGT,,,,,,,,,0x0060e063,0x0000,MEMORY READ,,,,,,,16,9,288,0,0,0,0,,,,,,,,,,,,,,,,,
layer_17,74,LOAD INP,LOAD,0,1,0,0,1,0,0,0,pc=74 LOAD INP,,,,,,,,,0x05feea1b,0x0051,MEMORY READ,,,,,,,7,7,7,1,1,1,1,,,,,,,,,,,,,,,,,
layer_17,75,LOAD WGT,LOAD,0,0,0,1,2,0,0,0,pc=75 LOAD WGT,,,,,,,,,0x0060f263,0x0090,MEMORY READ,,,,,,,16,9,288,0,0,0,0,,,,,,,,,,,,,,,,,
layer_17,76,GEMM,COMPUTE,1,0,1,0,1,1,0,0,pc=76 GEMM,,,,,,,,,,,,,,,,,,,,,,,,,0,14,350,7,0,1,1,3,1,1,0,,,,,,
layer_17,77,GEMM,COMPUTE,1,0,1,0,0,2,0,0,pc=77 GEMM,,,,,,,,,,,,,,,,,,,,,,,,,0,350,686,7,0,1,1,3,1,1,0,,,,,,
layer_17,78,LOAD INP,LOAD,0,1,0,0,0,1,0,0,pc=78 LOAD INP,,,,,,,,,0x05feea4c,0x0000,MEMORY READ,,,,,,,7,7,7,1,1,1,1,,,,,,,,,,,,,,,,,
layer_17,79,LOAD WGT,LOAD,0,0,0,1,1,1,0,0,pc=79 LOAD WGT,,,,,,,,,0x0060e06c,0x0000,MEMORY READ,,,,,,,16,9,288,0,0,0,0,,,,,,,,,,,,,,,,,
layer_17,80,LOAD INP,LOAD,0,1,0,0,1,0,0,0,pc=80 LOAD INP,,,,,,,,,0x05feea4c,0x0051,MEMORY READ,,,,,,,7,7,7,1,1,1,1,,,,,,,,,,,,,,,,,
layer_17,81,LOAD WGT,LOAD,0,0,0,1,2,0,0,0,pc=81 LOAD WGT,,,,,,,,,0x0060f26c,0x0090,MEMORY READ,,,,,,,16,9,288,0,0,0,0,,,,,,,,,,,,,,,,,
layer_17,82,GEMM,COMPUTE,1,0,1,0,1,1,0,0,pc=82 GEMM,,,,,,,,,,,,,,,,,,,,,,,,,0,14,350,7,0,1,1,3,1,1,0,,,,,,
layer_17,83,GEMM,COMPUTE,1,0,1,0,0,2,0,0,pc=83 GEMM,,,,,,,,,,,,,,,,,,,,,,,,,0,350,686,7,0,1,1,3,1,1,0,,,,,,
layer_17,84,LOAD INP,LOAD,0,1,0,0,0,1,0,0,pc=84 LOAD INP,,,,,,,,,0x05feea7d,0x0000,MEMORY READ,,,,,,,7,7,7,1,1,1,1,,,,,,,,,,,,,,,,,
layer_17,85,LOAD WGT,LOAD,0,0,0,1,1,1,0,0,pc=85 LOAD WGT,,,,,,,,,0x0060e075,0x0000,MEMORY READ,,,,,,,16,9,288,0,0,0,0,,,,,,,,,,,,,,,,,
layer_17,86,LOAD INP,LOAD,0,1,0,0,1,0,0,0,pc=86 LOAD INP,,,,,,,,,0x05feea7d,0x0051,MEMORY READ,,,,,,,7,7,7,1,1,1,1,,,,,,,,,,,,,,,,,
layer_17,87,LOAD WGT,LOAD,0,0,0,1,2,0,0,0,pc=87 LOAD WGT,,,,,,,,,0x0060f275,0x0090,MEMORY READ,,,,,,,16,9,288,0,0,0,0,,,,,,,,,,,,,,,,,
layer_17,88,GEMM,COMPUTE,1,0,1,0,1,1,0,0,pc=88 GEMM,,,,,,,,,,,,,,,,,,,,,,,,,0,14,350,7,0,1,1,3,1,1,0,,,,,,
layer_17,89,GEMM,COMPUTE,1,0,1,0,0,2,0,0,pc=89 GEMM,,,,,,,,,,,,,,,,,,,,,,,,,0,350,686,7,0,1,1,3,1,1,0,,,,,,
layer_17,90,LOAD INP,LOAD,0,1,0,0,0,1,0,0,pc=90 LOAD INP,,,,,,,,,0x05feeaae,0x0000,MEMORY READ,,,,,,,7,7,7,1,1,1,1,,,,,,,,,,,,,,,,,
layer_17,91,LOAD WGT,LOAD,0,0,0,1,1,1,0,0,pc=91 LOAD WGT,,,,,,,,,0x0060e07e,0x0000,MEMORY READ,,,,,,,16,9,288,0,0,0,0,,,,,,,,,,,,,,,,,
layer_17,92,LOAD INP,LOAD,0,1,0,0,1,0,0,0,pc=92 LOAD INP,,,,,,,,,0x05feeaae,0x0051,MEMORY READ,,,,,,,7,7,7,1,1,1,1,,,,,,,,,,,,,,,,,
layer_17,93,LOAD WGT,LOAD,0,0,0,1,2,0,0,0,pc=93 LOAD WGT,,,,,,,,,0x0060f27e,0x0090,MEMORY READ,,,,,,,16,9,288,0,0,0,0,,,,,,,,,,,,,,,,,
layer_17,94,GEMM,COMPUTE,1,0,1,0,1,1,0,0,pc=94 GEMM,,,,,,,,,,,,,,,,,,,,,,,,,0,14,350,7,0,1,1,3,1,1,0,,,,,,
layer_17,95,GEMM,COMPUTE,1,0,1,0,0,2,0,0,pc=95 GEMM,,,,,,,,,,,,,,,,,,,,,,,,,0,350,686,7,0,1,1,3,1,1,0,,,,,,
layer_17,96,LOAD INP,LOAD,0,1,0,0,0,1,0,0,pc=96 LOAD INP,,,,,,,,,0x05feeadf,0x0000,MEMORY READ,,,,,,,7,7,7,1,1,1,1,,,,,,,,,,,,,,,,,
layer_17,97,LOAD WGT,LOAD,0,0,0,1,1,1,0,0,pc=97 LOAD WGT,,,,,,,,,0x0060e087,0x0000,MEMORY READ,,,,,,,16,9,288,0,0,0,0,,,,,,,,,,,,,,,,,
layer_17,98,LOAD INP,LOAD,0,1,0,0,1,0,0,0,pc=98 LOAD INP,,,,,,,,,0x05feeadf,0x0051,MEMORY READ,,,,,,,7,7,7,1,1,1,1,,,,,,,,,,,,,,,,,
layer_17,99,LOAD WGT,LOAD,0,0,0,1,2,0,0,0,pc=99 LOAD WGT,,,,,,,,,0x0060f287,0x0090,MEMORY READ,,,,,,,16,9,288,0,0,0,0,,,,,,,,,,,,,,,,,
layer_17,100,GEMM,COMPUTE,1,0,1,0,1,1,0,0,pc=100 GEMM,,,,,,,,,,,,,,,,,,,,,,,,,0,14,350,7,0,1,1,3,1,1,0,,,,,,
layer_17,101,GEMM,COMPUTE,1,0,1,0,0,2,0,0,pc=101 GEMM,,,,,,,,,,,,,,,,,,,,,,,,,0,350,686,7,0,1,1,3,1,1,0,,,,,,
layer_17,102,LOAD INP,LOAD,0,1,0,0,0,1,0,0,pc=102 LOAD INP,,,,,,,,,0x05feeb10,0x0000,MEMORY READ,,,,,,,7,7,7,1,1,1,1,,,,,,,,,,,,,,,,,
layer_17,103,LOAD WGT,LOAD,0,0,0,1,1,1,0,0,pc=103 LOAD WGT,,,,,,,,,0x0060e090,0x0000,MEMORY READ,,,,,,,16,9,288,0,0,0,0,,,,,,,,,,,,,,,,,
layer_17,104,LOAD INP,LOAD,0,1,0,0,1,0,0,0,pc=104 LOAD INP,,,,,,,,,0x05feeb10,0x0051,MEMORY READ,,,,,,,7,7,7,1,1,1,1,,,,,,,,,,,,,,,,,
layer_17,105,LOAD WGT,LOAD,0,0,0,1,2,0,0,0,pc=105 LOAD WGT,,,,,,,,,0x0060f290,0x0090,MEMORY READ,,,,,,,16,9,288,0,0,0,0,,,,,,,,,,,,,,,,,
layer_17,106,GEMM,COMPUTE,1,0,1,0,1,1,0,0,pc=106 GEMM,,,,,,,,,,,,,,,,,,,,,,,,,0,14,350,7,0,1,1,3,1,1,0,,,,,,
layer_17,107,GEMM,COMPUTE,1,0,1,0,0,2,0,0,pc=107 GEMM,,,,,,,,,,,,,,,,,,,,,,,,,0,350,686,7,0,1,1,3,1,1,0,,,,,,
layer_17,108,LOAD INP,LOAD,0,1,0,0,0,1,0,0,pc=108 LOAD INP,,,,,,,,,0x05feeb41,0x0000,MEMORY READ,,,,,,,7,7,7,1,1,1,1,,,,,,,,,,,,,,,,,
layer_17,109,LOAD WGT,LOAD,0,0,0,1,1,1,0,0,pc=109 LOAD WGT,,,,,,,,,0x0060e099,0x0000,MEMORY READ,,,,,,,16,9,288,0,0,0,0,,,,,,,,,,,,,,,,,
layer_17,110,LOAD INP,LOAD,0,1,0,0,1,0,0,0,pc=110 LOAD INP,,,,,,,,,0x05feeb41,0x0051,MEMORY READ,,,,,,,7,7,7,1,1,1,1,,,,,,,,,,,,,,,,,
layer_17,111,LOAD WGT,LOAD,0,0,0,1,2,0,0,0,pc=111 LOAD WGT,,,,,,,,,0x0060f299,0x0090,MEMORY READ,,,,,,,16,9,288,0,0,0,0,,,,,,,,,,,,,,,,,
layer_17,112,GEMM,COMPUTE,1,0,1,0,1,1,0,0,pc=112 GEMM,,,,,,,,,,,,,,,,,,,,,,,,,0,14,350,7,0,1,1,3,1,1,0,,,,,,
layer_17,113,GEMM,COMPUTE,1,0,1,0,0,2,0,0,pc=113 GEMM,,,,,,,,,,,,,,,,,,,,,,,,,0,350,686,7,0,1,1,3,1,1,0,,,,,,
layer_17,114,LOAD INP,LOAD,0,1,0,0,0,1,0,0,pc=114 LOAD INP,,,,,,,,,0x05feeb72,0x0000,MEMORY READ,,,,,,,7,7,7,1,1,1,1,,,,,,,,,,,,,,,,,
layer_17,115,LOAD WGT,LOAD,0,0,0,1,1,1,0,0,pc=115 LOAD WGT,,,,,,,,,0x0060e0a2,0x0000,MEMORY READ,,,,,,,16,9,288,0,0,0,0,,,,,,,,,,,,,,,,,
layer_17,116,LOAD INP,LOAD,0,1,0,0,1,0,0,0,pc=116 LOAD INP,,,,,,,,,0x05feeb72,0x0051,MEMORY READ,,,,,,,7,7,7,1,1,1,1,,,,,,,,,,,,,,,,,
layer_17,117,LOAD WGT,LOAD,0,0,0,1,2,0,0,0,pc=117 LOAD WGT,,,,,,,,,0x0060f2a2,0x0090,MEMORY READ,,,,,,,16,9,288,0,0,0,0,,,,,,,,,,,,,,,,,
layer_17,118,GEMM,COMPUTE,1,0,1,0,1,1,0,0,pc=118 GEMM,,,,,,,,,,,,,,,,,,,,,,,,,0,14,350,7,0,1,1,3,1,1,0,,,,,,
layer_17,119,GEMM,COMPUTE,1,0,1,0,0,2,0,0,pc=119 GEMM,,,,,,,,,,,,,,,,,,,,,,,,,0,350,686,7,0,1,1,3,1,1,0,,,,,,
layer_17,120,LOAD INP,LOAD,0,1,0,0,0,1,0,0,pc=120 LOAD INP,,,,,,,,,0x05feeba3,0x0000,MEMORY READ,,,,,,,7,7,7,1,1,1,1,,,,,,,,,,,,,,,,,
layer_17,121,LOAD WGT,LOAD,0,0,0,1,1,1,0,0,pc=121 LOAD WGT,,,,,,,,,0x0060e0ab,0x0000,MEMORY READ,,,,,,,16,9,288,0,0,0,0,,,,,,,,,,,,,,,,,
layer_17,122,LOAD INP,LOAD,0,1,0,0,1,0,0,0,pc=122 LOAD INP,,,,,,,,,0x05feeba3,0x0051,MEMORY READ,,,,,,,7,7,7,1,1,1,1,,,,,,,,,,,,,,,,,
layer_17,123,LOAD WGT,LOAD,0,0,0,1,2,0,0,0,pc=123 LOAD WGT,,,,,,,,,0x0060f2ab,0x0090,MEMORY READ,,,,,,,16,9,288,0,0,0,0,,,,,,,,,,,,,,,,,
layer_17,124,GEMM,COMPUTE,1,0,1,0,1,1,0,0,pc=124 GEMM,,,,,,,,,,,,,,,,,,,,,,,,,0,14,350,7,0,1,1,3,1,1,0,,,,,,
layer_17,125,GEMM,COMPUTE,1,0,1,0,0,2,0,0,pc=125 GEMM,,,,,,,,,,,,,,,,,,,,,,,,,0,350,686,7,0,1,1,3,1,1,0,,,,,,
layer_17,126,LOAD INP,LOAD,0,1,0,0,0,1,0,0,pc=126 LOAD INP,,,,,,,,,0x05feebd4,0x0000,MEMORY READ,,,,,,,7,7,7,1,1,1,1,,,,,,,,,,,,,,,,,
layer_17,127,LOAD WGT,LOAD,0,0,0,1,1,1,0,0,pc=127 LOAD WGT,,,,,,,,,0x0060e0b4,0x0000,MEMORY READ,,,,,,,16,9,288,0,0,0,0,,,,,,,,,,,,,,,,,
layer_17,128,LOAD INP,LOAD,0,1,0,0,1,0,0,0,pc=128 LOAD INP,,,,,,,,,0x05feebd4,0x0051,MEMORY READ,,,,,,,7,7,7,1,1,1,1,,,,,,,,,,,,,,,,,
layer_17,129,LOAD WGT,LOAD,0,0,0,1,2,0,0,0,pc=129 LOAD WGT,,,,,,,,,0x0060f2b4,0x0090,MEMORY READ,,,,,,,16,9,288,0,0,0,0,,,,,,,,,,,,,,,,,
layer_17,130,GEMM,COMPUTE,1,0,1,0,1,1,0,0,pc=130 GEMM,,,,,,,,,,,,,,,,,,,,,,,,,0,14,350,7,0,1,1,3,1,1,0,,,,,,
layer_17,131,GEMM,COMPUTE,1,0,1,0,0,2,0,0,pc=131 GEMM,,,,,,,,,,,,,,,,,,,,,,,,,0,350,686,7,0,1,1,3,1,1,0,,,,,,
layer_17,132,LOAD INP,LOAD,0,1,0,0,0,1,0,0,pc=132 LOAD INP,,,,,,,,,0x05feec05,0x0000,MEMORY READ,,,,,,,7,7,7,1,1,1,1,,,,,,,,,,,,,,,,,
layer_17,133,LOAD WGT,LOAD,0,0,0,1,1,1,0,0,pc=133 LOAD WGT,,,,,,,,,0x0060e0bd,0x0000,MEMORY READ,,,,,,,16,9,288,0,0,0,0,,,,,,,,,,,,,,,,,
layer_17,134,LOAD INP,LOAD,0,1,0,0,1,0,0,0,pc=134 LOAD INP,,,,,,,,,0x05feec05,0x0051,MEMORY READ,,,,,,,7,7,7,1,1,1,1,,,,,,,,,,,,,,,,,
layer_17,135,LOAD WGT,LOAD,0,0,0,1,2,0,0,0,pc=135 LOAD WGT,,,,,,,,,0x0060f2bd,0x0090,MEMORY READ,,,,,,,16,9,288,0,0,0,0,,,,,,,,,,,,,,,,,
layer_17,136,GEMM,COMPUTE,1,0,1,0,1,1,0,0,pc=136 GEMM,,,,,,,,,,,,,,,,,,,,,,,,,0,14,350,7,0,1,1,3,1,1,0,,,,,,
layer_17,137,GEMM,COMPUTE,1,0,1,0,0,2,0,0,pc=137 GEMM,,,,,,,,,,,,,,,,,,,,,,,,,0,350,686,7,0,1,1,3,1,1,0,,,,,,
layer_17,138,LOAD INP,LOAD,0,1,0,0,0,1,0,0,pc=138 LOAD INP,,,,,,,,,0x05feec36,0x0000,MEMORY READ,,,,,,,7,7,7,1,1,1,1,,,,,,,,,,,,,,,,,
layer_17,139,LOAD WGT,LOAD,0,0,0,1,1,1,0,0,pc=139 LOAD WGT,,,,,,,,,0x0060e0c6,0x0000,MEMORY READ,,,,,,,16,9,288,0,0,0,0,,,,,,,,,,,,,,,,,
layer_17,140,LOAD INP,LOAD,0,1,0,0,1,0,0,0,pc=140 LOAD INP,,,,,,,,,0x05feec36,0x0051,MEMORY READ,,,,,,,7,7,7,1,1,1,1,,,,,,,,,,,,,,,,,
layer_17,141,LOAD WGT,LOAD,0,0,0,1,2,0,0,0,pc=141 LOAD WGT,,,,,,,,,0x0060f2c6,0x0090,MEMORY READ,,,,,,,16,9,288,0,0,0,0,,,,,,,,,,,,,,,,,
layer_17,142,GEMM,COMPUTE,1,0,1,0,1,1,0,0,pc=142 GEMM,,,,,,,,,,,,,,,,,,,,,,,,,0,14,350,7,0,1,1,3,1,1,0,,,,,,
layer_17,143,GEMM,COMPUTE,1,0,1,0,0,2,0,0,pc=143 GEMM,,,,,,,,,,,,,,,,,,,,,,,,,0,350,686,7,0,1,1,3,1,1,0,,,,,,
layer_17,144,LOAD INP,LOAD,0,1,0,0,0,1,0,0,pc=144 LOAD INP,,,,,,,,,0x05feec67,0x0000,MEMORY READ,,,,,,,7,7,7,1,1,1,1,,,,,,,,,,,,,,,,,
layer_17,145,LOAD WGT,LOAD,0,0,0,1,1,1,0,0,pc=145 LOAD WGT,,,,,,,,,0x0060e0cf,0x0000,MEMORY READ,,,,,,,16,9,288,0,0,0,0,,,,,,,,,,,,,,,,,
layer_17,146,LOAD INP,LOAD,0,1,0,0,1,0,0,0,pc=146 LOAD INP,,,,,,,,,0x05feec67,0x0051,MEMORY READ,,,,,,,7,7,7,1,1,1,1,,,,,,,,,,,,,,,,,
layer_17,147,LOAD WGT,LOAD,0,0,0,1,2,0,0,0,pc=147 LOAD WGT,,,,,,,,,0x0060f2cf,0x0090,MEMORY READ,,,,,,,16,9,288,0,0,0,0,,,,,,,,,,,,,,,,,
layer_17,148,GEMM,COMPUTE,1,0,1,0,1,1,0,0,pc=148 GEMM,,,,,,,,,,,,,,,,,,,,,,,,,0,14,350,7,0,1,1,3,1,1,0,,,,,,
layer_17,149,GEMM,COMPUTE,1,0,1,0,0,2,0,0,pc=149 GEMM,,,,,,,,,,,,,,,,,,,,,,,,,0,350,686,7,0,1,1,3,1,1,0,,,,,,
layer_17,150,LOAD INP,LOAD,0,1,0,0,0,1,0,0,pc=150 LOAD INP,,,,,,,,,0x05feec98,0x0000,MEMORY READ,,,,,,,7,7,7,1,1,1,1,,,,,,,,,,,,,,,,,
layer_17,151,LOAD WGT,LOAD,0,0,0,1,1,1,0,0,pc=151 LOAD WGT,,,,,,,,,0x0060e0d8,0x0000,MEMORY READ,,,,,,,16,9,288,0,0,0,0,,,,,,,,,,,,,,,,,
layer_17,152,LOAD INP,LOAD,0,1,0,0,1,0,0,0,pc=152 LOAD INP,,,,,,,,,0x05feec98,0x0051,MEMORY READ,,,,,,,7,7,7,1,1,1,1,,,,,,,,,,,,,,,,,
layer_17,153,LOAD WGT,LOAD,0,0,0,1,2,0,0,0,pc=153 LOAD WGT,,,,,,,,,0x0060f2d8,0x0090,MEMORY READ,,,,,,,16,9,288,0,0,0,0,,,,,,,,,,,,,,,,,
layer_17,154,GEMM,COMPUTE,1,0,1,0,1,1,0,0,pc=154 GEMM,,,,,,,,,,,,,,,,,,,,,,,,,0,14,350,7,0,1,1,3,1,1,0,,,,,,
layer_17,155,GEMM,COMPUTE,1,0,1,0,0,2,0,0,pc=155 GEMM,,,,,,,,,,,,,,,,,,,,,,,,,0,350,686,7,0,1,1,3,1,1,0,,,,,,
layer_17,156,LOAD INP,LOAD,0,1,0,0,0,1,0,0,pc=156 LOAD INP,,,,,,,,,0x05feecc9,0x0000,MEMORY READ,,,,,,,7,7,7,1,1,1,1,,,,,,,,,,,,,,,,,
layer_17,157,LOAD WGT,LOAD,0,0,0,1,1,1,0,0,pc=157 LOAD WGT,,,,,,,,,0x0060e0e1,0x0000,MEMORY READ,,,,,,,16,9,288,0,0,0,0,,,,,,,,,,,,,,,,,
layer_17,158,LOAD INP,LOAD,0,1,0,0,1,0,0,0,pc=158 LOAD INP,,,,,,,,,0x05feecc9,0x0051,MEMORY READ,,,,,,,7,7,7,1,1,1,1,,,,,,,,,,,,,,,,,
layer_17,159,LOAD WGT,LOAD,0,0,0,1,2,0,0,0,pc=159 LOAD WGT,,,,,,,,,0x0060f2e1,0x0090,MEMORY READ,,,,,,,16,9,288,0,0,0,0,,,,,,,,,,,,,,,,,
layer_17,160,GEMM,COMPUTE,1,0,1,0,1,1,0,0,pc=160 GEMM,,,,,,,,,,,,,,,,,,,,,,,,,0,14,350,7,0,1,1,3,1,1,0,,,,,,
layer_17,161,GEMM,COMPUTE,1,0,1,0,0,2,0,0,pc=161 GEMM,,,,,,,,,,,,,,,,,,,,,,,,,0,350,686,7,0,1,1,3,1,1,0,,,,,,
layer_17,162,LOAD INP,LOAD,0,1,0,0,0,1,0,0,pc=162 LOAD INP,,,,,,,,,0x05feecfa,0x0000,MEMORY READ,,,,,,,7,7,7,1,1,1,1,,,,,,,,,,,,,,,,,
layer_17,163,LOAD WGT,LOAD,0,0,0,1,1,1,0,0,pc=163 LOAD WGT,,,,,,,,,0x0060e0ea,0x0000,MEMORY READ,,,,,,,16,9,288,0,0,0,0,,,,,,,,,,,,,,,,,
layer_17,164,LOAD INP,LOAD,0,1,0,0,1,0,0,0,pc=164 LOAD INP,,,,,,,,,0x05feecfa,0x0051,MEMORY READ,,,,,,,7,7,7,1,1,1,1,,,,,,,,,,,,,,,,,
layer_17,165,LOAD WGT,LOAD,0,0,0,1,2,0,0,0,pc=165 LOAD WGT,,,,,,,,,0x0060f2ea,0x0090,MEMORY READ,,,,,,,16,9,288,0,0,0,0,,,,,,,,,,,,,,,,,
layer_17,166,GEMM,COMPUTE,1,0,1,0,1,1,0,0,pc=166 GEMM,,,,,,,,,,,,,,,,,,,,,,,,,0,14,350,7,0,1,1,3,1,1,0,,,,,,
layer_17,167,GEMM,COMPUTE,1,0,1,0,0,2,0,0,pc=167 GEMM,,,,,,,,,,,,,,,,,,,,,,,,,0,350,686,7,0,1,1,3,1,1,0,,,,,,
layer_17,168,LOAD INP,LOAD,0,1,0,0,0,1,0,0,pc=168 LOAD INP,,,,,,,,,0x05feed2b,0x0000,MEMORY READ,,,,,,,7,7,7,1,1,1,1,,,,,,,,,,,,,,,,,
layer_17,169,LOAD WGT,LOAD,0,0,0,1,1,1,0,0,pc=169 LOAD WGT,,,,,,,,,0x0060e0f3,0x0000,MEMORY READ,,,,,,,16,9,288,0,0,0,0,,,,,,,,,,,,,,,,,
layer_17,170,LOAD INP,LOAD,0,1,0,0,1,0,0,0,pc=170 LOAD INP,,,,,,,,,0x05feed2b,0x0051,MEMORY READ,,,,,,,7,7,7,1,1,1,1,,,,,,,,,,,,,,,,,
layer_17,171,LOAD WGT,LOAD,0,0,0,1,2,0,0,0,pc=171 LOAD WGT,,,,,,,,,0x0060f2f3,0x0090,MEMORY READ,,,,,,,16,9,288,0,0,0,0,,,,,,,,,,,,,,,,,
layer_17,172,GEMM,COMPUTE,1,0,1,0,1,1,0,0,pc=172 GEMM,,,,,,,,,,,,,,,,,,,,,,,,,0,14,350,7,0,1,1,3,1,1,0,,,,,,
layer_17,173,GEMM,COMPUTE,1,0,1,0,0,2,0,0,pc=173 GEMM,,,,,,,,,,,,,,,,,,,,,,,,,0,350,686,7,0,1,1,3,1,1,0,,,,,,
layer_17,174,LOAD INP,LOAD,0,1,0,0,0,1,0,0,pc=174 LOAD INP,,,,,,,,,0x05feed5c,0x0000,MEMORY READ,,,,,,,7,7,7,1,1,1,1,,,,,,,,,,,,,,,,,
layer_17,175,LOAD WGT,LOAD,0,0,0,1,1,1,0,0,pc=175 LOAD WGT,,,,,,,,,0x0060e0fc,0x0000,MEMORY READ,,,,,,,16,9,288,0,0,0,0,,,,,,,,,,,,,,,,,
layer_17,176,LOAD INP,LOAD,0,1,0,0,1,0,0,0,pc=176 LOAD INP,,,,,,,,,0x05feed5c,0x0051,MEMORY READ,,,,,,,7,7,7,1,1,1,1,,,,,,,,,,,,,,,,,
layer_17,177,LOAD WGT,LOAD,0,0,0,1,2,0,0,0,pc=177 LOAD WGT,,,,,,,,,0x0060f2fc,0x0090,MEMORY READ,,,,,,,16,9,288,0,0,0,0,,,,,,,,,,,,,,,,,
layer_17,178,GEMM,COMPUTE,1,0,1,0,1,1,0,0,pc=178 GEMM,,,,,,,,,,,,,,,,,,,,,,,,,0,14,350,7,0,1,1,3,1,1,0,,,,,,
layer_17,179,GEMM,COMPUTE,1,0,1,0,0,2,0,0,pc=179 GEMM,,,,,,,,,,,,,,,,,,,,,,,,,0,350,686,7,0,1,1,3,1,1,0,,,,,,
layer_17,180,LOAD INP,LOAD,0,1,0,0,0,1,0,0,pc=180 LOAD INP,,,,,,,,,0x05feed8d,0x0000,MEMORY READ,,,,,,,7,7,7,1,1,1,1,,,,,,,,,,,,,,,,,
layer_17,181,LOAD WGT,LOAD,0,0,0,1,1,1,0,0,pc=181 LOAD WGT,,,,,,,,,0x0060e105,0x0000,MEMORY READ,,,,,,,16,9,288,0,0,0,0,,,,,,,,,,,,,,,,,
layer_17,182,LOAD INP,LOAD,0,1,0,0,1,0,0,0,pc=182 LOAD INP,,,,,,,,,0x05feed8d,0x0051,MEMORY READ,,,,,,,7,7,7,1,1,1,1,,,,,,,,,,,,,,,,,
layer_17,183,LOAD WGT,LOAD,0,0,0,1,2,0,0,0,pc=183 LOAD WGT,,,,,,,,,0x0060f305,0x0090,MEMORY READ,,,,,,,16,9,288,0,0,0,0,,,,,,,,,,,,,,,,,
layer_17,184,GEMM,COMPUTE,1,0,1,0,1,1,0,0,pc=184 GEMM,,,,,,,,,,,,,,,,,,,,,,,,,0,14,350,7,0,1,1,3,1,1,0,,,,,,
layer_17,185,GEMM,COMPUTE,1,0,1,0,0,2,0,0,pc=185 GEMM,,,,,,,,,,,,,,,,,,,,,,,,,0,350,686,7,0,1,1,3,1,1,0,,,,,,
layer_17,186,LOAD INP,LOAD,0,1,0,0,0,1,0,0,pc=186 LOAD INP,,,,,,,,,0x05feedbe,0x0000,MEMORY READ,,,,,,,7,7,7,1,1,1,1,,,,,,,,,,,,,,,,,
layer_17,187,LOAD WGT,LOAD,0,0,0,1,1,1,0,0,pc=187 LOAD WGT,,,,,,,,,0x0060e10e,0x0000,MEMORY READ,,,,,,,16,9,288,0,0,0,0,,,,,,,,,,,,,,,,,
layer_17,188,LOAD INP,LOAD,0,1,0,0,1,0,0,0,pc=188 LOAD INP,,,,,,,,,0x05feedbe,0x0051,MEMORY READ,,,,,,,7,7,7,1,1,1,1,,,,,,,,,,,,,,,,,
layer_17,189,LOAD WGT,LOAD,0,0,0,1,2,0,0,0,pc=189 LOAD WGT,,,,,,,,,0x0060f30e,0x0090,MEMORY READ,,,,,,,16,9,288,0,0,0,0,,,,,,,,,,,,,,,,,
layer_17,190,GEMM,COMPUTE,1,0,1,0,1,1,0,0,pc=190 GEMM,,,,,,,,,,,,,,,,,,,,,,,,,0,14,350,7,0,1,1,3,1,1,0,,,,,,
layer_17,191,GEMM,COMPUTE,1,0,1,0,0,2,0,0,pc=191 GEMM,,,,,,,,,,,,,,,,,,,,,,,,,0,350,686,7,0,1,1,3,1,1,0,,,,,,
layer_17,192,LOAD INP,LOAD,0,1,0,0,0,1,0,0,pc=192 LOAD INP,,,,,,,,,0x05feedef,0x0000,MEMORY READ,,,,,,,7,7,7,1,1,1,1,,,,,,,,,,,,,,,,,
layer_17,193,LOAD WGT,LOAD,0,0,0,1,1,1,0,0,pc=193 LOAD WGT,,,,,,,,,0x0060e117,0x0000,MEMORY READ,,,,,,,16,9,288,0,0,0,0,,,,,,,,,,,,,,,,,
layer_17,194,LOAD INP,LOAD,0,1,0,0,1,0,0,0,pc=194 LOAD INP,,,,,,,,,0x05feedef,0x0051,MEMORY READ,,,,,,,7,7,7,1,1,1,1,,,,,,,,,,,,,,,,,
layer_17,195,LOAD WGT,LOAD,0,0,0,1,2,0,0,0,pc=195 LOAD WGT,,,,,,,,,0x0060f317,0x0090,MEMORY READ,,,,,,,16,9,288,0,0,0,0,,,,,,,,,,,,,,,,,
layer_17,196,GEMM,COMPUTE,1,0,1,0,1,1,0,0,pc=196 GEMM,,,,,,,,,,,,,,,,,,,,,,,,,0,14,350,7,0,1,1,3,1,1,0,,,,,,
layer_17,197,GEMM,COMPUTE,1,0,1,0,0,2,0,0,pc=197 GEMM,,,,,,,,,,,,,,,,,,,,,,,,,0,350,686,7,0,1,1,3,1,1,0,,,,,,
layer_17,198,NOP-MEMORY-STAGE,LOAD,0,1,0,0,0,1,0,0,pc=198 NOP-MEMORY-STAGE,,,,,,,,,,,,,,,,,,,,,,,,,,,,,,,,,,,,,,,,,
layer_17,199,LOAD ACC,COMPUTE,0,0,0,0,0,1,0,0,pc=199 LOAD ACC,,,,,,,,,0x016fb440,0x0310,MEMORY READ,,,,,,,1,16,16,0,0,0,0,,,,,,,,,,,,,,,,,
layer_17,200,LOAD UOP,COMPUTE,0,0,0,0,0,1,0,0,pc=200 LOAD UOP,,,,,,,,,0x185802ae,0x02ae,MEMORY READ,,,,,,,1,1,1,0,0,0,0,,,,,,,,,,,,,,,,,
layer_17,201,ALU - add,COMPUTE,0,0,0,0,0,1,0,0,pc=201 ALU - add,,,,,,,,,,,,,,,,,,,,,,,,,0,686,687,,,,,,,,,16,49,1,49,1,0
layer_17,202,LOAD UOP,COMPUTE,0,0,0,0,0,1,0,0,pc=202 LOAD UOP,,,,,,,,,0x185802af,0x02af,MEMORY READ,,,,,,,1,1,1,0,0,0,0,,,,,,,,,,,,,,,,,
layer_17,203,ALU - max imm,COMPUTE,0,0,0,0,0,1,0,0,pc=203 ALU - max imm,,,,,,,,,,,,,,,,,,,,,,,,,0,687,688,,,,,,,,,1,0,0,784,1,1
layer_17,204,LOAD UOP,COMPUTE,0,0,0,0,0,1,0,0,pc=204 LOAD UOP,,,,,,,,,0x185802b0,0x02b0,MEMORY READ,,,,,,,1,1,1,0,0,0,0,,,,,,,,,,,,,,,,,
layer_17,205,ALU - add imm,COMPUTE,0,0,0,0,0,1,0,0,pc=205 ALU - add imm,,,,,,,,,,,,,,,,,,,,,,,,,0,688,689,,,,,,,,,1,0,0,784,1,1
layer_17,206,LOAD UOP,COMPUTE,0,0,0,0,0,1,0,0,pc=206 LOAD UOP,,,,,,,,,0x185802b1,0x02b1,MEMORY READ,,,,,,,1,1,1,0,0,0,0,,,,,,,,,,,,,,,,,
layer_17,207,ALU - shr,COMPUTE,0,0,0,0,0,1,0,0,pc=207 ALU - shr,,,,,,,,,,,,,,,,,,,,,,,,,0,689,690,,,,,,,,,1,0,0,784,1,1
layer_17,208,LOAD UOP,COMPUTE,0,0,0,0,0,1,0,0,pc=208 LOAD UOP,,,,,,,,,0x185802b2,0x02b2,MEMORY READ,,,,,,,1,1,1,0,0,0,0,,,,,,,,,,,,,,,,,
layer_17,209,ALU - min imm,COMPUTE,0,0,0,0,0,1,0,0,pc=209 ALU - min imm,,,,,,,,,,,,,,,,,,,,,,,,,0,690,691,,,,,,,,,1,0,0,784,1,1
layer_17,210,LOAD UOP,COMPUTE,0,0,0,0,0,1,0,0,pc=210 LOAD UOP,,,,,,,,,0x185802b3,0x02b3,MEMORY READ,,,,,,,1,1,1,0,0,0,0,,,,,,,,,,,,,,,,,
layer_17,211,ALU - max imm,COMPUTE,0,0,0,1,0,1,0,1,pc=211 ALU - max imm,,,,,,,,,,,,,,,,,,,,,,,,,0,691,692,,,,,,,,,1,0,0,784,1,1
layer_17,212,LOAD ACC,COMPUTE,0,0,0,0,0,1,0,1,pc=212 LOAD ACC,,,,,,,,,0x016fb450,0x0630,MEMORY READ,,,,,,,1,16,16,0,0,0,0,,,,,,,,,,,,,,,,,
layer_17,213,LOAD UOP,COMPUTE,0,0,0,0,0,1,0,1,pc=213 LOAD UOP,,,,,,,,,0x185802b4,0x02b4,MEMORY READ,,,,,,,1,1,1,0,0,0,0,,,,,,,,,,,,,,,,,
layer_17,214,ALU - add,COMPUTE,0,0,0,0,0,1,0,1,pc=214 ALU - add,,,,,,,,,,,,,,,,,,,,,,,,,0,692,693,,,,,,,,,16,49,1,49,1,0
layer_17,215,LOAD UOP,COMPUTE,0,0,0,0,0,1,0,1,pc=215 LOAD UOP,,,,,,,,,0x185802b5,0x02b5,MEMORY READ,,,,,,,1,1,1,0,0,0,0,,,,,,,,,,,,,,,,,
layer_17,216,ALU - max imm,COMPUTE,0,0,0,0,0,1,0,1,pc=216 ALU - max imm,,,,,,,,,,,,,,,,,,,,,,,,,0,693,694,,,,,,,,,1,0,0,784,1,1
layer_17,217,LOAD UOP,COMPUTE,0,0,0,0,0,1,0,1,pc=217 LOAD UOP,,,,,,,,,0x185802b6,0x02b6,MEMORY READ,,,,,,,1,1,1,0,0,0,0,,,,,,,,,,,,,,,,,
layer_17,218,ALU - add imm,COMPUTE,0,0,0,0,0,1,0,1,pc=218 ALU - add imm,,,,,,,,,,,,,,,,,,,,,,,,,0,694,695,,,,,,,,,1,0,0,784,1,1
layer_17,219,LOAD UOP,COMPUTE,0,0,0,0,0,1,0,1,pc=219 LOAD UOP,,,,,,,,,0x185802b7,0x02b7,MEMORY READ,,,,,,,1,1,1,0,0,0,0,,,,,,,,,,,,,,,,,
layer_17,220,ALU - shr,COMPUTE,0,0,0,0,0,1,0,1,pc=220 ALU - shr,,,,,,,,,,,,,,,,,,,,,,,,,0,695,696,,,,,,,,,1,0,0,784,1,1
layer_17,221,LOAD UOP,COMPUTE,0,0,0,0,0,1,0,1,pc=221 LOAD UOP,,,,,,,,,0x185802b8,0x02b8,MEMORY READ,,,,,,,1,1,1,0,0,0,0,,,,,,,,,,,,,,,,,
layer_17,222,ALU - min imm,COMPUTE,0,0,0,0,0,1,0,1,pc=222 ALU - min imm,,,,,,,,,,,,,,,,,,,,,,,,,0,696,697,,,,,,,,,1,0,0,784,1,1
layer_17,223,LOAD UOP,COMPUTE,0,0,0,0,0,1,0,1,pc=223 LOAD UOP,,,,,,,,,0x185802b9,0x02b9,MEMORY READ,,,,,,,1,1,1,0,0,0,0,,,,,,,,,,,,,,,,,
layer_17,224,ALU - max imm,COMPUTE,0,0,0,1,0,1,0,2,pc=224 ALU - max imm,,,,,,,,,,,,,,,,,,,,,,,,,0,697,698,,,,,,,,,1,0,0,784,1,1
layer_17,225,STORE,STORE,1,0,0,0,0,1,0,1,pc=225 STORE,,,,,,,,,0x05fe9800,0x0000,MEMORY WRITE,,,,,,,1,784,784,0,0,0,0,,,,,,,,,,,,,,,,,
layer_17,226,STORE,STORE,1,0,1,0,0,1,1,0,pc=226 STORE,,,,,,,,,0x05fe9b10,0x0320,MEMORY WRITE,,,,,,,1,784,784,0,0,0,0,,,,,,,,,,,,,,,,,
layer_17,227,NOP-MEMORY-STAGE,LOAD,0,1,0,0,0,0,1,0,pc=227 NOP-MEMORY-STAGE,,,,,,,,,,,,,,,,,,,,,,,,,,,,,,,,,,,,,,,,,
layer_17,228,NOP-MEMORY-STAGE,LOAD,0,0,0,1,1,0,1,0,pc=228 NOP-MEMORY-STAGE,,,,,,,,,,,,,,,,,,,,,,,,,,,,,,,,,,,,,,,,,
layer_17,229,NOP-COMPUTE-STAGE,COMPUTE,1,1,0,0,0,0,0,0,pc=229 NOP-COMPUTE-STAGE,,,,,,,,,,,,,,,,,,,,,,,,,,,,,,,,,,,,,,,,,
layer_17,230,FINISH,COMPUTE,,,,,0,0,0,0,pc=230 FINISH,,,,,,,,,,,,,,,,,,,,,,,,,,,,,,,,,,,,,,,,,
layer_18,0,LOAD UOP,COMPUTE,0,0,0,0,0,0,0,0,pc=0 LOAD UOP,,,,,,,,,0x18580000,0x0000,MEMORY READ,,,,,,,1,7,7,0,0,0,0,,,,,,,,,,,,,,,,,
layer_18,1,GEMM,COMPUTE,0,0,1,0,0,1,0,0,pc=1 GEMM,,,,,,,,,,,,,,,,,,,,,,,,,1,0,7,7,0,0,1,16,0,0,49,,,,,,
layer_18,2,LOAD UOP,COMPUTE,0,0,0,0,0,1,0,0,pc=2 LOAD UOP,,,,,,,,,0x18580007,0x0007,MEMORY READ,,,,,,,1,7,7,0,0,0,0,,,,,,,,,,,,,,,,,
layer_18,3,GEMM,COMPUTE,0,0,1,0,0,2,0,0,pc=3 GEMM,,,,,,,,,,,,,,,,,,,,,,,,,1,7,14,7,0,0,1,16,0,0,49,,,,,,
layer_18,4,LOAD INP,LOAD,0,1,0,0,0,1,0,0,pc=4 LOAD INP,,,,,,,,,0x05fe9800,0x0000,MEMORY READ,,,,,,,7,7,7,1,1,1,1,,,,,,,,,,,,,,,,,
layer_18,5,LOAD WGT,LOAD,0,0,0,1,1,1,0,0,pc=5 LOAD WGT,,,,,,,,,0x00611000,0x0000,MEMORY READ,,,,,,,16,9,288,0,0,0,0,,,,,,,,,,,,,,,,,
layer_18,6,LOAD INP,LOAD,0,1,0,0,1,0,0,0,pc=6 LOAD INP,,,,,,,,,0x05fe9800,0x0051,MEMORY READ,,,,,,,7,7,7,1,1,1,1,,,,,,,,,,,,,,,,,
layer_18,7,LOAD WGT,LOAD,0,0,0,1,2,0,0,0,pc=7 LOAD WGT,,,,,,,,,0x00612200,0x0090,MEMORY READ,,,,,,,16,9,288,0,0,0,0,,,,,,,,,,,,,,,,,
layer_18,8,LOAD UOP,COMPUTE,1,0,0,0,1,0,0,0,pc=8 LOAD UOP,,,,,,,,,0x1858000e,0x000e,MEMORY READ,,,,,,,1,336,336,0,0,0,0,,,,,,,,,,,,,,,,,
layer_18,9,GEMM,COMPUTE,0,0,1,0,1,1,0,0,pc=9 GEMM,,,,,,,,,,,,,,,,,,,,,,,,,0,14,350,7,0,1,1,3,1,1,0,,,,,,
layer_18,10,LOAD UOP,COMPUTE,1,0,0,0,0,1,0,0,pc=10 LOAD UOP,,,,,,,,,0x1858015e,0x015e,MEMORY READ,,,,,,,1,336,336,0,0,0,0,,,,,,,,,,,,,,,,,
layer_18,11,GEMM,COMPUTE,0,0,1,0,0,2,0,0,pc=11 GEMM,,,,,,,,,,,,,,,,,,,,,,,,,0,350,686,7,0,1,1,3,1,1,0,,,,,,
layer_18,12,LOAD INP,LOAD,0,1,0,0,0,1,0,0,pc=12 LOAD INP,,,,,,,,,0x05fe9831,0x0000,MEMORY READ,,,,,,,7,7,7,1,1,1,1,,,,,,,,,,,,,,,,,
layer_18,13,LOAD WGT,LOAD,0,0,0,1,1,1,0,0,pc=13 LOAD WGT,,,,,,,,,0x00611009,0x0000,MEMORY READ,,,,,,,16,9,288,0,0,0,0,,,,,,,,,,,,,,,,,
layer_18,14,LOAD INP,LOAD,0,1,0,0,1,0,0,0,pc=14 LOAD INP,,,,,,,,,0x05fe9831,0x0051,MEMORY READ,,,,,,,7,7,7,1,1,1,1,,,,,,,,,,,,,,,,,
layer_18,15,LOAD WGT,LOAD,0,0,0,1,2,0,0,0,pc=15 LOAD WGT,,,,,,,,,0x00612209,0x0090,MEMORY READ,,,,,,,16,9,288,0,0,0,0,,,,,,,,,,,,,,,,,
layer_18,16,GEMM,COMPUTE,1,0,1,0,1,1,0,0,pc=16 GEMM,,,,,,,,,,,,,,,,,,,,,,,,,0,14,350,7,0,1,1,3,1,1,0,,,,,,
layer_18,17,GEMM,COMPUTE,1,0,1,0,0,2,0,0,pc=17 GEMM,,,,,,,,,,,,,,,,,,,,,,,,,0,350,686,7,0,1,1,3,1,1,0,,,,,,
layer_18,18,LOAD INP,LOAD,0,1,0,0,0,1,0,0,pc=18 LOAD INP,,,,,,,,,0x05fe9862,0x0000,MEMORY READ,,,,,,,7,7,7,1,1,1,1,,,,,,,,,,,,,,,,,
layer_18,19,LOAD WGT,LOAD,0,0,0,1,1,1,0,0,pc=19 LOAD WGT,,,,,,,,,0x00611012,0x0000,MEMORY READ,,,,,,,16,9,288,0,0,0,0,,,,,,,,,,,,,,,,,
layer_18,20,LOAD INP,LOAD,0,1,0,0,1,0,0,0,pc=20 LOAD INP,,,,,,,,,0x05fe9862,0x0051,MEMORY READ,,,,,,,7,7,7,1,1,1,1,,,,,,,,,,,,,,,,,
layer_18,21,LOAD WGT,LOAD,0,0,0,1,2,0,0,0,pc=21 LOAD WGT,,,,,,,,,0x00612212,0x0090,MEMORY READ,,,,,,,16,9,288,0,0,0,0,,,,,,,,,,,,,,,,,
layer_18,22,GEMM,COMPUTE,1,0,1,0,1,1,0,0,pc=22 GEMM,,,,,,,,,,,,,,,,,,,,,,,,,0,14,350,7,0,1,1,3,1,1,0,,,,,,
layer_18,23,GEMM,COMPUTE,1,0,1,0,0,2,0,0,pc=23 GEMM,,,,,,,,,,,,,,,,,,,,,,,,,0,350,686,7,0,1,1,3,1,1,0,,,,,,
layer_18,24,LOAD INP,LOAD,0,1,0,0,0,1,0,0,pc=24 LOAD INP,,,,,,,,,0x05fe9893,0x0000,MEMORY READ,,,,,,,7,7,7,1,1,1,1,,,,,,,,,,,,,,,,,
layer_18,25,LOAD WGT,LOAD,0,0,0,1,1,1,0,0,pc=25 LOAD WGT,,,,,,,,,0x0061101b,0x0000,MEMORY READ,,,,,,,16,9,288,0,0,0,0,,,,,,,,,,,,,,,,,
layer_18,26,LOAD INP,LOAD,0,1,0,0,1,0,0,0,pc=26 LOAD INP,,,,,,,,,0x05fe9893,0x0051,MEMORY READ,,,,,,,7,7,7,1,1,1,1,,,,,,,,,,,,,,,,,
layer_18,27,LOAD WGT,LOAD,0,0,0,1,2,0,0,0,pc=27 LOAD WGT,,,,,,,,,0x0061221b,0x0090,MEMORY READ,,,,,,,16,9,288,0,0,0,0,,,,,,,,,,,,,,,,,
layer_18,28,GEMM,COMPUTE,1,0,1,0,1,1,0,0,pc=28 GEMM,,,,,,,,,,,,,,,,,,,,,,,,,0,14,350,7,0,1,1,3,1,1,0,,,,,,
layer_18,29,GEMM,COMPUTE,1,0,1,0,0,2,0,0,pc=29 GEMM,,,,,,,,,,,,,,,,,,,,,,,,,0,350,686,7,0,1,1,3,1,1,0,,,,,,
layer_18,30,LOAD INP,LOAD,0,1,0,0,0,1,0,0,pc=30 LOAD INP,,,,,,,,,0x05fe98c4,0x0000,MEMORY READ,,,,,,,7,7,7,1,1,1,1,,,,,,,,,,,,,,,,,
layer_18,31,LOAD WGT,LOAD,0,0,0,1,1,1,0,0,pc=31 LOAD WGT,,,,,,,,,0x00611024,0x0000,MEMORY READ,,,,,,,16,9,288,0,0,0,0,,,,,,,,,,,,,,,,,
layer_18,32,LOAD INP,LOAD,0,1,0,0,1,0,0,0,pc=32 LOAD INP,,,,,,,,,0x05fe98c4,0x0051,MEMORY READ,,,,,,,7,7,7,1,1,1,1,,,,,,,,,,,,,,,,,
layer_18,33,LOAD WGT,LOAD,0,0,0,1,2,0,0,0,pc=33 LOAD WGT,,,,,,,,,0x00612224,0x0090,MEMORY READ,,,,,,,16,9,288,0,0,0,0,,,,,,,,,,,,,,,,,
layer_18,34,GEMM,COMPUTE,1,0,1,0,1,1,0,0,pc=34 GEMM,,,,,,,,,,,,,,,,,,,,,,,,,0,14,350,7,0,1,1,3,1,1,0,,,,,,
layer_18,35,GEMM,COMPUTE,1,0,1,0,0,2,0,0,pc=35 GEMM,,,,,,,,,,,,,,,,,,,,,,,,,0,350,686,7,0,1,1,3,1,1,0,,,,,,
layer_18,36,LOAD INP,LOAD,0,1,0,0,0,1,0,0,pc=36 LOAD INP,,,,,,,,,0x05fe98f5,0x0000,MEMORY READ,,,,,,,7,7,7,1,1,1,1,,,,,,,,,,,,,,,,,
layer_18,37,LOAD WGT,LOAD,0,0,0,1,1,1,0,0,pc=37 LOAD WGT,,,,,,,,,0x0061102d,0x0000,MEMORY READ,,,,,,,16,9,288,0,0,0,0,,,,,,,,,,,,,,,,,
layer_18,38,LOAD INP,LOAD,0,1,0,0,1,0,0,0,pc=38 LOAD INP,,,,,,,,,0x05fe98f5,0x0051,MEMORY READ,,,,,,,7,7,7,1,1,1,1,,,,,,,,,,,,,,,,,
layer_18,39,LOAD WGT,LOAD,0,0,0,1,2,0,0,0,pc=39 LOAD WGT,,,,,,,,,0x0061222d,0x0090,MEMORY READ,,,,,,,16,9,288,0,0,0,0,,,,,,,,,,,,,,,,,
layer_18,40,GEMM,COMPUTE,1,0,1,0,1,1,0,0,pc=40 GEMM,,,,,,,,,,,,,,,,,,,,,,,,,0,14,350,7,0,1,1,3,1,1,0,,,,,,
layer_18,41,GEMM,COMPUTE,1,0,1,0,0,2,0,0,pc=41 GEMM,,,,,,,,,,,,,,,,,,,,,,,,,0,350,686,7,0,1,1,3,1,1,0,,,,,,
layer_18,42,LOAD INP,LOAD,0,1,0,0,0,1,0,0,pc=42 LOAD INP,,,,,,,,,0x05fe9926,0x0000,MEMORY READ,,,,,,,7,7,7,1,1,1,1,,,,,,,,,,,,,,,,,
layer_18,43,LOAD WGT,LOAD,0,0,0,1,1,1,0,0,pc=43 LOAD WGT,,,,,,,,,0x00611036,0x0000,MEMORY READ,,,,,,,16,9,288,0,0,0,0,,,,,,,,,,,,,,,,,
layer_18,44,LOAD INP,LOAD,0,1,0,0,1,0,0,0,pc=44 LOAD INP,,,,,,,,,0x05fe9926,0x0051,MEMORY READ,,,,,,,7,7,7,1,1,1,1,,,,,,,,,,,,,,,,,
layer_18,45,LOAD WGT,LOAD,0,0,0,1,2,0,0,0,pc=45 LOAD WGT,,,,,,,,,0x00612236,0x0090,MEMORY READ,,,,,,,16,9,288,0,0,0,0,,,,,,,,,,,,,,,,,
layer_18,46,GEMM,COMPUTE,1,0,1,0,1,1,0,0,pc=46 GEMM,,,,,,,,,,,,,,,,,,,,,,,,,0,14,350,7,0,1,1,3,1,1,0,,,,,,
layer_18,47,GEMM,COMPUTE,1,0,1,0,0,2,0,0,pc=47 GEMM,,,,,,,,,,,,,,,,,,,,,,,,,0,350,686,7,0,1,1,3,1,1,0,,,,,,
layer_18,48,LOAD INP,LOAD,0,1,0,0,0,1,0,0,pc=48 LOAD INP,,,,,,,,,0x05fe9957,0x0000,MEMORY READ,,,,,,,7,7,7,1,1,1,1,,,,,,,,,,,,,,,,,
layer_18,49,LOAD WGT,LOAD,0,0,0,1,1,1,0,0,pc=49 LOAD WGT,,,,,,,,,0x0061103f,0x0000,MEMORY READ,,,,,,,16,9,288,0,0,0,0,,,,,,,,,,,,,,,,,
layer_18,50,LOAD INP,LOAD,0,1,0,0,1,0,0,0,pc=50 LOAD INP,,,,,,,,,0x05fe9957,0x0051,MEMORY READ,,,,,,,7,7,7,1,1,1,1,,,,,,,,,,,,,,,,,
layer_18,51,LOAD WGT,LOAD,0,0,0,1,2,0,0,0,pc=51 LOAD WGT,,,,,,,,,0x0061223f,0x0090,MEMORY READ,,,,,,,16,9,288,0,0,0,0,,,,,,,,,,,,,,,,,
layer_18,52,GEMM,COMPUTE,1,0,1,0,1,1,0,0,pc=52 GEMM,,,,,,,,,,,,,,,,,,,,,,,,,0,14,350,7,0,1,1,3,1,1,0,,,,,,
layer_18,53,GEMM,COMPUTE,1,0,1,0,0,2,0,0,pc=53 GEMM,,,,,,,,,,,,,,,,,,,,,,,,,0,350,686,7,0,1,1,3,1,1,0,,,,,,
layer_18,54,LOAD INP,LOAD,0,1,0,0,0,1,0,0,pc=54 LOAD INP,,,,,,,,,0x05fe9988,0x0000,MEMORY READ,,,,,,,7,7,7,1,1,1,1,,,,,,,,,,,,,,,,,
layer_18,55,LOAD WGT,LOAD,0,0,0,1,1,1,0,0,pc=55 LOAD WGT,,,,,,,,,0x00611048,0x0000,MEMORY READ,,,,,,,16,9,288,0,0,0,0,,,,,,,,,,,,,,,,,
layer_18,56,LOAD INP,LOAD,0,1,0,0,1,0,0,0,pc=56 LOAD INP,,,,,,,,,0x05fe9988,0x0051,MEMORY READ,,,,,,,7,7,7,1,1,1,1,,,,,,,,,,,,,,,,,
layer_18,57,LOAD WGT,LOAD,0,0,0,1,2,0,0,0,pc=57 LOAD WGT,,,,,,,,,0x00612248,0x0090,MEMORY READ,,,,,,,16,9,288,0,0,0,0,,,,,,,,,,,,,,,,,
layer_18,58,GEMM,COMPUTE,1,0,1,0,1,1,0,0,pc=58 GEMM,,,,,,,,,,,,,,,,,,,,,,,,,0,14,350,7,0,1,1,3,1,1,0,,,,,,
layer_18,59,GEMM,COMPUTE,1,0,1,0,0,2,0,0,pc=59 GEMM,,,,,,,,,,,,,,,,,,,,,,,,,0,350,686,7,0,1,1,3,1,1,0,,,,,,
layer_18,60,LOAD INP,LOAD,0,1,0,0,0,1,0,0,pc=60 LOAD INP,,,,,,,,,0x05fe99b9,0x0000,MEMORY READ,,,,,,,7,7,7,1,1,1,1,,,,,,,,,,,,,,,,,
layer_18,61,LOAD WGT,LOAD,0,0,0,1,1,1,0,0,pc=61 LOAD WGT,,,,,,,,,0x00611051,0x0000,MEMORY READ,,,,,,,16,9,288,0,0,0,0,,,,,,,,,,,,,,,,,
layer_18,62,LOAD INP,LOAD,0,1,0,0,1,0,0,0,pc=62 LOAD INP,,,,,,,,,0x05fe99b9,0x0051,MEMORY READ,,,,,,,7,7,7,1,1,1,1,,,,,,,,,,,,,,,,,
layer_18,63,LOAD WGT,LOAD,0,0,0,1,2,0,0,0,pc=63 LOAD WGT,,,,,,,,,0x00612251,0x0090,MEMORY READ,,,,,,,16,9,288,0,0,0,0,,,,,,,,,,,,,,,,,
layer_18,64,GEMM,COMPUTE,1,0,1,0,1,1,0,0,pc=64 GEMM,,,,,,,,,,,,,,,,,,,,,,,,,0,14,350,7,0,1,1,3,1,1,0,,,,,,
layer_18,65,GEMM,COMPUTE,1,0,1,0,0,2,0,0,pc=65 GEMM,,,,,,,,,,,,,,,,,,,,,,,,,0,350,686,7,0,1,1,3,1,1,0,,,,,,
layer_18,66,LOAD INP,LOAD,0,1,0,0,0,1,0,0,pc=66 LOAD INP,,,,,,,,,0x05fe99ea,0x0000,MEMORY READ,,,,,,,7,7,7,1,1,1,1,,,,,,,,,,,,,,,,,
layer_18,67,LOAD WGT,LOAD,0,0,0,1,1,1,0,0,pc=67 LOAD WGT,,,,,,,,,0x0061105a,0x0000,MEMORY READ,,,,,,,16,9,288,0,0,0,0,,,,,,,,,,,,,,,,,
layer_18,68,LOAD INP,LOAD,0,1,0,0,1,0,0,0,pc=68 LOAD INP,,,,,,,,,0x05fe99ea,0x0051,MEMORY READ,,,,,,,7,7,7,1,1,1,1,,,,,,,,,,,,,,,,,
layer_18,69,LOAD WGT,LOAD,0,0,0,1,2,0,0,0,pc=69 LOAD WGT,,,,,,,,,0x0061225a,0x0090,MEMORY READ,,,,,,,16,9,288,0,0,0,0,,,,,,,,,,,,,,,,,
layer_18,70,GEMM,COMPUTE,1,0,1,0,1,1,0,0,pc=70 GEMM,,,,,,,,,,,,,,,,,,,,,,,,,0,14,350,7,0,1,1,3,1,1,0,,,,,,
layer_18,71,GEMM,COMPUTE,1,0,1,0,0,2,0,0,pc=71 GEMM,,,,,,,,,,,,,,,,,,,,,,,,,0,350,686,7,0,1,1,3,1,1,0,,,,,,
layer_18,72,LOAD INP,LOAD,0,1,0,0,0,1,0,0,pc=72 LOAD INP,,,,,,,,,0x05fe9a1b,0x0000,MEMORY READ,,,,,,,7,7,7,1,1,1,1,,,,,,,,,,,,,,,,,
layer_18,73,LOAD WGT,LOAD,0,0,0,1,1,1,0,0,pc=73 LOAD WGT,,,,,,,,,0x00611063,0x0000,MEMORY READ,,,,,,,16,9,288,0,0,0,0,,,,,,,,,,,,,,,,,
layer_18,74,LOAD INP,LOAD,0,1,0,0,1,0,0,0,pc=74 LOAD INP,,,,,,,,,0x05fe9a1b,0x0051,MEMORY READ,,,,,,,7,7,7,1,1,1,1,,,,,,,,,,,,,,,,,
layer_18,75,LOAD WGT,LOAD,0,0,0,1,2,0,0,0,pc=75 LOAD WGT,,,,,,,,,0x00612263,0x0090,MEMORY READ,,,,,,,16,9,288,0,0,0,0,,,,,,,,,,,,,,,,,
layer_18,76,GEMM,COMPUTE,1,0,1,0,1,1,0,0,pc=76 GEMM,,,,,,,,,,,,,,,,,,,,,,,,,0,14,350,7,0,1,1,3,1,1,0,,,,,,
layer_18,77,GEMM,COMPUTE,1,0,1,0,0,2,0,0,pc=77 GEMM,,,,,,,,,,,,,,,,,,,,,,,,,0,350,686,7,0,1,1,3,1,1,0,,,,,,
layer_18,78,LOAD INP,LOAD,0,1,0,0,0,1,0,0,pc=78 LOAD INP,,,,,,,,,0x05fe9a4c,0x0000,MEMORY READ,,,,,,,7,7,7,1,1,1,1,,,,,,,,,,,,,,,,,
layer_18,79,LOAD WGT,LOAD,0,0,0,1,1,1,0,0,pc=79 LOAD WGT,,,,,,,,,0x0061106c,0x0000,MEMORY READ,,,,,,,16,9,288,0,0,0,0,,,,,,,,,,,,,,,,,
layer_18,80,LOAD INP,LOAD,0,1,0,0,1,0,0,0,pc=80 LOAD INP,,,,,,,,,0x05fe9a4c,0x0051,MEMORY READ,,,,,,,7,7,7,1,1,1,1,,,,,,,,,,,,,,,,,
layer_18,81,LOAD WGT,LOAD,0,0,0,1,2,0,0,0,pc=81 LOAD WGT,,,,,,,,,0x0061226c,0x0090,MEMORY READ,,,,,,,16,9,288,0,0,0,0,,,,,,,,,,,,,,,,,
layer_18,82,GEMM,COMPUTE,1,0,1,0,1,1,0,0,pc=82 GEMM,,,,,,,,,,,,,,,,,,,,,,,,,0,14,350,7,0,1,1,3,1,1,0,,,,,,
layer_18,83,GEMM,COMPUTE,1,0,1,0,0,2,0,0,pc=83 GEMM,,,,,,,,,,,,,,,,,,,,,,,,,0,350,686,7,0,1,1,3,1,1,0,,,,,,
layer_18,84,LOAD INP,LOAD,0,1,0,0,0,1,0,0,pc=84 LOAD INP,,,,,,,,,0x05fe9a7d,0x0000,MEMORY READ,,,,,,,7,7,7,1,1,1,1,,,,,,,,,,,,,,,,,
layer_18,85,LOAD WGT,LOAD,0,0,0,1,1,1,0,0,pc=85 LOAD WGT,,,,,,,,,0x00611075,0x0000,MEMORY READ,,,,,,,16,9,288,0,0,0,0,,,,,,,,,,,,,,,,,
layer_18,86,LOAD INP,LOAD,0,1,0,0,1,0,0,0,pc=86 LOAD INP,,,,,,,,,0x05fe9a7d,0x0051,MEMORY READ,,,,,,,7,7,7,1,1,1,1,,,,,,,,,,,,,,,,,
layer_18,87,LOAD WGT,LOAD,0,0,0,1,2,0,0,0,pc=87 LOAD WGT,,,,,,,,,0x00612275,0x0090,MEMORY READ,,,,,,,16,9,288,0,0,0,0,,,,,,,,,,,,,,,,,
layer_18,88,GEMM,COMPUTE,1,0,1,0,1,1,0,0,pc=88 GEMM,,,,,,,,,,,,,,,,,,,,,,,,,0,14,350,7,0,1,1,3,1,1,0,,,,,,
layer_18,89,GEMM,COMPUTE,1,0,1,0,0,2,0,0,pc=89 GEMM,,,,,,,,,,,,,,,,,,,,,,,,,0,350,686,7,0,1,1,3,1,1,0,,,,,,
layer_18,90,LOAD INP,LOAD,0,1,0,0,0,1,0,0,pc=90 LOAD INP,,,,,,,,,0x05fe9aae,0x0000,MEMORY READ,,,,,,,7,7,7,1,1,1,1,,,,,,,,,,,,,,,,,
layer_18,91,LOAD WGT,LOAD,0,0,0,1,1,1,0,0,pc=91 LOAD WGT,,,,,,,,,0x0061107e,0x0000,MEMORY READ,,,,,,,16,9,288,0,0,0,0,,,,,,,,,,,,,,,,,
layer_18,92,LOAD INP,LOAD,0,1,0,0,1,0,0,0,pc=92 LOAD INP,,,,,,,,,0x05fe9aae,0x0051,MEMORY READ,,,,,,,7,7,7,1,1,1,1,,,,,,,,,,,,,,,,,
layer_18,93,LOAD WGT,LOAD,0,0,0,1,2,0,0,0,pc=93 LOAD WGT,,,,,,,,,0x0061227e,0x0090,MEMORY READ,,,,,,,16,9,288,0,0,0,0,,,,,,,,,,,,,,,,,
layer_18,94,GEMM,COMPUTE,1,0,1,0,1,1,0,0,pc=94 GEMM,,,,,,,,,,,,,,,,,,,,,,,,,0,14,350,7,0,1,1,3,1,1,0,,,,,,
layer_18,95,GEMM,COMPUTE,1,0,1,0,0,2,0,0,pc=95 GEMM,,,,,,,,,,,,,,,,,,,,,,,,,0,350,686,7,0,1,1,3,1,1,0,,,,,,
layer_18,96,LOAD INP,LOAD,0,1,0,0,0,1,0,0,pc=96 LOAD INP,,,,,,,,,0x05fe9adf,0x0000,MEMORY READ,,,,,,,7,7,7,1,1,1,1,,,,,,,,,,,,,,,,,
layer_18,97,LOAD WGT,LOAD,0,0,0,1,1,1,0,0,pc=97 LOAD WGT,,,,,,,,,0x00611087,0x0000,MEMORY READ,,,,,,,16,9,288,0,0,0,0,,,,,,,,,,,,,,,,,
layer_18,98,LOAD INP,LOAD,0,1,0,0,1,0,0,0,pc=98 LOAD INP,,,,,,,,,0x05fe9adf,0x0051,MEMORY READ,,,,,,,7,7,7,1,1,1,1,,,,,,,,,,,,,,,,,
layer_18,99,LOAD WGT,LOAD,0,0,0,1,2,0,0,0,pc=99 LOAD WGT,,,,,,,,,0x00612287,0x0090,MEMORY READ,,,,,,,16,9,288,0,0,0,0,,,,,,,,,,,,,,,,,
layer_18,100,GEMM,COMPUTE,1,0,1,0,1,1,0,0,pc=100 GEMM,,,,,,,,,,,,,,,,,,,,,,,,,0,14,350,7,0,1,1,3,1,1,0,,,,,,
layer_18,101,GEMM,COMPUTE,1,0,1,0,0,2,0,0,pc=101 GEMM,,,,,,,,,,,,,,,,,,,,,,,,,0,350,686,7,0,1,1,3,1,1,0,,,,,,
layer_18,102,LOAD INP,LOAD,0,1,0,0,0,1,0,0,pc=102 LOAD INP,,,,,,,,,0x05fe9b10,0x0000,MEMORY READ,,,,,,,7,7,7,1,1,1,1,,,,,,,,,,,,,,,,,
layer_18,103,LOAD WGT,LOAD,0,0,0,1,1,1,0,0,pc=103 LOAD WGT,,,,,,,,,0x00611090,0x0000,MEMORY READ,,,,,,,16,9,288,0,0,0,0,,,,,,,,,,,,,,,,,
layer_18,104,LOAD INP,LOAD,0,1,0,0,1,0,0,0,pc=104 LOAD INP,,,,,,,,,0x05fe9b10,0x0051,MEMORY READ,,,,,,,7,7,7,1,1,1,1,,,,,,,,,,,,,,,,,
layer_18,105,LOAD WGT,LOAD,0,0,0,1,2,0,0,0,pc=105 LOAD WGT,,,,,,,,,0x00612290,0x0090,MEMORY READ,,,,,,,16,9,288,0,0,0,0,,,,,,,,,,,,,,,,,
layer_18,106,GEMM,COMPUTE,1,0,1,0,1,1,0,0,pc=106 GEMM,,,,,,,,,,,,,,,,,,,,,,,,,0,14,350,7,0,1,1,3,1,1,0,,,,,,
layer_18,107,GEMM,COMPUTE,1,0,1,0,0,2,0,0,pc=107 GEMM,,,,,,,,,,,,,,,,,,,,,,,,,0,350,686,7,0,1,1,3,1,1,0,,,,,,
layer_18,108,LOAD INP,LOAD,0,1,0,0,0,1,0,0,pc=108 LOAD INP,,,,,,,,,0x05fe9b41,0x0000,MEMORY READ,,,,,,,7,7,7,1,1,1,1,,,,,,,,,,,,,,,,,
layer_18,109,LOAD WGT,LOAD,0,0,0,1,1,1,0,0,pc=109 LOAD WGT,,,,,,,,,0x00611099,0x0000,MEMORY READ,,,,,,,16,9,288,0,0,0,0,,,,,,,,,,,,,,,,,
layer_18,110,LOAD INP,LOAD,0,1,0,0,1,0,0,0,pc=110 LOAD INP,,,,,,,,,0x05fe9b41,0x0051,MEMORY READ,,,,,,,7,7,7,1,1,1,1,,,,,,,,,,,,,,,,,
layer_18,111,LOAD WGT,LOAD,0,0,0,1,2,0,0,0,pc=111 LOAD WGT,,,,,,,,,0x00612299,0x0090,MEMORY READ,,,,,,,16,9,288,0,0,0,0,,,,,,,,,,,,,,,,,
layer_18,112,GEMM,COMPUTE,1,0,1,0,1,1,0,0,pc=112 GEMM,,,,,,,,,,,,,,,,,,,,,,,,,0,14,350,7,0,1,1,3,1,1,0,,,,,,
layer_18,113,GEMM,COMPUTE,1,0,1,0,0,2,0,0,pc=113 GEMM,,,,,,,,,,,,,,,,,,,,,,,,,0,350,686,7,0,1,1,3,1,1,0,,,,,,
layer_18,114,LOAD INP,LOAD,0,1,0,0,0,1,0,0,pc=114 LOAD INP,,,,,,,,,0x05fe9b72,0x0000,MEMORY READ,,,,,,,7,7,7,1,1,1,1,,,,,,,,,,,,,,,,,
layer_18,115,LOAD WGT,LOAD,0,0,0,1,1,1,0,0,pc=115 LOAD WGT,,,,,,,,,0x006110a2,0x0000,MEMORY READ,,,,,,,16,9,288,0,0,0,0,,,,,,,,,,,,,,,,,
layer_18,116,LOAD INP,LOAD,0,1,0,0,1,0,0,0,pc=116 LOAD INP,,,,,,,,,0x05fe9b72,0x0051,MEMORY READ,,,,,,,7,7,7,1,1,1,1,,,,,,,,,,,,,,,,,
layer_18,117,LOAD WGT,LOAD,0,0,0,1,2,0,0,0,pc=117 LOAD WGT,,,,,,,,,0x006122a2,0x0090,MEMORY READ,,,,,,,16,9,288,0,0,0,0,,,,,,,,,,,,,,,,,
layer_18,118,GEMM,COMPUTE,1,0,1,0,1,1,0,0,pc=118 GEMM,,,,,,,,,,,,,,,,,,,,,,,,,0,14,350,7,0,1,1,3,1,1,0,,,,,,
layer_18,119,GEMM,COMPUTE,1,0,1,0,0,2,0,0,pc=119 GEMM,,,,,,,,,,,,,,,,,,,,,,,,,0,350,686,7,0,1,1,3,1,1,0,,,,,,
layer_18,120,LOAD INP,LOAD,0,1,0,0,0,1,0,0,pc=120 LOAD INP,,,,,,,,,0x05fe9ba3,0x0000,MEMORY READ,,,,,,,7,7,7,1,1,1,1,,,,,,,,,,,,,,,,,
layer_18,121,LOAD WGT,LOAD,0,0,0,1,1,1,0,0,pc=121 LOAD WGT,,,,,,,,,0x006110ab,0x0000,MEMORY READ,,,,,,,16,9,288,0,0,0,0,,,,,,,,,,,,,,,,,
layer_18,122,LOAD INP,LOAD,0,1,0,0,1,0,0,0,pc=122 LOAD INP,,,,,,,,,0x05fe9ba3,0x0051,MEMORY READ,,,,,,,7,7,7,1,1,1,1,,,,,,,,,,,,,,,,,
layer_18,123,LOAD WGT,LOAD,0,0,0,1,2,0,0,0,pc=123 LOAD WGT,,,,,,,,,0x006122ab,0x0090,MEMORY READ,,,,,,,16,9,288,0,0,0,0,,,,,,,,,,,,,,,,,
layer_18,124,GEMM,COMPUTE,1,0,1,0,1,1,0,0,pc=124 GEMM,,,,,,,,,,,,,,,,,,,,,,,,,0,14,350,7,0,1,1,3,1,1,0,,,,,,
layer_18,125,GEMM,COMPUTE,1,0,1,0,0,2,0,0,pc=125 GEMM,,,,,,,,,,,,,,,,,,,,,,,,,0,350,686,7,0,1,1,3,1,1,0,,,,,,
layer_18,126,LOAD INP,LOAD,0,1,0,0,0,1,0,0,pc=126 LOAD INP,,,,,,,,,0x05fe9bd4,0x0000,MEMORY READ,,,,,,,7,7,7,1,1,1,1,,,,,,,,,,,,,,,,,
layer_18,127,LOAD WGT,LOAD,0,0,0,1,1,1,0,0,pc=127 LOAD WGT,,,,,,,,,0x006110b4,0x0000,MEMORY READ,,,,,,,16,9,288,0,0,0,0,,,,,,,,,,,,,,,,,
layer_18,128,LOAD INP,LOAD,0,1,0,0,1,0,0,0,pc=128 LOAD INP,,,,,,,,,0x05fe9bd4,0x0051,MEMORY READ,,,,,,,7,7,7,1,1,1,1,,,,,,,,,,,,,,,,,
layer_18,129,LOAD WGT,LOAD,0,0,0,1,2,0,0,0,pc=129 LOAD WGT,,,,,,,,,0x006122b4,0x0090,MEMORY READ,,,,,,,16,9,288,0,0,0,0,,,,,,,,,,,,,,,,,
layer_18,130,GEMM,COMPUTE,1,0,1,0,1,1,0,0,pc=130 GEMM,,,,,,,,,,,,,,,,,,,,,,,,,0,14,350,7,0,1,1,3,1,1,0,,,,,,
layer_18,131,GEMM,COMPUTE,1,0,1,0,0,2,0,0,pc=131 GEMM,,,,,,,,,,,,,,,,,,,,,,,,,0,350,686,7,0,1,1,3,1,1,0,,,,,,
layer_18,132,LOAD INP,LOAD,0,1,0,0,0,1,0,0,pc=132 LOAD INP,,,,,,,,,0x05fe9c05,0x0000,MEMORY READ,,,,,,,7,7,7,1,1,1,1,,,,,,,,,,,,,,,,,
layer_18,133,LOAD WGT,LOAD,0,0,0,1,1,1,0,0,pc=133 LOAD WGT,,,,,,,,,0x006110bd,0x0000,MEMORY READ,,,,,,,16,9,288,0,0,0,0,,,,,,,,,,,,,,,,,
layer_18,134,LOAD INP,LOAD,0,1,0,0,1,0,0,0,pc=134 LOAD INP,,,,,,,,,0x05fe9c05,0x0051,MEMORY READ,,,,,,,7,7,7,1,1,1,1,,,,,,,,,,,,,,,,,
layer_18,135,LOAD WGT,LOAD,0,0,0,1,2,0,0,0,pc=135 LOAD WGT,,,,,,,,,0x006122bd,0x0090,MEMORY READ,,,,,,,16,9,288,0,0,0,0,,,,,,,,,,,,,,,,,
layer_18,136,GEMM,COMPUTE,1,0,1,0,1,1,0,0,pc=136 GEMM,,,,,,,,,,,,,,,,,,,,,,,,,0,14,350,7,0,1,1,3,1,1,0,,,,,,
layer_18,137,GEMM,COMPUTE,1,0,1,0,0,2,0,0,pc=137 GEMM,,,,,,,,,,,,,,,,,,,,,,,,,0,350,686,7,0,1,1,3,1,1,0,,,,,,
layer_18,138,LOAD INP,LOAD,0,1,0,0,0,1,0,0,pc=138 LOAD INP,,,,,,,,,0x05fe9c36,0x0000,MEMORY READ,,,,,,,7,7,7,1,1,1,1,,,,,,,,,,,,,,,,,
layer_18,139,LOAD WGT,LOAD,0,0,0,1,1,1,0,0,pc=139 LOAD WGT,,,,,,,,,0x006110c6,0x0000,MEMORY READ,,,,,,,16,9,288,0,0,0,0,,,,,,,,,,,,,,,,,
layer_18,140,LOAD INP,LOAD,0,1,0,0,1,0,0,0,pc=140 LOAD INP,,,,,,,,,0x05fe9c36,0x0051,MEMORY READ,,,,,,,7,7,7,1,1,1,1,,,,,,,,,,,,,,,,,
layer_18,141,LOAD WGT,LOAD,0,0,0,1,2,0,0,0,pc=141 LOAD WGT,,,,,,,,,0x006122c6,0x0090,MEMORY READ,,,,,,,16,9,288,0,0,0,0,,,,,,,,,,,,,,,,,
layer_18,142,GEMM,COMPUTE,1,0,1,0,1,1,0,0,pc=142 GEMM,,,,,,,,,,,,,,,,,,,,,,,,,0,14,350,7,0,1,1,3,1,1,0,,,,,,
layer_18,143,GEMM,COMPUTE,1,0,1,0,0,2,0,0,pc=143 GEMM,,,,,,,,,,,,,,,,,,,,,,,,,0,350,686,7,0,1,1,3,1,1,0,,,,,,
layer_18,144,LOAD INP,LOAD,0,1,0,0,0,1,0,0,pc=144 LOAD INP,,,,,,,,,0x05fe9c67,0x0000,MEMORY READ,,,,,,,7,7,7,1,1,1,1,,,,,,,,,,,,,,,,,
layer_18,145,LOAD WGT,LOAD,0,0,0,1,1,1,0,0,pc=145 LOAD WGT,,,,,,,,,0x006110cf,0x0000,MEMORY READ,,,,,,,16,9,288,0,0,0,0,,,,,,,,,,,,,,,,,
layer_18,146,LOAD INP,LOAD,0,1,0,0,1,0,0,0,pc=146 LOAD INP,,,,,,,,,0x05fe9c67,0x0051,MEMORY READ,,,,,,,7,7,7,1,1,1,1,,,,,,,,,,,,,,,,,
layer_18,147,LOAD WGT,LOAD,0,0,0,1,2,0,0,0,pc=147 LOAD WGT,,,,,,,,,0x006122cf,0x0090,MEMORY READ,,,,,,,16,9,288,0,0,0,0,,,,,,,,,,,,,,,,,
layer_18,148,GEMM,COMPUTE,1,0,1,0,1,1,0,0,pc=148 GEMM,,,,,,,,,,,,,,,,,,,,,,,,,0,14,350,7,0,1,1,3,1,1,0,,,,,,
layer_18,149,GEMM,COMPUTE,1,0,1,0,0,2,0,0,pc=149 GEMM,,,,,,,,,,,,,,,,,,,,,,,,,0,350,686,7,0,1,1,3,1,1,0,,,,,,
layer_18,150,LOAD INP,LOAD,0,1,0,0,0,1,0,0,pc=150 LOAD INP,,,,,,,,,0x05fe9c98,0x0000,MEMORY READ,,,,,,,7,7,7,1,1,1,1,,,,,,,,,,,,,,,,,
layer_18,151,LOAD WGT,LOAD,0,0,0,1,1,1,0,0,pc=151 LOAD WGT,,,,,,,,,0x006110d8,0x0000,MEMORY READ,,,,,,,16,9,288,0,0,0,0,,,,,,,,,,,,,,,,,
layer_18,152,LOAD INP,LOAD,0,1,0,0,1,0,0,0,pc=152 LOAD INP,,,,,,,,,0x05fe9c98,0x0051,MEMORY READ,,,,,,,7,7,7,1,1,1,1,,,,,,,,,,,,,,,,,
layer_18,153,LOAD WGT,LOAD,0,0,0,1,2,0,0,0,pc=153 LOAD WGT,,,,,,,,,0x006122d8,0x0090,MEMORY READ,,,,,,,16,9,288,0,0,0,0,,,,,,,,,,,,,,,,,
layer_18,154,GEMM,COMPUTE,1,0,1,0,1,1,0,0,pc=154 GEMM,,,,,,,,,,,,,,,,,,,,,,,,,0,14,350,7,0,1,1,3,1,1,0,,,,,,
layer_18,155,GEMM,COMPUTE,1,0,1,0,0,2,0,0,pc=155 GEMM,,,,,,,,,,,,,,,,,,,,,,,,,0,350,686,7,0,1,1,3,1,1,0,,,,,,
layer_18,156,LOAD INP,LOAD,0,1,0,0,0,1,0,0,pc=156 LOAD INP,,,,,,,,,0x05fe9cc9,0x0000,MEMORY READ,,,,,,,7,7,7,1,1,1,1,,,,,,,,,,,,,,,,,
layer_18,157,LOAD WGT,LOAD,0,0,0,1,1,1,0,0,pc=157 LOAD WGT,,,,,,,,,0x006110e1,0x0000,MEMORY READ,,,,,,,16,9,288,0,0,0,0,,,,,,,,,,,,,,,,,
layer_18,158,LOAD INP,LOAD,0,1,0,0,1,0,0,0,pc=158 LOAD INP,,,,,,,,,0x05fe9cc9,0x0051,MEMORY READ,,,,,,,7,7,7,1,1,1,1,,,,,,,,,,,,,,,,,
layer_18,159,LOAD WGT,LOAD,0,0,0,1,2,0,0,0,pc=159 LOAD WGT,,,,,,,,,0x006122e1,0x0090,MEMORY READ,,,,,,,16,9,288,0,0,0,0,,,,,,,,,,,,,,,,,
layer_18,160,GEMM,COMPUTE,1,0,1,0,1,1,0,0,pc=160 GEMM,,,,,,,,,,,,,,,,,,,,,,,,,0,14,350,7,0,1,1,3,1,1,0,,,,,,
layer_18,161,GEMM,COMPUTE,1,0,1,0,0,2,0,0,pc=161 GEMM,,,,,,,,,,,,,,,,,,,,,,,,,0,350,686,7,0,1,1,3,1,1,0,,,,,,
layer_18,162,LOAD INP,LOAD,0,1,0,0,0,1,0,0,pc=162 LOAD INP,,,,,,,,,0x05fe9cfa,0x0000,MEMORY READ,,,,,,,7,7,7,1,1,1,1,,,,,,,,,,,,,,,,,
layer_18,163,LOAD WGT,LOAD,0,0,0,1,1,1,0,0,pc=163 LOAD WGT,,,,,,,,,0x006110ea,0x0000,MEMORY READ,,,,,,,16,9,288,0,0,0,0,,,,,,,,,,,,,,,,,
layer_18,164,LOAD INP,LOAD,0,1,0,0,1,0,0,0,pc=164 LOAD INP,,,,,,,,,0x05fe9cfa,0x0051,MEMORY READ,,,,,,,7,7,7,1,1,1,1,,,,,,,,,,,,,,,,,
layer_18,165,LOAD WGT,LOAD,0,0,0,1,2,0,0,0,pc=165 LOAD WGT,,,,,,,,,0x006122ea,0x0090,MEMORY READ,,,,,,,16,9,288,0,0,0,0,,,,,,,,,,,,,,,,,
layer_18,166,GEMM,COMPUTE,1,0,1,0,1,1,0,0,pc=166 GEMM,,,,,,,,,,,,,,,,,,,,,,,,,0,14,350,7,0,1,1,3,1,1,0,,,,,,
layer_18,167,GEMM,COMPUTE,1,0,1,0,0,2,0,0,pc=167 GEMM,,,,,,,,,,,,,,,,,,,,,,,,,0,350,686,7,0,1,1,3,1,1,0,,,,,,
layer_18,168,LOAD INP,LOAD,0,1,0,0,0,1,0,0,pc=168 LOAD INP,,,,,,,,,0x05fe9d2b,0x0000,MEMORY READ,,,,,,,7,7,7,1,1,1,1,,,,,,,,,,,,,,,,,
layer_18,169,LOAD WGT,LOAD,0,0,0,1,1,1,0,0,pc=169 LOAD WGT,,,,,,,,,0x006110f3,0x0000,MEMORY READ,,,,,,,16,9,288,0,0,0,0,,,,,,,,,,,,,,,,,
layer_18,170,LOAD INP,LOAD,0,1,0,0,1,0,0,0,pc=170 LOAD INP,,,,,,,,,0x05fe9d2b,0x0051,MEMORY READ,,,,,,,7,7,7,1,1,1,1,,,,,,,,,,,,,,,,,
layer_18,171,LOAD WGT,LOAD,0,0,0,1,2,0,0,0,pc=171 LOAD WGT,,,,,,,,,0x006122f3,0x0090,MEMORY READ,,,,,,,16,9,288,0,0,0,0,,,,,,,,,,,,,,,,,
layer_18,172,GEMM,COMPUTE,1,0,1,0,1,1,0,0,pc=172 GEMM,,,,,,,,,,,,,,,,,,,,,,,,,0,14,350,7,0,1,1,3,1,1,0,,,,,,
layer_18,173,GEMM,COMPUTE,1,0,1,0,0,2,0,0,pc=173 GEMM,,,,,,,,,,,,,,,,,,,,,,,,,0,350,686,7,0,1,1,3,1,1,0,,,,,,
layer_18,174,LOAD INP,LOAD,0,1,0,0,0,1,0,0,pc=174 LOAD INP,,,,,,,,,0x05fe9d5c,0x0000,MEMORY READ,,,,,,,7,7,7,1,1,1,1,,,,,,,,,,,,,,,,,
layer_18,175,LOAD WGT,LOAD,0,0,0,1,1,1,0,0,pc=175 LOAD WGT,,,,,,,,,0x006110fc,0x0000,MEMORY READ,,,,,,,16,9,288,0,0,0,0,,,,,,,,,,,,,,,,,
layer_18,176,LOAD INP,LOAD,0,1,0,0,1,0,0,0,pc=176 LOAD INP,,,,,,,,,0x05fe9d5c,0x0051,MEMORY READ,,,,,,,7,7,7,1,1,1,1,,,,,,,,,,,,,,,,,
layer_18,177,LOAD WGT,LOAD,0,0,0,1,2,0,0,0,pc=177 LOAD WGT,,,,,,,,,0x006122fc,0x0090,MEMORY READ,,,,,,,16,9,288,0,0,0,0,,,,,,,,,,,,,,,,,
layer_18,178,GEMM,COMPUTE,1,0,1,0,1,1,0,0,pc=178 GEMM,,,,,,,,,,,,,,,,,,,,,,,,,0,14,350,7,0,1,1,3,1,1,0,,,,,,
layer_18,179,GEMM,COMPUTE,1,0,1,0,0,2,0,0,pc=179 GEMM,,,,,,,,,,,,,,,,,,,,,,,,,0,350,686,7,0,1,1,3,1,1,0,,,,,,
layer_18,180,LOAD INP,LOAD,0,1,0,0,0,1,0,0,pc=180 LOAD INP,,,,,,,,,0x05fe9d8d,0x0000,MEMORY READ,,,,,,,7,7,7,1,1,1,1,,,,,,,,,,,,,,,,,
layer_18,181,LOAD WGT,LOAD,0,0,0,1,1,1,0,0,pc=181 LOAD WGT,,,,,,,,,0x00611105,0x0000,MEMORY READ,,,,,,,16,9,288,0,0,0,0,,,,,,,,,,,,,,,,,
layer_18,182,LOAD INP,LOAD,0,1,0,0,1,0,0,0,pc=182 LOAD INP,,,,,,,,,0x05fe9d8d,0x0051,MEMORY READ,,,,,,,7,7,7,1,1,1,1,,,,,,,,,,,,,,,,,
layer_18,183,LOAD WGT,LOAD,0,0,0,1,2,0,0,0,pc=183 LOAD WGT,,,,,,,,,0x00612305,0x0090,MEMORY READ,,,,,,,16,9,288,0,0,0,0,,,,,,,,,,,,,,,,,
layer_18,184,GEMM,COMPUTE,1,0,1,0,1,1,0,0,pc=184 GEMM,,,,,,,,,,,,,,,,,,,,,,,,,0,14,350,7,0,1,1,3,1,1,0,,,,,,
layer_18,185,GEMM,COMPUTE,1,0,1,0,0,2,0,0,pc=185 GEMM,,,,,,,,,,,,,,,,,,,,,,,,,0,350,686,7,0,1,1,3,1,1,0,,,,,,
layer_18,186,LOAD INP,LOAD,0,1,0,0,0,1,0,0,pc=186 LOAD INP,,,,,,,,,0x05fe9dbe,0x0000,MEMORY READ,,,,,,,7,7,7,1,1,1,1,,,,,,,,,,,,,,,,,
layer_18,187,LOAD WGT,LOAD,0,0,0,1,1,1,0,0,pc=187 LOAD WGT,,,,,,,,,0x0061110e,0x0000,MEMORY READ,,,,,,,16,9,288,0,0,0,0,,,,,,,,,,,,,,,,,
layer_18,188,LOAD INP,LOAD,0,1,0,0,1,0,0,0,pc=188 LOAD INP,,,,,,,,,0x05fe9dbe,0x0051,MEMORY READ,,,,,,,7,7,7,1,1,1,1,,,,,,,,,,,,,,,,,
layer_18,189,LOAD WGT,LOAD,0,0,0,1,2,0,0,0,pc=189 LOAD WGT,,,,,,,,,0x0061230e,0x0090,MEMORY READ,,,,,,,16,9,288,0,0,0,0,,,,,,,,,,,,,,,,,
layer_18,190,GEMM,COMPUTE,1,0,1,0,1,1,0,0,pc=190 GEMM,,,,,,,,,,,,,,,,,,,,,,,,,0,14,350,7,0,1,1,3,1,1,0,,,,,,
layer_18,191,GEMM,COMPUTE,1,0,1,0,0,2,0,0,pc=191 GEMM,,,,,,,,,,,,,,,,,,,,,,,,,0,350,686,7,0,1,1,3,1,1,0,,,,,,
layer_18,192,LOAD INP,LOAD,0,1,0,0,0,1,0,0,pc=192 LOAD INP,,,,,,,,,0x05fe9def,0x0000,MEMORY READ,,,,,,,7,7,7,1,1,1,1,,,,,,,,,,,,,,,,,
layer_18,193,LOAD WGT,LOAD,0,0,0,1,1,1,0,0,pc=193 LOAD WGT,,,,,,,,,0x00611117,0x0000,MEMORY READ,,,,,,,16,9,288,0,0,0,0,,,,,,,,,,,,,,,,,
layer_18,194,LOAD INP,LOAD,0,1,0,0,1,0,0,0,pc=194 LOAD INP,,,,,,,,,0x05fe9def,0x0051,MEMORY READ,,,,,,,7,7,7,1,1,1,1,,,,,,,,,,,,,,,,,
layer_18,195,LOAD WGT,LOAD,0,0,0,1,2,0,0,0,pc=195 LOAD WGT,,,,,,,,,0x00612317,0x0090,MEMORY READ,,,,,,,16,9,288,0,0,0,0,,,,,,,,,,,,,,,,,
layer_18,196,GEMM,COMPUTE,1,0,1,0,1,1,0,0,pc=196 GEMM,,,,,,,,,,,,,,,,,,,,,,,,,0,14,350,7,0,1,1,3,1,1,0,,,,,,
layer_18,197,GEMM,COMPUTE,1,0,1,0,0,2,0,0,pc=197 GEMM,,,,,,,,,,,,,,,,,,,,,,,,,0,350,686,7,0,1,1,3,1,1,0,,,,,,
layer_18,198,NOP-MEMORY-STAGE,LOAD,0,1,0,0,0,1,0,0,pc=198 NOP-MEMORY-STAGE,,,,,,,,,,,,,,,,,,,,,,,,,,,,,,,,,,,,,,,,,
layer_18,199,LOAD ACC,COMPUTE,0,0,0,0,0,1,0,0,pc=199 LOAD ACC,,,,,,,,,0x01661000,0x0310,MEMORY READ,,,,,,,1,16,16,0,0,0,0,,,,,,,,,,,,,,,,,
layer_18,200,LOAD UOP,COMPUTE,0,0,0,0,0,1,0,0,pc=200 LOAD UOP,,,,,,,,,0x185802ae,0x02ae,MEMORY READ,,,,,,,1,1,1,0,0,0,0,,,,,,,,,,,,,,,,,
layer_18,201,ALU - add,COMPUTE,0,0,0,0,0,1,0,0,pc=201 ALU - add,,,,,,,,,,,,,,,,,,,,,,,,,0,686,687,,,,,,,,,16,49,1,49,1,0
layer_18,202,LOAD UOP,COMPUTE,0,0,0,0,0,1,0,0,pc=202 LOAD UOP,,,,,,,,,0x185802af,0x02af,MEMORY READ,,,,,,,1,1,1,0,0,0,0,,,,,,,,,,,,,,,,,
layer_18,203,ALU - add imm,COMPUTE,0,0,0,0,0,1,0,0,pc=203 ALU - add imm,,,,,,,,,,,,,,,,,,,,,,,,,0,687,688,,,,,,,,,1,0,0,784,1,1
layer_18,204,LOAD UOP,COMPUTE,0,0,0,0,0,1,0,0,pc=204 LOAD UOP,,,,,,,,,0x185802b0,0x02b0,MEMORY READ,,,,,,,1,1,1,0,0,0,0,,,,,,,,,,,,,,,,,
layer_18,205,ALU - shr,COMPUTE,0,0,0,0,0,1,0,0,pc=205 ALU - shr,,,,,,,,,,,,,,,,,,,,,,,,,0,688,689,,,,,,,,,1,0,0,784,1,1
layer_18,206,LOAD UOP,COMPUTE,0,0,0,0,0,1,0,0,pc=206 LOAD UOP,,,,,,,,,0x185802b1,0x02b1,MEMORY READ,,,,,,,1,1,1,0,0,0,0,,,,,,,,,,,,,,,,,
layer_18,207,ALU - min imm,COMPUTE,0,0,0,0,0,1,0,0,pc=207 ALU - min imm,,,,,,,,,,,,,,,,,,,,,,,,,0,689,690,,,,,,,,,1,0,0,784,1,1
layer_18,208,LOAD UOP,COMPUTE,0,0,0,0,0,1,0,0,pc=208 LOAD UOP,,,,,,,,,0x185802b2,0x02b2,MEMORY READ,,,,,,,1,1,1,0,0,0,0,,,,,,,,,,,,,,,,,
layer_18,209,ALU - max imm,COMPUTE,0,0,0,1,0,1,0,1,pc=209 ALU - max imm,,,,,,,,,,,,,,,,,,,,,,,,,0,690,691,,,,,,,,,1,0,0,784,1,1
layer_18,210,LOAD ACC,COMPUTE,0,0,0,0,0,1,0,1,pc=210 LOAD ACC,,,,,,,,,0x01661010,0x0630,MEMORY READ,,,,,,,1,16,16,0,0,0,0,,,,,,,,,,,,,,,,,
layer_18,211,LOAD UOP,COMPUTE,0,0,0,0,0,1,0,1,pc=211 LOAD UOP,,,,,,,,,0x185802b3,0x02b3,MEMORY READ,,,,,,,1,1,1,0,0,0,0,,,,,,,,,,,,,,,,,
layer_18,212,ALU - add,COMPUTE,0,0,0,0,0,1,0,1,pc=212 ALU - add,,,,,,,,,,,,,,,,,,,,,,,,,0,691,692,,,,,,,,,16,49,1,49,1,0
layer_18,213,LOAD UOP,COMPUTE,0,0,0,0,0,1,0,1,pc=213 LOAD UOP,,,,,,,,,0x185802b4,0x02b4,MEMORY READ,,,,,,,1,1,1,0,0,0,0,,,,,,,,,,,,,,,,,
layer_18,214,ALU - add imm,COMPUTE,0,0,0,0,0,1,0,1,pc=214 ALU - add imm,,,,,,,,,,,,,,,,,,,,,,,,,0,692,693,,,,,,,,,1,0,0,784,1,1
layer_18,215,LOAD UOP,COMPUTE,0,0,0,0,0,1,0,1,pc=215 LOAD UOP,,,,,,,,,0x185802b5,0x02b5,MEMORY READ,,,,,,,1,1,1,0,0,0,0,,,,,,,,,,,,,,,,,
layer_18,216,ALU - shr,COMPUTE,0,0,0,0,0,1,0,1,pc=216 ALU - shr,,,,,,,,,,,,,,,,,,,,,,,,,0,693,694,,,,,,,,,1,0,0,784,1,1
layer_18,217,LOAD UOP,COMPUTE,0,0,0,0,0,1,0,1,pc=217 LOAD UOP,,,,,,,,,0x185802b6,0x02b6,MEMORY READ,,,,,,,1,1,1,0,0,0,0,,,,,,,,,,,,,,,,,
layer_18,218,ALU - min imm,COMPUTE,0,0,0,0,0,1,0,1,pc=218 ALU - min imm,,,,,,,,,,,,,,,,,,,,,,,,,0,694,695,,,,,,,,,1,0,0,784,1,1
layer_18,219,LOAD UOP,COMPUTE,0,0,0,0,0,1,0,1,pc=219 LOAD UOP,,,,,,,,,0x185802b7,0x02b7,MEMORY READ,,,,,,,1,1,1,0,0,0,0,,,,,,,,,,,,,,,,,
layer_18,220,ALU - max imm,COMPUTE,0,0,0,1,0,1,0,2,pc=220 ALU - max imm,,,,,,,,,,,,,,,,,,,,,,,,,0,695,696,,,,,,,,,1,0,0,784,1,1
layer_18,221,STORE,STORE,1,0,0,0,0,1,0,1,pc=221 STORE,,,,,,,,,0x05fea000,0x0000,MEMORY WRITE,,,,,,,1,784,784,0,0,0,0,,,,,,,,,,,,,,,,,
layer_18,222,STORE,STORE,1,0,1,0,0,1,1,0,pc=222 STORE,,,,,,,,,0x05fea310,0x0320,MEMORY WRITE,,,,,,,1,784,784,0,0,0,0,,,,,,,,,,,,,,,,,
layer_18,223,NOP-MEMORY-STAGE,LOAD,0,1,0,0,0,0,1,0,pc=223 NOP-MEMORY-STAGE,,,,,,,,,,,,,,,,,,,,,,,,,,,,,,,,,,,,,,,,,
layer_18,224,NOP-MEMORY-STAGE,LOAD,0,0,0,1,1,0,1,0,pc=224 NOP-MEMORY-STAGE,,,,,,,,,,,,,,,,,,,,,,,,,,,,,,,,,,,,,,,,,
layer_18,225,NOP-COMPUTE-STAGE,COMPUTE,1,1,0,0,0,0,0,0,pc=225 NOP-COMPUTE-STAGE,,,,,,,,,,,,,,,,,,,,,,,,,,,,,,,,,,,,,,,,,
layer_18,226,FINISH,COMPUTE,,,,,0,0,0,0,pc=226 FINISH,,,,,,,,,,,,,,,,,,,,,,,,,,,,,,,,,,,,,,,,,
